,Model,mean-error,dils_AIS,dils_std_AIS,dils_min_AIS,dils_max_AIS,parameterization,dils_Amundsen,dils_std_Amundsen,dils_min_Amundsen,dils_max_Amundsen,dils_Ross,dils_std_Ross,dils_min_Ross,dils_max_Ross,dils_FilchnerRonne,dils_std_FilchnerRonne,dils_min_FilchnerRonne,dils_max_FilchnerRonne,dils_Aurora,dils_std_Aurora,dils_min_Aurora,dils_max_Aurora,dils_Wilkes,dils_std_Wilkes,dils_min_Wilkes,dils_max_Wilkes
0,DC_ISSM,1000000000000000.0,0.8553300904491437,0.3385606434519871,0.5003944831287931,1.4014501772351664,,0.9950474016990781,0.056925402523635434,0.8803989764835521,1.0237615383918497,1.7779370679176898,0.3884721892014051,0.9632738826382284,1.964270822260756,1.1527446197244628,0.15159394685337232,0.9946204868975268,1.3952907744536012,0.24196570470935058,0.19589037882457372,0.1384310709771742,0.6484900737640571,0.7365030189592956,0.16243184941064615,0.6176164021666231,1.0521260291749968
1,IGE_ElmerIce,1000000000000000.0,0.6147634633446524,0.06643292861703236,0.5551952437910698,0.7327518397311177,,1.209414408232869,0.13449891588400015,1.0503201676621725,1.3620367855655762,0.8899629723889704,0.24458737416321596,0.6232367369985343,1.2980530448442311,0.7836192482335878,0.12103792883558262,0.6706023494088638,0.9870740777566546,0.7876688694999947,0.422540169926327,0.4463511914996504,1.5944846113883502,1.1301525027496133,0.3808397506189067,0.8189728440057685,1.846538942932262
2,ILTS_SICOPOLIS,1000000000000000.0,0.7122195686853845,0.0878191035491014,0.6037688764522159,0.8439684329378583,,0.4434159626250927,0.05810039512320191,0.4196651991114647,0.5661492400653907,1.0050436849741453,0.1755674491834294,0.8393260254847693,1.2968858259981912,0.5375497064085331,0.09192209210098204,0.3261222085797076,0.5400817634856724,0.5197439085341391,0.18828949444603812,0.34075251257981,0.781414493650843,1.118557241941261,0.5457537103109775,0.3064602464651642,1.8273932493792828
3,LSCE_GRISLI2,1000000000000000.0,1.2042998704505865,0.05987203631652928,1.0811166254486182,1.2321471111824904,,1.9540776559639754,0.050956006518457414,1.8627977109659977,1.9951772323147647,1.3769037082312179,0.1624970483055768,1.100571223373113,1.5493797188448453,1.2505651111029055,0.1011175235889714,1.2227947046076062,1.4712749792095554,5.101923314801842,1.6247189181782467,1.6446474920746763,5.649227401346583,1.5321705640821275,0.42861519137124404,0.7413921352725841,1.8977417297291592
4,LSCE_GRISLI,1000000000000000.0,1.2356160919317234,0.14698737293978262,1.0617922166111515,1.4738494178934731,,0.3401066671274737,0.06271212396003975,0.2642739987627954,0.419968396624575,1.0733898781196318,0.16305496760783633,0.7976607494655776,1.2134296128030286,1.3056541944052462,0.3178646403927301,0.8428711670828106,1.741497816704781,1.1005823168121862,0.2772720236219349,0.6285962107142705,1.3873791291005138,1.1928383133016771,0.4398344585662468,0.7168853600387621,1.652115066211685
5,NCAR_CISM1,1000000000000000.0,1.3092657921461959,0.2594816716369078,0.8317492979174081,1.5455693435019031,,1.3619948249836433,0.25790362705994985,1.1522050516832103,1.853710453317823,1.8168927188005701,0.3088120383302306,1.1712087938818447,1.953325284262167,1.265740801645297,0.1898028513531396,0.9755488137720436,1.41446535195856,1.8122762661055716,0.4362966533626442,1.4482483187921762,2.6381558020659037,1.2676015693453042,1.990288361784477,0.3803966208083292,5.474473052098061
6,NCAR_CISM2,1000000000000000.0,1.0058693238099177,0.1822769769185824,0.9005202995741326,1.3796872464810854,,0.7075820742044072,0.36438888626040533,0.4753818537989462,1.384205041900763,1.1981968663759353,0.26869908502082623,0.8838193799239662,1.610641541628376,1.0641424403473734,0.059951652806744415,0.9932974626374214,1.1307510994629415,0.6405617237111152,0.13036296305348083,0.4647864328352262,0.8183895356161094,0.6672266346545612,0.40270855811970657,0.1373988824767612,1.1941146645099665
7,NORCE_CISM2-MAR364-ERA-t1,1000000000000000.0,1.0915493929344668,0.11624606834039274,0.9282753220152088,1.2499447130248829,,0.8372311044729148,0.2924015500872287,0.3187381490154464,1.092164782340282,1.104287314219909,0.2466690185291905,0.6924372001989035,1.3836389555594382,1.0033621433710072,0.06527319923365574,0.8839034831708701,1.0562118544196624,0.6277617737330845,0.07842829737312386,0.5353378397572709,0.7555606786824347,0.6116626661635614,0.367734524924854,0.160296820060969,1.161475272388074
8,NORCE_CISM3-MAR364-ERA-t1-local,1000000000000000.0,1.330309410633855,0.25826965177547295,0.8975896816612412,1.5815212172832538,,1.0208133475500705,0.24722142934865105,0.7475069651795441,1.4286001769963963,1.5715465942806128,0.4041587494687953,0.7473163379160234,1.7774985216964838,1.3065382666001912,0.1455453077237925,1.1281597400692651,1.5190669766658274,0.8157584454112815,0.39023899759369374,0.33695508234219,1.4336315332267129,0.8991806816763597,0.44308774978688853,0.4016282277768561,1.5896638418970357
9,NORCE_CISM3-MAR364-ERA-t1-nonlocal,1000000000000000.0,1.519686720247766,0.31108190608020897,0.8989322615815849,1.6873429583766455,,1.0662719969807952,0.1247939281798123,0.881352914257326,1.2315339307454585,1.7335650291558609,0.4067052681607882,0.8918512697857053,1.9352875069905553,1.4495684923029835,0.21542481433419053,1.116813309020819,1.618685307392291,1.089938925101788,0.3406658229351092,0.4121675114283983,1.3037306598413174,1.0012325433408304,0.3812092499127545,0.5081086890188635,1.5595170103538902
10,NORCE_CISM3-MAR364-ERA-t1,1000000000000000.0,1.1056962878264767,0.17444011741705434,0.8493835913519268,1.337940968069811,,0.7700216391979511,0.2233217711636286,0.3050843960520614,0.8851109222994357,1.3055733940592398,0.34980776122488716,0.6937544521150756,1.6597098322798032,0.9861876607409423,0.04624068382026698,0.9291665129753356,1.0476864416192226,0.5002278639895907,0.13307214810843276,0.4168382498668506,0.7577937996193977,0.7133693349148658,0.3489741327067427,0.5071461851318412,1.4255193281014078
11,NORCE_CISM4-MAR364-ERA-t1-local,1000000000000000.0,1.2695136321681746,0.2797597867383282,0.8759694139195134,1.6355748612153935,,1.079284952572569,0.18996848247112924,0.8658340498141477,1.3932850391858478,1.5595333764872232,0.4025810553170675,0.7537999076927099,1.7875417256721653,1.1067655043942004,0.15374020589568088,0.9311555235726358,1.3581526412085614,0.9452847995502196,0.12626637810240368,0.8655185080117422,1.1876793124716432,1.451018417066738,0.7742201206921675,0.3414647806491497,2.3072504960366538
12,NORCE_CISM4-MAR364-ERA-t1-nonlocal,1000000000000000.0,1.4437519499758669,0.30885134393100144,0.8884872538478374,1.7095664545629334,,0.9786583112729024,0.14366378557428494,0.7997369226431081,1.1664069061912856,1.7350797021948783,0.4279499026572204,0.8517759088731123,1.946269549597587,1.271772064218262,0.21024219089202262,0.9740243266614796,1.4943426964533804,1.0064991688580938,0.048104490208416485,0.98708876606754,1.108657560035774,1.317144336673385,0.7575458803637848,0.3682580658462913,2.3684005663773697
13,NORCE_CISM4-MAR364-ERA-t1,1000000000000000.0,1.2067733915021939,0.22471817848659495,0.8002440638219447,1.404137309121626,,0.9741802233199903,0.27274378778498376,0.4949392084371246,1.2507599066796171,1.4417857300632269,0.35707249929521556,0.7869048775921591,1.7676047759470306,0.9416757042297266,0.03280403666734407,0.919992411150793,1.0001420344333445,0.6078460125996017,0.12325649854001988,0.5132777186541573,0.805468881330312,1.4501579355108836,0.46996732447178,0.6077332784840014,1.9085472598069335
14,NORCE_CISM4-MAR364-JRA-t1,1000000000000000.0,1.1578963872287056,0.20807867506662828,0.7842141434225742,1.3383528702508642,,1.0128007949021391,0.2498407726275842,0.57168199909791,1.2644565397506256,1.2805892058509727,0.4161958722431911,0.4797466709361641,1.6074142096521822,0.9260541854707636,0.03328739280121317,0.9192955159588112,1.0002300723774653,0.5769047211272058,0.11296949929333573,0.4828206687702914,0.7502966101801027,1.5357502806138799,0.4531336777856724,0.6917759673706747,1.918203858181639
15,NORCE_CISM5-MAR364-ERA-t1-local,1000000000000000.0,1.2218279853569944,0.28378161201140395,0.7977792226057268,1.5599485669034627,,1.1501617050417066,0.17162272536946055,0.9969525581933192,1.46815302499857,1.475045598529416,0.4424270123908603,0.6339871582349812,1.7960757724957797,1.0581925052620695,0.16555530978688363,0.94866540570965,1.372598559284658,0.4556250596023149,0.3150772581819514,0.2149165072551571,1.0327412411120795,1.6482902265029327,0.54906594380461,1.188523392536526,2.6859782490230084
16,NORCE_CISM5-MAR364-ERA-t1-nonlocal,1000000000000000.0,1.3221771050720692,0.29061176932461474,0.8136857941595821,1.5860461978256055,,0.9676639090256226,0.181041399254566,0.7028790318901958,1.2139765763414574,1.7258724325977775,0.4591699847968769,0.8185081893026521,2.035796887639487,1.3091526725211584,0.21414097984044095,0.9270452735616156,1.4678267722769414,0.5600250346580516,0.2578344633677424,0.3763798422746444,1.0276929008383893,2.0371801359252406,0.5773488314330919,1.421535224504198,2.7038950466932032
17,NORCE_CISM5-MAR364-ERA-t1,1000000000000000.0,1.1816524398261246,0.25085962738010725,0.7834489056046055,1.4428758987553745,,1.2368740564129082,0.39196106890245747,0.8554303889948717,1.9396917047581703,1.3510261840468338,0.549719121431188,0.3243361688250301,1.7908243628711091,0.9482643306882195,0.09116188420164782,0.8742069086532199,1.0938999561973115,0.9896383594127242,0.10837012915643408,0.9204604576571398,1.1938345426183927,2.4575372847883603,0.5145752352230555,1.6822356603975976,3.1292982993874148
18,PIK_PISM,1000000000000000.0,1.138376412285537,0.09278284175986819,1.0941124489684542,1.3329918164267658,,1.3252096924355783,0.17739879147204368,1.084410175135527,1.5677421838937562,1.5668226971320292,0.20648174330498023,1.3679375209722946,1.915932893894116,1.805984897493099,0.08689027220056832,1.693295691493943,1.93369632492703,0.6670600489266253,0.06813678760368543,0.5845239405470392,0.7589579998546668,0.30437156721849257,0.09866606609019207,0.134317438056834,0.3814872326072056
19,UCM_Yelmo,1000000000000000.0,1.6349497349754483,0.24915658855126563,1.1682940720254218,1.8196472948934297,,2.3128993667235367,0.14580434890110455,2.0211670787858234,2.3834999831849504,2.0546291253126814,0.1665505585386621,1.7328557477191104,2.1712557064047355,1.5796278551860246,0.19103595425890674,1.32843735137034,1.8464494969601437,3.959466635713563,0.8065114459222559,2.539055927723736,4.483664286542738,2.3576247585063284,0.9290864499743102,0.7092778591826527,3.1494320262010564
20,UCSD_ISSM,1000000000000000.0,0.7131840190264165,0.05541689110180279,0.6311053480140757,0.7579326982781722,,1.102263705146877,0.2408734602474178,0.8804764166458988,1.5426896859253707,0.334220123927195,0.7293953288593873,0.0444595970419578,1.8881278288310988,0.5732226548653926,0.1605641360688416,0.2395346031123002,0.6492035671320985,0.34046614531297936,0.15228309767575643,0.1020919421433078,0.5291380422797544,0.40814988194579016,0.24324648241982405,0.2078280324113056,0.8703546577174606
21,ULB_fETISh-KoriBU1,1000000000000000.0,0.7245750512010928,0.1534546295671549,0.4361244583819821,0.8101381102841796,,1.0845453332017065,0.23336315340006072,0.7556496734904505,1.386381004599976,0.46154427519729774,0.10776484880483321,0.3470793541266275,0.6314794499486033,0.6314341195450159,0.16891165965316546,0.405484451774699,0.8161403263772993,0.796723774276525,0.08957512573074616,0.686296357010301,0.93839758149067,0.6682105350850678,0.35061877421181237,0.3081907398498612,1.0581472635553626
22,ULB_fETISh-KoriBU2,1000000000000000.0,0.88742645931682,0.18009623488388443,0.5658642165862573,1.0453890966260566,,0.49211148614069267,0.07282306874234232,0.3905782623829266,0.594105285636004,1.634568932496812,0.1584315941908739,1.5093460203377267,1.9190196608729428,1.0183057722270452,0.13059044311580034,0.864992244534458,1.2145222450419502,0.8316716961627799,0.07505877961042239,0.7269972888437416,0.9220240125497196,0.5638791731048607,0.26722958177638223,0.4107025508485012,1.0797370160248447
23,UNN_Ua,1000000000000000.0,1.0976362252355738,0.13379424992451705,0.8706750058868857,1.2127024283846213,,0.9127638592759693,0.24745044291997986,0.4043928994078827,1.0165156634899075,1.5696736037583432,0.5497309086824228,0.3927356378811595,1.7837997205009937,1.0564292315075337,0.09598966518544055,0.9363557677844924,1.2028238462078455,0.30037655778626576,0.3708670663663086,0.1739946032252649,1.101044581878369,0.7626135200755726,0.197270461250676,0.3510582744756681,0.8630410917645017
24,UTAS_ElmerIce,1000000000000000.0,1.0162335381938474,0.09605322776100321,0.891823620074142,1.1583591282261412,,2.022773529074588,0.5493718810956202,1.4434901156600204,2.972427159926033,1.674057733641431,0.41730229405547464,0.7377575568444025,1.7486081336486774,1.2459304815575474,0.14439808307677035,1.098912194310233,1.4923743649264338,0.571996703564805,0.14532320682124475,0.4439020204205782,0.8090190855553415,1.186933548995497,0.5467255446680566,0.5317747843544338,2.0557825835456742
25,VUB_AISMPALEO,1000000000000000.0,0.8296795272390968,0.8335661322740119,0.21917609715677,2.3995325050354235,,3.1790187643513783,1.4693631680707386,1.3794653879395555,5.43144507333933,0.44655987141573483,0.35592107513371407,0.1375991788020738,1.0143982716586346,0.5127784526273771,0.061493136488648854,0.4589901417382829,0.6269729352137312,3.7352688524227924,0.4813289108881819,2.82280454851525,4.112857206089992,4.171444260275575,0.6223805084035055,3.2016290956628453,4.752010650043684
26,VUW_PISM1,1000000000000000.0,1.0715915437221417,0.07952138422276309,0.9756682765200346,1.15536234018013,,1.2069788839942825,0.3518926096500341,0.9990433252131607,1.872728025964316,1.6281795536887536,0.2314039926419113,1.4837015161045697,2.095387515216429,1.1405693178556986,0.16153150995730933,0.8456873448426552,1.2908699315991894,0.930766707063545,0.32982923817733234,0.8968021582382727,1.6798652862114387,0.9787283911874556,0.2740531396344908,0.9187554758232186,1.5851744330592523
27,VUW_PISM1_s1,1000000000000000.0,1.0004837904709676,1.2600244943923316,0.9263182516668652,3.8846436849615342,,1.440605185175771,1.6171566523138463,0.8516092808382608,4.922403838265256,1.8163294589577617,1.0439307738293686,1.5536679688995003,4.09290225572227,1.1135052014301605,1.1592990161785648,0.7817927299577427,3.66117979367147,0.7356526488812403,1.4070581282243346,0.4936412124562317,3.895140379355095,1.4128393357789557,1.2421890807420302,1.1788917212709964,4.194495500150157
28,VUW_PISM1_s2,1000000000000000.0,1.09267329317904,0.07710920072708635,1.0272630315163307,1.2367919981737732,,1.2978484135278188,0.31171056220109916,1.046534790343142,1.804397926625691,1.6778719496496506,0.2264666882045102,1.5330219883665612,2.1341894945051414,1.2411085173431402,0.1654349507529499,0.9155746888376162,1.3600721619130176,1.075514124156376,0.24545482904886665,0.7147058495815034,1.3605381664440326,1.3349337338487088,0.7501077557851209,0.3855991411390757,2.2176818873250252
29,VUW_PISM1_s3,1000000000000000.0,1.1829455841744445,0.10514334949489408,1.0829993509507525,1.367351057904215,,1.5747736823799534,0.22114335098909008,1.09270833475617,1.6433748807809714,2.149121778351808,0.11606850480851885,1.9219551540216553,2.2061421629552544,1.3934164413078989,0.15641670275152392,1.0660624633797005,1.4688764531276082,0.9022398430516126,0.22206834965648137,0.5747111934839724,1.2024004553183294,1.4005988162332732,0.9230860625284442,0.6721953609402962,3.0235729718735236
30,VUW_PISM1_s4,1000000000000000.0,1.083888547335845,0.04910918013738761,1.014974734604023,1.1324827130955308,,1.147989186158668,0.12816653567605954,1.0329351629798509,1.3116067571707226,1.5624199403733918,0.17375086822692276,1.426083907397062,1.897001706156854,1.124305296270645,0.1387612515746343,0.8913432664883264,1.2715205137145384,0.9253861275988953,0.3212913017324549,0.6210059452937248,1.5049958763261233,0.9341411913763543,0.3247193176289291,0.4866441740247236,1.3998156580139158
31,VUW_PISM2,1000000000000000.0,1.10071784859152,0.08818995096942528,0.9464077640479626,1.1826322117140522,,0.9432759054392356,0.33264829205482827,0.2825262661458579,1.1268059575894167,1.7593364198589785,0.19151457474762476,1.4750054208329633,2.0113573188042,1.0643341987136554,0.12795052564174544,0.8186103497179665,1.1633146528532183,1.0684231520012983,0.1809666112667976,0.8956149311920026,1.388119435734834,1.155714537472344,0.38437020238108616,0.797063604224867,1.7570977253179152
32,VUW_PISM2_s1,1000000000000000.0,1.1136748563930032,0.08941305485680093,0.9341493267047912,1.1704723659820264,,0.8935983927871377,0.37960309859726943,0.3475785056238771,1.3389292629714242,1.7096917798560978,0.21768190094849363,1.4383895258930464,2.03702217687693,1.0076522181555672,0.12295781758851125,0.773236361907036,1.076535504375289,0.9842869843079527,0.1443906141864217,0.9451857752342674,1.302586494803681,1.1992655166796353,0.3324196510207804,0.613739058768938,1.5293882531177168
33,VUW_PISM2_s2,1000000000000000.0,1.1171308116271936,0.05668943859770631,1.011179519821001,1.1607114295258858,,0.8299762801357977,0.39877073829007736,0.3648213163986302,1.4840687302086937,1.7570326834888255,0.19045772537321337,1.5818369626347564,2.1050611082290884,1.139476715624315,0.13707282659243997,0.865909428874641,1.203913048383634,1.036663001138335,0.09720052789427827,0.9041142244312436,1.1747061762564366,1.249171391139176,0.32518020940279757,0.6263290959138557,1.4246777080339832
34,VUW_PISM2_s3,1000000000000000.0,1.1873023379899088,0.064328070731775,1.107067860586523,1.2820535120866188,,1.281957545268464,0.30228766822541464,0.8906841824864876,1.600852627819992,2.037677797330133,0.13387782994354905,1.841977883349757,2.2130794462138907,1.2865914278230763,0.12657280199950774,1.0333357555041194,1.3662552280905016,1.0078008489534875,0.12967901801301285,0.8685946685746926,1.1581306236510978,1.0363521363332806,0.35166870631884706,0.3879091564018865,1.327559561370681
35,VUW_PISM2_s4,1000000000000000.0,1.0194464271486976,0.11349443423330437,0.8950864646926987,1.2034536388672443,,0.9403137619609906,0.3323696214923908,0.3316259759794236,1.21061279625227,1.7239397512474803,0.17142489800676963,1.5268395086719218,2.000076992528482,1.037360345214929,0.11634884807963569,0.8289636544598057,1.1471614096091385,1.1096593107328596,0.11975476119034047,0.8708336821421137,1.1813464266995055,0.920230619273475,0.29473942441253886,0.6451175148983196,1.4199957021402885
