,Model,calving,initialisation,resolution,meltonpartial,icefront,dils_AIS,dils_min_AIS,dils_max_AIS,dils_Amundsen,dils_min_Amundsen,dils_max_Amundsen,dils_Ross,dils_min_Ross,dils_max_Ross,dils_FilchnerRonne,dils_min_FilchnerRonne,dils_max_FilchnerRonne,dils_Aurora,dils_min_Aurora,dils_max_Aurora,dils_Wilkes,dils_min_Wilkes,dils_max_Wilkes
0,DC_ISSM,2,DA,4km,SG,MH,4.5112484202121945e-06,2.6646179387436356e-06,5.884351178770944e-06,7.406214372661903e-06,5.496989778618433e-06,8.80845888927766e-06,6.44510151894743e-06,2.5588419369291355e-06,9.131179014282155e-06,6.427001447569267e-06,6.009431429456125e-06,9.651455532064877e-06,4.889268223489809e-06,4.3308292367343495e-06,6.147596973372471e-06,8.647698757121565e-06,5.876539519882489e-06,1.1542713110437253e-05
1,DOE_MALI_4km,2,DA+,4km,FC,RO,1.7421473783036507e-05,1.2737593720707964e-05,2.056571705616622e-05,1.8762628226338254e-05,1.562018148335273e-05,2.102595425047524e-05,2.0836126895236325e-05,6.2072514275422365e-06,2.2359676607247037e-05,1.3044990049310176e-05,1.050457740604041e-05,2.1364077701423597e-05,1.6498947222104626e-05,1.4165430726881026e-05,1.8716158606349068e-05,2.110336092846735e-05,1.8767977771335908e-05,2.1650336563187335e-05
2,DOE_MALI_8km_Ant95,2,DA+,8km,FC,RO,1.652720398911065e-05,1.451399148706602e-05,2.00068473115197e-05,1.2261974770708873e-05,8.268812941524305e-06,1.3501945433839567e-05,2.68153241082361e-05,1.2544242348189775e-05,2.8034609635456205e-05,1.6353229988055514e-05,1.4163307347839709e-05,2.4031484187893837e-05,2.0354778578028616e-05,1.6680821427712606e-05,2.6291467260404664e-05,2.4145402951584954e-05,2.0782762752935535e-05,2.6274252003402473e-05
3,DOE_MALI_8km_AntMean,2,DA+,8km,FC,RO,1.6244162625172154e-05,1.387823375028626e-05,1.9236478823997565e-05,1.3388533799860682e-05,9.547529364527052e-06,1.4857500404456502e-05,2.4529293787969546e-05,9.833189520625929e-06,2.848354113947627e-05,1.5442828820073986e-05,1.261014137339413e-05,2.3031708992878103e-05,1.8593978095300397e-05,1.5852735901089083e-05,2.2352488879797205e-05,2.285433228292255e-05,2.1170105643895188e-05,2.678778754950369e-05
4,IGE_ElmerIce,2,DA,1km,no,Fix,2.7867481499052466e-06,7.231921328033589e-07,3.3844583922098763e-06,6.561536235320889e-06,5.275896046956423e-06,7.927228748291883e-06,2.315220388405641e-06,1.435707808985023e-06,4.109811994973559e-06,3.687240112742532e-06,3.3591673711437333e-06,4.2364725600323495e-06,2.126960117924677e-06,-2.1516831444899577e-07,3.580443451240838e-06,1.1738949507216149e-05,1.1269771847724823e-05,1.244561665349994e-05
5,ILTS_SICOPOLIS,2,SP+,8km,FC,MH,1.9275650144725986e-05,1.5756998226540703e-05,2.268237003456498e-05,2.384068734606906e-05,1.6778606257243017e-05,2.5336550437110445e-05,2.1712438702359784e-05,1.3945314890709573e-05,2.2517917587113037e-05,1.4686602110772e-05,1.3063516310069922e-05,1.819701146065711e-05,1.8583302139412588e-05,1.5110645931395224e-05,2.2672301569347835e-05,2.158150174765633e-05,9.5441855749604e-06,2.625735031919141e-05
6,IMAU_UFEMISM1,2,SP+,32km,FC,Fix,7.240301485423311e-05,2.5631625323337537e-05,0.0001270353723365,0.0,0.0,0.0003270462174267,0.0001271590771214,7.140953114004607e-05,0.0002328015608522,0.00011730401866690957,1.677616493334269e-05,0.0002642861214286,0.0003559107182756,-1.2342153988540004e-05,0.0010192407162754,0.0,-7.084269807771352e-05,0.0
7,IMAU_UFEMISM2,2,SP+,32km,FC,Fix,7.402898242599742e-05,3.49010719167092e-05,0.000146732120075,0.0,0.0,0.0,0.00015392008101685,5.863212931172476e-05,0.0001796088069093,0.00010529959079981922,2.257743069304237e-05,0.0003064875424277,-0.000626312352127,-0.0029130094126337,-2.5391014113263768e-05,0.0,-9.797593528122894e-05,0.0
8,IMAU_UFEMISM3,2,SP+,16km,FC,Fix,5.9882249458408215e-05,4.0789299480500774e-05,0.0001103498760548,0.00021546828519440002,0.000173902003187,0.0003763324207707,9.645358566155653e-05,4.1389672739482265e-05,0.0001108478833251,5.904301703241174e-05,2.533709197660469e-05,0.0001659612124981,0.00011278539478754408,-1.0053593185874068e-05,0.0001535052263391,-7.773854836400617e-05,-0.0032281927300809,1.329064975475662e-06
9,IMAU_UFEMISM4,2,SP+,16km,FC,Fix,6.133048153673063e-05,4.120245304021644e-05,0.0001171069412992,0.001628610308752,0.0008097064691214,0.0059525361168874,8.06354968526737e-05,4.40400823850925e-05,0.0001023131182976,6.177176446214437e-05,2.6561488689151342e-05,0.0004871528813247,9.496673199893137e-05,6.795912993297031e-05,0.0001371207007074,-1.6171188582818962e-05,-0.00196965061669,4.955957828694581e-05
10,LSCE_GRISLI2,1,SP+,16km,no,MH,8.333103512714653e-06,8.04144538069779e-06,9.577452175758828e-06,1.714548556794987e-05,1.0557021544047424e-05,2.4614638295056704e-05,1.5436478723440283e-05,8.34834245528854e-06,1.8228363993206272e-05,9.369211710361622e-06,7.780602163877685e-06,1.5051415262354295e-05,-7.546721593724701e-06,-2.5333366804848956e-05,-1.6515898648011395e-06,1.4039278140176383e-05,9.20859532803309e-06,1.6118156917096477e-05
11,LSCE_GRISLI,1,SP+,16km,FC,MH,3.264138897067524e-05,2.3242462647458902e-05,4.917705177373583e-05,3.0374816135356302e-05,2.8916043682770108e-05,3.229746708751965e-05,2.4164522248101367e-05,1.3162486091307548e-05,3.5873677121764285e-05,1.841567644934539e-05,1.4124623948013987e-05,3.8787359738081513e-05,6.464704015152274e-05,4.015401350577483e-05,9.990876631907954e-05,4.738566361893791e-05,3.83556388665559e-05,8.517166396572859e-05
12,NCAR_CISM1,2,SP+,4km,SG,RO,6.140258110874437e-06,5.01420410085777e-06,7.464526578974434e-06,1.1707497913121424e-05,8.124672758335932e-06,1.277957240904038e-05,7.616324588214955e-06,2.8210709348670274e-06,1.208644280492085e-05,7.4844393764215916e-06,6.495845430521201e-06,1.3202850707798808e-05,-2.0484991253352464e-06,-3.499868381739118e-06,4.18065294147024e-06,1.9209936073837298e-06,-6.412077283537414e-07,4.6600422036187425e-06
13,NCAR_CISM2,2,SP+,4km,SG,RO,1.8147142153091965e-05,1.2779927248283166e-05,2.257842658120444e-05,2.603003333860572e-05,1.6434465321303078e-05,3.834223037530064e-05,1.6896052291768408e-05,7.294631789070166e-06,1.9657894447998044e-05,1.3292233086728777e-05,1.285035472385098e-05,1.80883161903615e-05,1.9727227494947477e-05,1.592162901569144e-05,2.1986758202297163e-05,2.130070243594544e-05,1.0584506298772247e-05,2.3784239145333457e-05
14,NORCE_CISM2-MAR364-ERA-t1,2,SP+,4km,FC,RO,1.6490147294493307e-05,1.2176077235701636e-05,2.062002700554312e-05,2.7883666586589045e-05,2.2072539947531596e-05,3.354152622212218e-05,1.5878876090655262e-05,6.652655690194967e-06,1.985538562285157e-05,1.291425112806769e-05,1.2249400717282646e-05,1.7126590863992335e-05,1.8536769200807954e-05,1.6082063259562105e-05,2.09693690326121e-05,1.5585575267559375e-05,8.82645016335917e-06,2.048811612699106e-05
15,NORCE_CISM3-MAR364-ERA-t1-local,2,SP+,8km,FC,RO,1.0826974723896138e-05,7.506622867606405e-06,1.3223654997424627e-05,1.9845422512600238e-05,1.1643499160573212e-05,2.282934530737617e-05,1.0812538738112389e-05,4.599671625931256e-06,1.6560479499900276e-05,9.896108637230123e-06,7.971852415587421e-06,1.6750794012100197e-05,1.2466063067073633e-05,7.828225034246319e-06,1.534385277935326e-05,6.760418001928318e-06,2.339224070602773e-06,1.2260033324797733e-05
16,NORCE_CISM3-MAR364-ERA-t1-nonlocal,2,SP+,8km,FC,RO,1.1178938721868647e-05,6.681420996293542e-06,1.4866557734233864e-05,2.0100713780513957e-05,1.2176729239179549e-05,2.433448022168809e-05,1.2047379878132465e-05,4.105075001918603e-06,1.6841150373816874e-05,8.606488530691376e-06,7.549898614764941e-06,1.7115648071034698e-05,1.2734033200097948e-05,7.1664171889786295e-06,1.5362916097580522e-05,7.349038073217248e-06,2.1897178944306657e-06,1.2835377336888913e-05
17,NORCE_CISM3-MAR364-ERA-t1,2,SP+,8km,FC,RO,1.7301315115355917e-05,1.2627640681101892e-05,2.3172571932705623e-05,2.9855497006793253e-05,2.2920617903171264e-05,3.680916899478256e-05,1.6338198878041712e-05,5.7875254509715754e-06,2.0369539106211137e-05,1.3855334993824091e-05,1.2926088773080344e-05,1.7969863140213004e-05,1.979497719164039e-05,1.7171215163805286e-05,2.3987961016649613e-05,1.8527570545395072e-05,1.287343177612466e-05,2.690799106387598e-05
18,NORCE_CISM4-MAR364-ERA-t1-local,2,SP+,16km,FC,RO,1.2737374967714844e-05,8.841233055071022e-06,1.8905064393795068e-05,2.314083726391221e-05,1.4843511283700734e-05,2.8598250568695004e-05,1.2989557436063446e-05,4.952369399388994e-06,1.844285818098259e-05,1.1062812223891638e-05,9.019676331824089e-06,1.9036576665126423e-05,1.9009348290588956e-05,1.4940493055413268e-05,2.4790974386435783e-05,9.657992088275092e-06,3.931170721248029e-06,2.0182051985159535e-05
19,NORCE_CISM4-MAR364-ERA-t1-nonlocal,2,SP+,16km,FC,RO,1.3302024512855886e-05,7.881628080977879e-06,2.013383171476122e-05,2.3921459407439408e-05,1.6301754116981638e-05,2.9483176811468585e-05,1.3928855067431858e-05,4.32307236646732e-06,1.895941018254958e-05,9.589590891501304e-06,8.529417686544774e-06,1.9672262465343625e-05,1.9342415611306796e-05,1.4492989972235757e-05,2.5502773755884577e-05,1.2303242638429897e-05,5.563393853622717e-06,2.3802502620313527e-05
20,NORCE_CISM4-MAR364-ERA-t1,2,SP+,16km,FC,RO,1.7123838632373396e-05,1.1767382035791958e-05,2.3897204047153135e-05,3.141296214763075e-05,2.3071327015190385e-05,5.134799018073144e-05,1.6120212111771864e-05,5.233739599456653e-06,2.0270430437122747e-05,1.4634066308728798e-05,1.3508349126096372e-05,1.79055128096413e-05,2.2312817347003873e-05,1.9243026060906077e-05,2.9871831484312896e-05,1.3652673687165977e-05,7.655698244395155e-06,2.97252326757642e-05
21,NORCE_CISM4-MAR364-JRA-t1,2,SP+,16km,FC,RO,1.737154035966176e-05,1.2246969936563132e-05,2.383990377988444e-05,3.1994992428338286e-05,2.2904029701931205e-05,5.18629845983304e-05,1.61819486079321e-05,6.085312503609876e-06,2.0451278616760808e-05,1.5078120347323954e-05,1.3941504580338587e-05,1.7789065600433765e-05,2.2774725712586083e-05,1.9219192100444872e-05,2.974972374091407e-05,1.6624130253912943e-05,8.290485013996249e-06,2.9949336712925548e-05
22,NORCE_CISM5-MAR364-ERA-t1-local,2,SP+,32km,FC,RO,1.340449984978097e-05,9.258646080384796e-06,2.3237235079431837e-05,2.1904159773949617e-05,1.4582961721369705e-05,3.128013612492785e-05,1.2960861779098365e-05,4.983949670306045e-06,1.845732237627884e-05,1.2533152853587213e-05,1.0701974814759527e-05,2.194562707178807e-05,1.612152560701295e-05,1.0656654191127912e-05,2.364783650619172e-05,2.9909191068102727e-06,5.000615218769187e-07,4.5327236125999695e-05
23,NORCE_CISM5-MAR364-ERA-t1-nonlocal,2,SP+,32km,FC,RO,1.4219370010436553e-05,8.490527097885973e-06,2.4141793074746864e-05,2.4921004273672122e-05,1.7825180598168425e-05,3.404257913880866e-05,1.4724428164588718e-05,4.336450809323704e-06,1.8834694385866708e-05,1.155569342201901e-05,1.0169391377504854e-05,2.2121799573840952e-05,1.4899056896861626e-05,8.845412945587236e-06,2.3645051956844824e-05,4.990877425744281e-06,4.6562436633340675e-09,4.6664181595219994e-05
24,NORCE_CISM5-MAR364-ERA-t1,2,SP+,32km,FC,RO,1.4525585614296155e-05,1.0742043881334525e-05,2.4331682854013444e-05,2.646900018295203e-05,1.8078803147458423e-05,4.9625292347534175e-05,1.3206039231335212e-05,4.949945060964893e-06,1.808264628437523e-05,1.3867578467969966e-05,1.252380673117744e-05,1.96849509514446e-05,2.3676177126126864e-05,1.953977593098919e-05,3.48706597717146e-05,1.390787284921225e-06,1.596582229120405e-07,4.74337964728573e-05
25,PIK_PISM,1,SP,8km,FC,StR,2.8920186522001245e-05,2.3879516316825885e-05,2.947509883341151e-05,3.888529102075997e-05,3.1790569617454244e-05,5.312437378856899e-05,2.843031897171231e-05,1.515172397438928e-05,3.241695347786136e-05,3.6543447957422735e-05,3.183513996636275e-05,4.207532614049527e-05,2.7844370941380985e-05,2.5626005700314388e-05,3.306218770636405e-05,2.2655935624517494e-05,2.1575528211648153e-05,2.7578252197252285e-05
26,UCM_Yelmo,1,SP+,16km,SG,VM,1.5023139574952648e-05,1.3304680733101753e-05,2.1440870591145982e-05,3.294350843335792e-05,1.6722378303190142e-05,4.08370628384169e-05,1.297711650275839e-05,4.95826853441681e-06,2.5735644477659225e-05,1.4245778553539712e-05,1.2754031254606247e-05,3.6003191504105035e-05,4.020518827001036e-06,-3.001867342663983e-06,2.2585005719116297e-05,7.983422073643727e-06,-1.584334969078018e-06,2.4200950890337497e-05
27,UCSD_ISSM,3,DA,1km,SG,Fix,2.9810247415231256e-06,1.9731956165511794e-06,8.299400275955506e-06,8.398651666877099e-06,1.9105085739086544e-06,1.3494105240994672e-05,5.133232219508829e-06,1.093370748708185e-06,1.5323266637950846e-05,3.4540797280240217e-06,2.5542327008311524e-06,5.619946216987865e-06,6.584738347393653e-06,4.733012149883733e-06,9.569612145609827e-06,1.155728507357638e-05,5.418710841434495e-06,1.4578722910922235e-05
28,ULB_fETISh-KoriBU1,3,DA*,16km,no,Div,1.138135207711776e-05,7.744087460795499e-06,1.5761628994713286e-05,2.0263910889247587e-05,7.687516418613987e-06,3.212282936056738e-05,1.2187118829800406e-05,1.090482911823541e-05,1.4843289822829535e-05,1.1850923174800063e-05,1.1033770394363975e-05,1.2990161309261885e-05,1.0473086657933479e-05,8.915150262805522e-06,1.1062955775966787e-05,1.6896965560613647e-05,1.4256401054868017e-05,2.048253153961022e-05
29,ULB_fETISh-KoriBU2,2,DA*,16km,no,Div,1.5539350466682918e-05,1.4309093837746314e-05,1.6674342716114754e-05,2.3109772170917968e-05,1.6623025821409755e-05,2.5910685287030844e-05,1.8068848709175418e-05,7.885995583272166e-06,2.2270286329645176e-05,1.368748939218369e-05,1.1582516533208531e-05,1.7814438035626793e-05,1.018646241404791e-05,9.083581346712202e-06,1.189733806750382e-05,1.7419375979091668e-05,8.277659687616176e-06,2.0874754647083085e-05
30,UNN_Ua,2,DA,1km,no,RO,1.3333062382802018e-05,1.0489884101636012e-05,1.554209002193501e-05,1.2587218901992451e-05,1.1406817700933188e-05,1.3930293626721545e-05,1.3478936079755703e-05,5.001596791962679e-06,1.9081560430358844e-05,1.2313286317975423e-05,1.1139409047043829e-05,1.964041061478359e-05,1.3400873194830929e-05,1.0521673540883243e-05,1.46622919855173e-05,9.691432017557408e-06,8.015468532116954e-06,1.5283301197129177e-05
31,UTAS_ElmerIce,2,DA,1km,SG,Fix,4.509418941541172e-06,3.924475997898386e-06,5.113917409389429e-06,3.833500113356563e-06,3.1897083235085352e-06,4.293221187440936e-06,6.267768913587471e-06,2.313379829258135e-06,9.170345816924284e-06,6.372792520912844e-06,5.266781021467493e-06,1.111940101493658e-05,4.210635017057095e-06,2.925425224566753e-06,4.9561955701068175e-06,1.1219368597971967e-06,3.736059317375462e-07,2.100508665202081e-06
32,VUB_AISMPALEO,2,SP,16km,n/a,MH,2.4066395081105472e-06,7.569280562691948e-08,3.68197572038656e-05,-0.0004532055982008,-0.0008362569121845,0.0023735388869572,1.6786277029873618e-06,-1.2873128099083546e-05,3.542521728682252e-06,4.514709635172531e-06,2.3581071843754145e-06,6.42198461063611e-06,0.0,-0.011398614495707,0.0049263607478728,-0.00068143944614445,-0.0016966662955081,0.0
33,VUW_PISM1,1,SP,8km,no,StR,1.6946016255606944e-05,1.4816111826980911e-05,1.7862276778845116e-05,3.1913418082038517e-05,2.2667739189353338e-05,4.277821860727651e-05,1.4188247017407407e-05,1.3413217565062928e-05,1.492616374721312e-05,1.7020010583533493e-05,1.6545908276688803e-05,1.8137307813726828e-05,1.1151380551383007e-05,1.0493535216145764e-05,1.2875671275203888e-05,4.5535240874775906e-06,2.828890990310448e-06,5.733736640733636e-06
34,VUW_PISM1_s1,1,SP,8km,no,StR,1.6744346808346565e-05,0.0,1.936999163428035e-05,2.8911217341856963e-05,0.0,4.164051476877666e-05,1.6145685199806994e-05,0.0,1.8356243059610076e-05,1.701388389947634e-05,0.0,1.7731781824220957e-05,1.0582155221341654e-05,0.0,1.1495315449711812e-05,8.100969159035983e-06,0.0,1.407600584089052e-05
35,VUW_PISM1_s2,1,SP,8km,no,StR,1.5911674169749798e-05,1.4509619767815388e-05,1.7127389132924746e-05,2.464768809724769e-05,1.952349254741795e-05,3.86185444779498e-05,1.3325616986084604e-05,1.246144712988412e-05,1.3837746071446449e-05,1.759734485153636e-05,1.6770559202536565e-05,1.786206271446582e-05,1.0692210577200097e-05,1.0391255981720829e-05,1.0880067656262514e-05,3.3776293092037622e-06,2.0373336026815973e-06,4.633466752124648e-06
36,VUW_PISM1_s3,1,SP,8km,no,StR,1.4946497959884113e-05,1.31276889562689e-05,1.639884695741732e-05,2.6668074644719594e-05,1.627554879594723e-05,3.698868588535077e-05,1.1705521892100464e-05,1.017790934402403e-05,1.1804515112713856e-05,1.6617592352651854e-05,1.6126811980658652e-05,1.7243313188861422e-05,8.75742063083894e-06,7.85180814771079e-06,1.0156326312461051e-05,3.1652933300770497e-06,-1.6610543703584564e-06,5.170613433099667e-06
37,VUW_PISM1_s4,1,SP,8km,no,StR,1.857941384193127e-05,1.7022465755331567e-05,2.1145327187496167e-05,3.671983046599809e-05,2.571410554910209e-05,4.876058601914605e-05,1.6751272475568644e-05,1.6420090003277524e-05,1.7452270161468068e-05,1.8545406620894646e-05,1.8146823452582735e-05,1.977580131561219e-05,1.3480770708583231e-05,1.1838852847669438e-05,1.4435142846591038e-05,6.8402172156362815e-06,5.690119701756115e-06,8.749964383582432e-06
38,VUW_PISM2,1,SP,8km,yes,StR,2.1381240943785354e-05,1.9044575141234987e-05,2.398295871676352e-05,3.1702656280449116e-05,2.0763036956464023e-05,3.884991611036133e-05,1.6413781827537054e-05,1.5012488084640182e-05,1.888388814670344e-05,1.854805267169114e-05,1.744526843121404e-05,2.0319369692458832e-05,1.7343078903310392e-05,1.610363001985696e-05,2.277859953300425e-05,2.398056484272473e-05,1.3630363822145194e-05,2.753569146875139e-05
39,VUW_PISM2_s1,1,SP,8km,yes,StR,2.2769447696600527e-05,2.0456112524118545e-05,2.6958509200535217e-05,4.022269731947886e-05,2.15804003794614e-05,4.730794676847445e-05,1.9364171562097346e-05,1.5868051383050495e-05,2.2344843324113987e-05,1.901845440261847e-05,1.8055658305273035e-05,2.1310693760468877e-05,1.866149157274604e-05,1.584899749063239e-05,2.463163005019002e-05,2.4584237692042366e-05,2.02442763641646e-05,3.061391428259395e-05
40,VUW_PISM2_s2,1,SP,8km,yes,StR,1.9632587228914134e-05,1.8719052437622964e-05,2.3432573019364243e-05,3.0181643033554628e-05,2.106357786596157e-05,4.20478379559728e-05,1.5746860858779502e-05,1.3954543653723545e-05,1.689587671107032e-05,1.8284920355695467e-05,1.638186106920044e-05,1.9637442649068284e-05,1.6859569926001198e-05,1.1552213326157309e-05,1.9958953699486748e-05,1.9410787959075828e-05,1.0832026836301851e-05,2.357578012546287e-05
41,VUW_PISM2_s3,1,SP,8km,yes,StR,1.839075794508333e-05,1.718517707559699e-05,2.052507830751065e-05,3.5385965614283866e-05,2.5168981328569393e-05,4.07185116554024e-05,1.393230471174169e-05,1.3432012590842986e-05,1.425671769212756e-05,1.7454592522136522e-05,1.6563015339419314e-05,2.0551356999091113e-05,1.2435209353329952e-05,1.109638341429164e-05,1.4112782388341027e-05,1.7262653472061763e-05,1.2935143410916749e-05,2.3211359890973785e-05
42,VUW_PISM2_s4,1,SP,8km,yes,StR,2.297041574740215e-05,2.0453926992158767e-05,2.4005818694834936e-05,2.4636981798887943e-05,2.0779611809067677e-05,3.38790466191025e-05,2.1678111925631074e-05,1.924509027795056e-05,2.460473954259506e-05,1.926264638531271e-05,1.8551076923061507e-05,2.2016122340272516e-05,1.9575722721458032e-05,1.9050744704158625e-05,2.2060483354358887e-05,2.4963397897198752e-05,1.4543580318036609e-05,2.9553878133877205e-05
