,Experiment,Model,Path,AIS,Amundsen,Ross,FilchnerRonne,Aurora,Wilkes,WestAntarctica,EastAntarctica,Peninsula
0,expAE02,DC_ISSM,/Volumes/FMac/computing/data/antarctica/ismip6/hackathon/ComputedScalarsHelene/expAE02/shelfmelt/computed_shelfmelt_AIS_DC_ISSM_expAE02.nc,69667.12954443862,4061.342684637998,4777.266998459924,40752.923249098305,6142.334098224643,1075.964911887533,37628.57548606669,31403.51518424134,1037.3291407409506
1,expAE02,DOE_MALI_4km,/Volumes/FMac/computing/data/antarctica/ismip6/hackathon/ComputedScalarsHelene/expAE02/shelfmelt/computed_shelfmelt_AIS_DOE_MALI_4km_expAE02.nc,196254.5343606021,23601.371742008043,10266.711024578515,91261.62713017708,24061.11700474238,7155.84902113208,101724.24754699305,87296.14980151318,6895.194064412437
2,expAE02,DOE_MALI_8km_Ant95,/Volumes/FMac/computing/data/antarctica/ismip6/hackathon/ComputedScalarsHelene/expAE02/shelfmelt/computed_shelfmelt_AIS_DOE_MALI_8km_Ant95_expAE02.nc,279294.00677518256,66447.5676251455,8134.032739335184,112254.42178777314,24134.833695897785,7211.461241142735,167192.128126867,103828.35498298863,6494.956195024297
3,expAE02,DOE_MALI_8km_AntMean,/Volumes/FMac/computing/data/antarctica/ismip6/hackathon/ComputedScalarsHelene/expAE02/shelfmelt/computed_shelfmelt_AIS_DOE_MALI_8km_AntMean_expAE02.nc,236406.42284340272,48523.16495823125,9138.354071964233,103861.49243537764,19767.95176252992,4635.183895747427,139391.4922895231,90143.2858113465,6510.293225742842
4,expAE02,IGE_ElmerIce,/Volumes/FMac/computing/data/antarctica/ismip6/hackathon/ComputedScalarsHelene/expAE02/shelfmelt/computed_shelfmelt_AIS_IGE_ElmerIce_expAE02.nc,47081.16548810032,2104.7682656504326,1437.3024282253768,20141.285370983394,7799.845516368798,535.8157893808002,21399.958345688647,24975.032376379495,485.2820181691277
5,expAE02,ILTS_SICOPOLIS,/Volumes/FMac/computing/data/antarctica/ismip6/hackathon/ComputedScalarsHelene/expAE02/shelfmelt/computed_shelfmelt_AIS_ILTS_SICOPOLIS_expAE02.nc,360264.4496267888,42191.62383359501,20207.920623602273,191050.5447087372,26280.664470828196,866.7672083891443,214360.92704606193,139046.62434794035,6872.827914296174
6,expAE02,IMAU_UFEMISM1,/Volumes/FMac/computing/data/antarctica/ismip6/hackathon/ComputedScalarsHelene/expAE02/shelfmelt/computed_shelfmelt_AIS_IMAU_UFEMISM1_expAE02.nc,100147.35113239173,2523.52070372844,13977.220492140057,64169.72335113955,4493.055338330118,0.0,57224.485788399164,42791.92176994793,-2813.742907985596
7,expAE02,IMAU_UFEMISM2,/Volumes/FMac/computing/data/antarctica/ismip6/hackathon/ComputedScalarsHelene/expAE02/shelfmelt/computed_shelfmelt_AIS_IMAU_UFEMISM2_expAE02.nc,112097.12842898146,0.0,21551.254072875276,70253.3301849243,4703.389743990584,0.0,66709.806109282,45249.576148430526,0.0
8,expAE02,IMAU_UFEMISM3,/Volumes/FMac/computing/data/antarctica/ismip6/hackathon/ComputedScalarsHelene/expAE02/shelfmelt/computed_shelfmelt_AIS_IMAU_UFEMISM3_expAE02.nc,158577.2239815523,6997.510555594595,27574.892717957504,105955.7953365056,4067.7818486825176,1525.4546502460094,101031.82046920212,54380.08388539825,0.0
9,expAE02,IMAU_UFEMISM4,/Volumes/FMac/computing/data/antarctica/ismip6/hackathon/ComputedScalarsHelene/expAE02/shelfmelt/computed_shelfmelt_AIS_IMAU_UFEMISM4_expAE02.nc,138274.56153900886,5642.8985840897885,28893.69400504121,78616.01077357077,5641.598611672092,1908.594144223697,90894.55564657704,43232.39745021054,0.0
10,expAE02,LSCE_GRISLI2,/Volumes/FMac/computing/data/antarctica/ismip6/hackathon/ComputedScalarsHelene/expAE02/shelfmelt/computed_shelfmelt_AIS_LSCE_GRISLI2_expAE02.nc,69578.1470089145,1237.5095175724873,13157.255019197259,38406.11583274729,3351.4098893730875,814.0152442267363,51977.72569512504,19338.806249743488,-1124.184853952257
11,expAE02,LSCE_GRISLI,/Volumes/FMac/computing/data/antarctica/ismip6/hackathon/ComputedScalarsHelene/expAE02/shelfmelt/computed_shelfmelt_AIS_LSCE_GRISLI_expAE02.nc,202244.94529976966,15468.11308178238,39132.8046677875,77581.47937009177,16845.385222956837,2212.4776222829637,117834.74698879455,69474.47982430013,11625.62206151768
12,expAE02,NCAR_CISM1,/Volumes/FMac/computing/data/antarctica/ismip6/hackathon/ComputedScalarsHelene/expAE02/shelfmelt/computed_shelfmelt_AIS_NCAR_CISM1_expAE02.nc,70335.24419332977,680.013828080972,4574.911760709225,46175.397307252184,-42.841987199323796,631.8633742498037,40734.69211041616,27297.735581455934,2659.468732674204
13,expAE02,NCAR_CISM2,/Volumes/FMac/computing/data/antarctica/ismip6/hackathon/ComputedScalarsHelene/expAE02/shelfmelt/computed_shelfmelt_AIS_NCAR_CISM2_expAE02.nc,209439.7142455876,16618.072812420847,20669.12630157794,112141.95914179878,10556.838457315393,1527.012031564051,116272.43128147538,85379.9709385409,7625.792294121269
14,expAE02,NORCE_CISM2-MAR364-ERA-t1,/Volumes/FMac/computing/data/antarctica/ismip6/hackathon/ComputedScalarsHelene/expAE02/shelfmelt/computed_shelfmelt_AIS_NORCE_CISM2-MAR364-ERA-t1_expAE02.nc,194516.40179494725,13041.340690624787,10742.922320168778,114434.43605860145,14683.671801699424,3186.156238166939,101872.14016476582,87900.78825424112,5214.3537145186365
15,expAE02,NORCE_CISM3-MAR364-ERA-t1-local,/Volumes/FMac/computing/data/antarctica/ismip6/hackathon/ComputedScalarsHelene/expAE02/shelfmelt/computed_shelfmelt_AIS_NORCE_CISM3-MAR364-ERA-t1-local_expAE02.nc,95916.11574553238,3607.843267676273,10734.572835548177,53616.70633398981,2873.350569482581,1041.6977001988848,51909.7142758719,40250.975471780854,4327.056209335422
16,expAE02,NORCE_CISM3-MAR364-ERA-t1-nonlocal,/Volumes/FMac/computing/data/antarctica/ismip6/hackathon/ComputedScalarsHelene/expAE02/shelfmelt/computed_shelfmelt_AIS_NORCE_CISM3-MAR364-ERA-t1-nonlocal_expAE02.nc,80563.10733095571,3751.6060001429223,8563.275921907498,41489.57612819503,2533.938969586589,1216.702610618072,42945.81429873935,33183.10543678749,4609.507494234609
17,expAE02,NORCE_CISM3-MAR364-ERA-t1,/Volumes/FMac/computing/data/antarctica/ismip6/hackathon/ComputedScalarsHelene/expAE02/shelfmelt/computed_shelfmelt_AIS_NORCE_CISM3-MAR364-ERA-t1_expAE02.nc,194821.4797754073,19735.283556320886,10413.291386945031,109880.304382517,13379.660628733634,3777.57345245558,105202.04110911087,86338.23246301633,3892.556649956189
18,expAE02,NORCE_CISM4-MAR364-ERA-t1-local,/Volumes/FMac/computing/data/antarctica/ismip6/hackathon/ComputedScalarsHelene/expAE02/shelfmelt/computed_shelfmelt_AIS_NORCE_CISM4-MAR364-ERA-t1-local_expAE02.nc,119092.80554845015,6769.839136395444,11365.540800243223,66031.6538796853,5942.754088172996,1408.2056389652475,67406.46810826629,49554.382451587306,2646.506362749338
19,expAE02,NORCE_CISM4-MAR364-ERA-t1-nonlocal,/Volumes/FMac/computing/data/antarctica/ismip6/hackathon/ComputedScalarsHelene/expAE02/shelfmelt/computed_shelfmelt_AIS_NORCE_CISM4-MAR364-ERA-t1-nonlocal_expAE02.nc,98401.55489353921,6603.619593305586,8871.341681544334,48909.13517872544,5563.062959176314,1895.2098413889466,54081.20763271837,41527.499308397906,3035.6309933753705
20,expAE02,NORCE_CISM4-MAR364-ERA-t1,/Volumes/FMac/computing/data/antarctica/ismip6/hackathon/ComputedScalarsHelene/expAE02/shelfmelt/computed_shelfmelt_AIS_NORCE_CISM4-MAR364-ERA-t1_expAE02.nc,161530.7959173137,10760.701623612229,7982.486425608724,96653.65053207742,16164.714748803584,2040.670534051705,89413.4938935753,70427.70534286427,2168.042006068391
21,expAE02,NORCE_CISM4-MAR364-JRA-t1,/Volumes/FMac/computing/data/antarctica/ismip6/hackathon/ComputedScalarsHelene/expAE02/shelfmelt/computed_shelfmelt_AIS_NORCE_CISM4-MAR364-JRA-t1_expAE02.nc,175066.6826791427,10540.234294202695,12654.651852045314,102863.95191045164,17584.98170724027,2059.148141645701,99212.13431390996,73680.9526784376,2750.677534791287
22,expAE02,NORCE_CISM5-MAR364-ERA-t1-local,/Volumes/FMac/computing/data/antarctica/ismip6/hackathon/ComputedScalarsHelene/expAE02/shelfmelt/computed_shelfmelt_AIS_NORCE_CISM5-MAR364-ERA-t1-local_expAE02.nc,136354.98750889034,7288.659709760104,12143.132607657153,76080.28123949701,12572.356946995298,1087.489688015042,67662.10470151197,67554.03247265713,1581.0393102605667
23,expAE02,NORCE_CISM5-MAR364-ERA-t1-nonlocal,/Volumes/FMac/computing/data/antarctica/ismip6/hackathon/ComputedScalarsHelene/expAE02/shelfmelt/computed_shelfmelt_AIS_NORCE_CISM5-MAR364-ERA-t1-nonlocal_expAE02.nc,118360.18681113592,11807.77777777421,9405.131831731262,55567.612701058875,13708.958098853826,955.278756378366,59913.78274853634,56645.63881179434,1601.0620302334582
24,expAE02,NORCE_CISM5-MAR364-ERA-t1,/Volumes/FMac/computing/data/antarctica/ismip6/hackathon/ComputedScalarsHelene/expAE02/shelfmelt/computed_shelfmelt_AIS_NORCE_CISM5-MAR364-ERA-t1_expAE02.nc,142618.42447232123,9371.559527897933,10975.609418786367,85931.44644435195,8936.105897960784,531.593502329442,74892.56997239571,66496.80173634834,1810.3112720122713
25,expAE02,PIK_PISM,/Volumes/FMac/computing/data/antarctica/ismip6/hackathon/ComputedScalarsHelene/expAE02/shelfmelt/computed_shelfmelt_AIS_PIK_PISM_expAE02.nc,169642.9534865846,8665.09331120618,4892.312248112285,78098.10620124344,18749.711474511714,3192.1348904587994,74861.15739863188,88810.63632789801,6517.530878486241
26,expAE02,UCM_Yelmo,/Volumes/FMac/computing/data/antarctica/ismip6/hackathon/ComputedScalarsHelene/expAE02/shelfmelt/computed_shelfmelt_AIS_UCM_Yelmo_expAE02.nc,86705.1439199965,2489.233785209093,2359.1993678131594,55493.46380721258,695.7287043025481,840.986504800522,47783.57579615067,33828.58604360278,5175.665346730745
27,expAE02,UCSD_ISSM,/Volumes/FMac/computing/data/antarctica/ismip6/hackathon/ComputedScalarsHelene/expAE02/shelfmelt/computed_shelfmelt_AIS_UCSD_ISSM_expAE02.nc,46361.0126409112,20110.530827710692,148.1727803802048,4967.336769777117,15461.967194403642,1395.7874515764324,27507.28726906944,22343.399562190396,-3187.7700222375843
28,expAE02,ULB_fETISh-KoriBU1,/Volumes/FMac/computing/data/antarctica/ismip6/hackathon/ComputedScalarsHelene/expAE02/shelfmelt/computed_shelfmelt_AIS_ULB_fETISh-KoriBU1_expAE02.nc,117098.56646932138,9800.94259713002,2781.1300766754484,49931.829208491996,7598.5600330747375,4379.1991290832,52056.6238827939,63512.15816205825,1938.0106111176701
29,expAE02,ULB_fETISh-KoriBU2,/Volumes/FMac/computing/data/antarctica/ismip6/hackathon/ComputedScalarsHelene/expAE02/shelfmelt/computed_shelfmelt_AIS_ULB_fETISh-KoriBU2_expAE02.nc,172351.0408675143,59180.8178213276,2805.9363685363314,75290.92184120676,6952.178428538368,2884.163222699875,123733.29881925453,54718.68568374251,371.7472294703682
30,expAE02,UNN_Ua,/Volumes/FMac/computing/data/antarctica/ismip6/hackathon/ComputedScalarsHelene/expAE02/shelfmelt/computed_shelfmelt_AIS_UNN_Ua_expAE02.nc,125706.18394014805,7813.157780153942,13618.675491101825,74501.07339859905,8236.610016963503,1424.675472047172,79834.3304481449,44177.610363064494,1344.2378846064944
31,expAE02,UTAS_ElmerIce,/Volumes/FMac/computing/data/antarctica/ismip6/hackathon/ComputedScalarsHelene/expAE02/shelfmelt/computed_shelfmelt_AIS_UTAS_ElmerIce_expAE02.nc,59494.910144351525,243.1531329827808,5553.285682046573,36109.30894620171,4850.027652711128,1005.6643480373444,33290.62720218384,24421.34513216988,1797.5806936335969
32,expAE02,VUB_AISMPALEO,/Volumes/FMac/computing/data/antarctica/ismip6/hackathon/ComputedScalarsHelene/expAE02/shelfmelt/computed_shelfmelt_AIS_VUB_AISMPALEO_expAE02.nc,92336.5466332785,0.0,18640.85846459971,64269.85799839499,0.0,0.0,52591.251458802086,43177.32960471078,-3046.4481257194875
33,expAE02,VUW_PISM1,/Volumes/FMac/computing/data/antarctica/ismip6/hackathon/ComputedScalarsHelene/expAE02/shelfmelt/computed_shelfmelt_AIS_VUW_PISM1_expAE02.nc,295586.505537403,10940.328672114989,21965.474335911236,168344.4949430246,15186.375527537757,1947.207077401177,183566.93640821375,102758.56140201811,9199.99253205418
34,expAE02,VUW_PISM1_s1,/Volumes/FMac/computing/data/antarctica/ismip6/hackathon/ComputedScalarsHelene/expAE02/shelfmelt/computed_shelfmelt_AIS_VUW_PISM1_s1_expAE02.nc,0.0,0.0,0.0,0.0,0.0,0.0,0.0,0.0,0.0
35,expAE02,VUW_PISM1_s2,/Volumes/FMac/computing/data/antarctica/ismip6/hackathon/ComputedScalarsHelene/expAE02/shelfmelt/computed_shelfmelt_AIS_VUW_PISM1_s2_expAE02.nc,255633.0664303786,6880.628968937417,19230.00814150498,152535.53366386972,8251.996072729908,450.1880351250679,163307.12410510285,84166.8840813538,8158.466158485994
36,expAE02,VUW_PISM1_s3,/Volumes/FMac/computing/data/antarctica/ismip6/hackathon/ComputedScalarsHelene/expAE02/shelfmelt/computed_shelfmelt_AIS_VUW_PISM1_s3_expAE02.nc,246882.2977603163,14500.520975355885,15721.865573509549,132450.24132780026,11732.615960529474,3361.2877227322037,146681.09736141842,93094.09974546653,7162.517460240469
37,expAE02,VUW_PISM1_s4,/Volumes/FMac/computing/data/antarctica/ismip6/hackathon/ComputedScalarsHelene/expAE02/shelfmelt/computed_shelfmelt_AIS_VUW_PISM1_s4_expAE02.nc,333324.40283322387,21590.632907917854,29908.579621965844,183212.9063716132,15672.151903268485,1113.1233632377441,208665.39146847202,114622.63105883608,10012.207480468423
38,expAE02,VUW_PISM2,/Volumes/FMac/computing/data/antarctica/ismip6/hackathon/ComputedScalarsHelene/expAE02/shelfmelt/computed_shelfmelt_AIS_VUW_PISM2_expAE02.nc,394808.23385004816,42077.6694788333,24667.24454655412,206011.63695247966,19236.575255450516,3863.0105881525124,238011.9768563745,142806.1359325389,14420.54872789465
39,expAE02,VUW_PISM2_s1,/Volumes/FMac/computing/data/antarctica/ismip6/hackathon/ComputedScalarsHelene/expAE02/shelfmelt/computed_shelfmelt_AIS_VUW_PISM2_s1_expAE02.nc,425299.2895401007,32875.09757052159,29021.14515228187,220458.6613301025,25729.46142913831,5527.1545605321635,246469.65643498974,162627.25687755994,16309.3005123448
40,expAE02,VUW_PISM2_s2,/Volumes/FMac/computing/data/antarctica/ismip6/hackathon/ComputedScalarsHelene/expAE02/shelfmelt/computed_shelfmelt_AIS_VUW_PISM2_s2_expAE02.nc,335412.6395482101,14805.36890353664,21792.9161511484,187611.62767565675,11533.23364812299,3613.6007055554805,201197.00544593457,121211.53805903939,12776.572546213145
41,expAE02,VUW_PISM2_s3,/Volumes/FMac/computing/data/antarctica/ismip6/hackathon/ComputedScalarsHelene/expAE02/shelfmelt/computed_shelfmelt_AIS_VUW_PISM2_s3_expAE02.nc,319064.1290031496,18342.405869785758,18788.562106787213,163265.43464608194,15184.574023876892,5415.185585958261,179235.53920126898,128730.43707487424,12212.409193885056
42,expAE02,VUW_PISM2_s4,/Volumes/FMac/computing/data/antarctica/ismip6/hackathon/ComputedScalarsHelene/expAE02/shelfmelt/computed_shelfmelt_AIS_VUW_PISM2_s4_expAE02.nc,444905.1160445387,61746.901151570026,32249.279661937027,220482.52044894348,22487.946321825864,5049.393105762896,265660.319042405,164304.85439313244,16396.879315096427
43,expAE03,DC_ISSM,/Volumes/FMac/computing/data/antarctica/ismip6/hackathon/ComputedScalarsHelene/expAE03/shelfmelt/computed_shelfmelt_AIS_DC_ISSM_expAE03.nc,68607.43231141273,7930.0440118165425,14751.418364147888,27724.772276518346,6601.6699819210035,1701.8824581787435,44976.17875774424,28070.71651607321,-3769.9673117692346
44,expAE03,DOE_MALI_4km,/Volumes/FMac/computing/data/antarctica/ismip6/hackathon/ComputedScalarsHelene/expAE03/shelfmelt/computed_shelfmelt_AIS_DOE_MALI_4km_expAE03.nc,278289.7563453485,94190.84163389311,37546.27679635628,54578.99484419757,24469.590647773508,21659.197939509635,179618.48507022858,96296.86588181801,3382.6016471318935
45,expAE03,DOE_MALI_8km_Ant95,/Volumes/FMac/computing/data/antarctica/ismip6/hackathon/ComputedScalarsHelene/expAE03/shelfmelt/computed_shelfmelt_AIS_DOE_MALI_8km_Ant95_expAE03.nc,594748.2206043537,292321.2348328872,102559.18024526001,117978.41187041138,27189.17937194949,28298.244844644596,460674.67810829135,130928.40363598682,4089.599759587069
46,expAE03,DOE_MALI_8km_AntMean,/Volumes/FMac/computing/data/antarctica/ismip6/hackathon/ComputedScalarsHelene/expAE03/shelfmelt/computed_shelfmelt_AIS_DOE_MALI_8km_AntMean_expAE03.nc,481775.7658480385,242935.06359313743,72147.18695434145,91031.34519793747,24400.909180444687,22819.071536477466,365652.31641555286,113280.34878976207,3478.7753092005682
47,expAE03,IGE_ElmerIce,/Volumes/FMac/computing/data/antarctica/ismip6/hackathon/ComputedScalarsHelene/expAE03/shelfmelt/computed_shelfmelt_AIS_IGE_ElmerIce_expAE03.nc,43111.58817522014,5140.297767320118,7549.951088645695,14669.076209058268,7630.201517646541,2661.1959014811146,24240.489066336613,25012.104394703092,-6002.016134587399
48,expAE03,ILTS_SICOPOLIS,/Volumes/FMac/computing/data/antarctica/ismip6/hackathon/ComputedScalarsHelene/expAE03/shelfmelt/computed_shelfmelt_AIS_ILTS_SICOPOLIS_expAE03.nc,562310.2163840175,117075.31745011066,144671.74053415493,153721.84758812562,27263.139811147517,4489.0358234573105,400650.53321390593,150446.72070338734,11253.64337931324
49,expAE03,IMAU_UFEMISM1,/Volumes/FMac/computing/data/antarctica/ismip6/hackathon/ComputedScalarsHelene/expAE03/shelfmelt/computed_shelfmelt_AIS_IMAU_UFEMISM1_expAE03.nc,103483.69561694721,0.0,27714.610232949457,61599.66071236526,0.0,0.0,68744.16457982482,37763.09257916137,-6508.497039071073
50,expAE03,IMAU_UFEMISM2,/Volumes/FMac/computing/data/antarctica/ismip6/hackathon/ComputedScalarsHelene/expAE03/shelfmelt/computed_shelfmelt_AIS_IMAU_UFEMISM2_expAE03.nc,115274.87130058339,0.0,41693.27119252413,63963.44832435143,0.0,0.0,83763.40592286696,34770.41412797361,0.0
51,expAE03,IMAU_UFEMISM3,/Volumes/FMac/computing/data/antarctica/ismip6/hackathon/ComputedScalarsHelene/expAE03/shelfmelt/computed_shelfmelt_AIS_IMAU_UFEMISM3_expAE03.nc,184481.80718631193,6129.507324470356,62943.28221578062,94612.66710230231,0.0,2131.9369226828294,133263.14689802256,49521.771591500816,0.0
52,expAE03,IMAU_UFEMISM4,/Volumes/FMac/computing/data/antarctica/ismip6/hackathon/ComputedScalarsHelene/expAE03/shelfmelt/computed_shelfmelt_AIS_IMAU_UFEMISM4_expAE03.nc,154098.07526304314,4813.916880631941,56629.82699451085,69461.1872890289,0.0,670.3673848871881,114198.53653197334,40504.056434845836,0.0
53,expAE03,LSCE_GRISLI2,/Volumes/FMac/computing/data/antarctica/ismip6/hackathon/ComputedScalarsHelene/expAE03/shelfmelt/computed_shelfmelt_AIS_LSCE_GRISLI2_expAE03.nc,78894.01692623258,2043.3279140351306,42063.908697388746,33475.81910245665,2755.174150083169,607.9046082886066,76029.86127149657,14751.631392333164,-8098.746674717047
54,expAE03,LSCE_GRISLI,/Volumes/FMac/computing/data/antarctica/ismip6/hackathon/ComputedScalarsHelene/expAE03/shelfmelt/computed_shelfmelt_AIS_LSCE_GRISLI_expAE03.nc,347048.7599866548,83324.0882934967,91328.01186468873,65895.70670872676,17922.303444153644,2394.535902436669,248949.6164008272,93515.70507593796,12959.340243522589
55,expAE03,NCAR_CISM1,/Volumes/FMac/computing/data/antarctica/ismip6/hackathon/ComputedScalarsHelene/expAE03/shelfmelt/computed_shelfmelt_AIS_NCAR_CISM1_expAE03.nc,54993.3125271588,6114.766711327228,16682.264711975764,27975.123796613596,-1494.75810630639,1315.2641157536864,45974.13627838613,16475.698435325357,-6419.06795960196
56,expAE03,NCAR_CISM2,/Volumes/FMac/computing/data/antarctica/ismip6/hackathon/ComputedScalarsHelene/expAE03/shelfmelt/computed_shelfmelt_AIS_NCAR_CISM2_expAE03.nc,381216.8680023397,83846.022589065,67848.90048672167,77359.18786712484,23994.94055648051,10456.275348414863,223179.47565202086,140397.54070043593,14200.24481914411
57,expAE03,NORCE_CISM2-MAR364-ERA-t1,/Volumes/FMac/computing/data/antarctica/ismip6/hackathon/ComputedScalarsHelene/expAE03/shelfmelt/computed_shelfmelt_AIS_NORCE_CISM2-MAR364-ERA-t1_expAE03.nc,265979.9464078723,45019.96320505696,63795.707564195,91897.8836962863,20454.931711510573,4068.021112008338,162059.20924925827,105345.28116984224,-151.2473437247445
58,expAE03,NORCE_CISM3-MAR364-ERA-t1-local,/Volumes/FMac/computing/data/antarctica/ismip6/hackathon/ComputedScalarsHelene/expAE03/shelfmelt/computed_shelfmelt_AIS_NORCE_CISM3-MAR364-ERA-t1-local_expAE03.nc,102939.47752074698,14932.203396968225,29159.260117342485,34815.34281751481,3901.698732757596,1304.6012736703678,69313.93905454909,37734.326965891436,-3597.036484103527
59,expAE03,NORCE_CISM3-MAR364-ERA-t1-nonlocal,/Volumes/FMac/computing/data/antarctica/ismip6/hackathon/ComputedScalarsHelene/expAE03/shelfmelt/computed_shelfmelt_AIS_NORCE_CISM3-MAR364-ERA-t1-nonlocal_expAE03.nc,87535.48541762607,13665.449395543343,27394.011300969174,26376.978007324404,1966.9153082019002,1004.1392735474459,62027.524755028266,29305.65615320582,-2717.3858791364582
60,expAE03,NORCE_CISM3-MAR364-ERA-t1,/Volumes/FMac/computing/data/antarctica/ismip6/hackathon/ComputedScalarsHelene/expAE03/shelfmelt/computed_shelfmelt_AIS_NORCE_CISM3-MAR364-ERA-t1_expAE03.nc,252678.4211411856,61155.71633204015,46949.703314560444,86529.9507330566,17281.81024832982,3846.133156389684,163797.7080650633,94532.12649227121,-3928.920602036527
61,expAE03,NORCE_CISM4-MAR364-ERA-t1-local,/Volumes/FMac/computing/data/antarctica/ismip6/hackathon/ComputedScalarsHelene/expAE03/shelfmelt/computed_shelfmelt_AIS_NORCE_CISM4-MAR364-ERA-t1-local_expAE03.nc,130980.23574897685,16198.366214617532,34131.35164327563,45844.23641468324,9394.861712072652,1139.1333385769171,84118.78789101595,52038.271500770185,-3986.4953189412918
62,expAE03,NORCE_CISM4-MAR364-ERA-t1-nonlocal,/Volumes/FMac/computing/data/antarctica/ismip6/hackathon/ComputedScalarsHelene/expAE03/shelfmelt/computed_shelfmelt_AIS_NORCE_CISM4-MAR364-ERA-t1-nonlocal_expAE03.nc,112283.24498047108,17498.66129015216,30277.400908991887,32930.13517757378,7876.142665665395,1529.597788902441,72766.3384857082,43956.724788303334,-3427.9411767793026
63,expAE03,NORCE_CISM4-MAR364-ERA-t1,/Volumes/FMac/computing/data/antarctica/ismip6/hackathon/ComputedScalarsHelene/expAE03/shelfmelt/computed_shelfmelt_AIS_NORCE_CISM4-MAR364-ERA-t1_expAE03.nc,199004.38599493165,38271.53259450038,38796.329821953645,74479.82045781458,20985.554347261856,1159.98708691512,126609.60145550207,78073.28267633355,-4679.441834361404
64,expAE03,NORCE_CISM4-MAR364-JRA-t1,/Volumes/FMac/computing/data/antarctica/ismip6/hackathon/ComputedScalarsHelene/expAE03/shelfmelt/computed_shelfmelt_AIS_NORCE_CISM4-MAR364-JRA-t1_expAE03.nc,211259.17780174545,36413.536275004924,44926.636107192535,79354.35782580111,22473.548801172845,1143.076415067651,133880.55923571863,83032.498636915,-4508.839882351121
65,expAE03,NORCE_CISM5-MAR364-ERA-t1-local,/Volumes/FMac/computing/data/antarctica/ismip6/hackathon/ComputedScalarsHelene/expAE03/shelfmelt/computed_shelfmelt_AIS_NORCE_CISM5-MAR364-ERA-t1-local_expAE03.nc,144921.20345760966,12960.42844415828,37288.074957087825,50849.6638190161,19669.096568514356,543.9382220127641,81292.46670277131,70014.42229962132,-4911.667609717502
66,expAE03,NORCE_CISM5-MAR364-ERA-t1-nonlocal,/Volumes/FMac/computing/data/antarctica/ismip6/hackathon/ComputedScalarsHelene/expAE03/shelfmelt/computed_shelfmelt_AIS_NORCE_CISM5-MAR364-ERA-t1-nonlocal_expAE03.nc,138121.41526479903,23622.38770487031,32559.195023059656,36277.67528044146,16068.048481521448,347.43986069015637,82711.16902729431,60013.005220070045,-4033.7777812194845
67,expAE03,NORCE_CISM5-MAR364-ERA-t1,/Volumes/FMac/computing/data/antarctica/ismip6/hackathon/ComputedScalarsHelene/expAE03/shelfmelt/computed_shelfmelt_AIS_NORCE_CISM5-MAR364-ERA-t1_expAE03.nc,165096.13937556575,25240.126773558008,34692.94750076363,66219.37593361939,14662.33032274032,498.1144621116964,105157.04109645347,65476.664601764525,-4443.6424628250925
68,expAE03,PIK_PISM,/Volumes/FMac/computing/data/antarctica/ismip6/hackathon/ComputedScalarsHelene/expAE03/shelfmelt/computed_shelfmelt_AIS_PIK_PISM_expAE03.nc,223029.1189986663,23094.648094936198,41682.42697815746,59185.4114900867,23067.928658925637,7556.947597835242,114302.77769354497,107582.8400253089,1919.5887794714208
69,expAE03,UCM_Yelmo,/Volumes/FMac/computing/data/antarctica/ismip6/hackathon/ComputedScalarsHelene/expAE03/shelfmelt/computed_shelfmelt_AIS_UCM_Yelmo_expAE03.nc,89852.25814138012,5269.815062670465,13898.27391872545,36685.2748789261,-873.9605773710009,507.5034007875329,52954.17513034304,33590.238392784224,4696.538738249198
70,expAE03,UCSD_ISSM,/Volumes/FMac/computing/data/antarctica/ismip6/hackathon/ComputedScalarsHelene/expAE03/shelfmelt/computed_shelfmelt_AIS_UCSD_ISSM_expAE03.nc,121158.72923677425,83599.76443591817,9180.983132562036,9538.463195487708,13282.117160921705,4542.8730410355565,93853.48979367867,33901.87660982333,-6189.137996002884
71,expAE03,ULB_fETISh-KoriBU1,/Volumes/FMac/computing/data/antarctica/ismip6/hackathon/ComputedScalarsHelene/expAE03/shelfmelt/computed_shelfmelt_AIS_ULB_fETISh-KoriBU1_expAE03.nc,221825.3288072036,60748.91914993402,25829.935702830076,48001.37699183752,10865.999992087356,24289.922158746704,126583.98509633576,98276.09392588356,881.040713839735
72,expAE03,ULB_fETISh-KoriBU2,/Volumes/FMac/computing/data/antarctica/ismip6/hackathon/ComputedScalarsHelene/expAE03/shelfmelt/computed_shelfmelt_AIS_ULB_fETISh-KoriBU2_expAE03.nc,431490.9228672771,266960.7707300398,30677.942551910586,73307.82187895168,10607.117749617031,6317.739138340636,362804.45368948334,67476.47092492243,-1249.2471791632354
73,expAE03,UNN_Ua,/Volumes/FMac/computing/data/antarctica/ismip6/hackathon/ComputedScalarsHelene/expAE03/shelfmelt/computed_shelfmelt_AIS_UNN_Ua_expAE03.nc,156138.70289652556,25104.38901475091,31528.167298598015,55790.58131447921,8599.626772900481,2372.252338998963,101941.5282445216,50753.76393247828,4306.29943572912
74,expAE03,UTAS_ElmerIce,/Volumes/FMac/computing/data/antarctica/ismip6/hackathon/ComputedScalarsHelene/expAE03/shelfmelt/computed_shelfmelt_AIS_UTAS_ElmerIce_expAE03.nc,52729.90616862985,934.5430408542466,13538.424800879295,24172.56845506234,5689.379287630713,1357.638431437616,32352.959742302894,22435.14785656862,-2071.252937225325
75,expAE03,VUB_AISMPALEO,/Volumes/FMac/computing/data/antarctica/ismip6/hackathon/ComputedScalarsHelene/expAE03/shelfmelt/computed_shelfmelt_AIS_VUB_AISMPALEO_expAE03.nc,64438.743670037235,-762.7389680505192,20989.263044445503,43915.492500685985,0.0,0.0,38609.831519106185,28416.531879011178,-6363.572594188274
76,expAE03,VUW_PISM1,/Volumes/FMac/computing/data/antarctica/ismip6/hackathon/ComputedScalarsHelene/expAE03/shelfmelt/computed_shelfmelt_AIS_VUW_PISM1_expAE03.nc,320010.7234019911,25704.78613311349,29999.12873940659,146536.19545538625,14783.112073668835,3225.5268106991707,210502.13345156814,94029.06421258966,15923.920430638625
77,expAE03,VUW_PISM1_s1,/Volumes/FMac/computing/data/antarctica/ismip6/hackathon/ComputedScalarsHelene/expAE03/shelfmelt/computed_shelfmelt_AIS_VUW_PISM1_s1_expAE03.nc,367698.65594807634,31796.461162348514,35635.33108575401,163671.99882197296,20965.787270890432,3242.6833953961795,237223.27827534534,114483.85867286588,16625.825608392628
78,expAE03,VUW_PISM1_s2,/Volumes/FMac/computing/data/antarctica/ismip6/hackathon/ComputedScalarsHelene/expAE03/shelfmelt/computed_shelfmelt_AIS_VUW_PISM1_s2_expAE03.nc,272796.55768607964,15728.402145818258,27006.6497711558,130560.13607063449,7589.304048201404,1480.1318980236085,181546.0829136673,77727.64544455239,13772.594756430757
79,expAE03,VUW_PISM1_s3,/Volumes/FMac/computing/data/antarctica/ismip6/hackathon/ComputedScalarsHelene/expAE03/shelfmelt/computed_shelfmelt_AIS_VUW_PISM1_s3_expAE03.nc,245080.08496240096,14266.193495144442,18061.960245603914,110478.65723759183,17594.33993036426,1697.0565527088593,149248.0625275378,84197.22156530347,11930.708591598925
80,expAE03,VUW_PISM1_s4,/Volumes/FMac/computing/data/antarctica/ismip6/hackathon/ComputedScalarsHelene/expAE03/shelfmelt/computed_shelfmelt_AIS_VUW_PISM1_s4_expAE03.nc,357431.29502005706,28841.899092845375,40402.062582315906,158926.97815912127,21396.859679462686,4070.400860582414,226430.82699618785,114691.20045797902,17106.226578211794
81,expAE03,VUW_PISM2,/Volumes/FMac/computing/data/antarctica/ismip6/hackathon/ComputedScalarsHelene/expAE03/shelfmelt/computed_shelfmelt_AIS_VUW_PISM2_expAE03.nc,479591.5906236304,100288.24098105519,33490.61010595773,173668.0766912621,22036.67001253713,2335.4353839493306,325580.06355648907,130401.19021410035,25924.962212283484
82,expAE03,VUW_PISM2_s1,/Volumes/FMac/computing/data/antarctica/ismip6/hackathon/ComputedScalarsHelene/expAE03/shelfmelt/computed_shelfmelt_AIS_VUW_PISM2_s1_expAE03.nc,546320.3035955972,109740.59541190768,41191.330968297705,189983.55461133335,29661.83923017504,4942.122025765242,357881.3356901916,165990.58491512062,27229.89030894345
83,expAE03,VUW_PISM2_s2,/Volumes/FMac/computing/data/antarctica/ismip6/hackathon/ComputedScalarsHelene/expAE03/shelfmelt/computed_shelfmelt_AIS_VUW_PISM2_s2_expAE03.nc,429039.7559134554,92773.39084591478,29063.273210708852,158178.10652892193,14150.18141121469,3598.0579026993637,297913.4062126039,108377.32931823918,24976.949040460717
84,expAE03,VUW_PISM2_s3,/Volumes/FMac/computing/data/antarctica/ismip6/hackathon/ComputedScalarsHelene/expAE03/shelfmelt/computed_shelfmelt_AIS_VUW_PISM2_s3_expAE03.nc,341048.77906513505,32513.8290448603,24731.163238616104,139020.00471777405,16585.813751756228,4073.9467241321163,203581.5841226463,115722.78630142268,23289.195335408254
85,expAE03,VUW_PISM2_s4,/Volumes/FMac/computing/data/antarctica/ismip6/hackathon/ComputedScalarsHelene/expAE03/shelfmelt/computed_shelfmelt_AIS_VUW_PISM2_s4_expAE03.nc,535495.9213069448,126335.8278749428,45627.58514949928,186900.13511493703,26228.644289826796,4450.497675086506,366508.3334009493,146540.48080252035,27315.868370954886
86,expAE04,DC_ISSM,/Volumes/FMac/computing/data/antarctica/ismip6/hackathon/ComputedScalarsHelene/expAE04/shelfmelt/computed_shelfmelt_AIS_DC_ISSM_expAE04.nc,80545.4300331865,5843.08927649395,10716.222395884604,57447.052680538385,7535.483139679507,1065.524623189257,54133.80857774967,44164.40296300982,-17229.70609091237
87,expAE04,DOE_MALI_4km,/Volumes/FMac/computing/data/antarctica/ismip6/hackathon/ComputedScalarsHelene/expAE04/shelfmelt/computed_shelfmelt_AIS_DOE_MALI_4km_expAE04.nc,306900.9906554815,36298.55347344249,31714.66436325622,142120.6003331209,23972.191895654993,11650.907728165112,178373.67234816795,123687.71723394132,3476.6683436879744
88,expAE04,DOE_MALI_8km_Ant95,/Volumes/FMac/computing/data/antarctica/ismip6/hackathon/ComputedScalarsHelene/expAE04/shelfmelt/computed_shelfmelt_AIS_DOE_MALI_8km_Ant95_expAE04.nc,439976.78951051686,128603.78823070806,39189.41677304791,169679.09834431543,27185.669247150792,10447.954948377599,288753.6891497829,149728.99005921744,1042.4575907829376
89,expAE04,DOE_MALI_8km_AntMean,/Volumes/FMac/computing/data/antarctica/ismip6/hackathon/ComputedScalarsHelene/expAE04/shelfmelt/computed_shelfmelt_AIS_DOE_MALI_8km_AntMean_expAE04.nc,376320.87672450364,93492.63444208294,31304.166224296874,146766.7664456244,24138.77349158807,8826.355598283651,238156.02450742357,134729.91378468508,1602.8915818035293
90,expAE04,IGE_ElmerIce,/Volumes/FMac/computing/data/antarctica/ismip6/hackathon/ComputedScalarsHelene/expAE04/shelfmelt/computed_shelfmelt_AIS_IGE_ElmerIce_expAE04.nc,36779.309845249336,2368.2705362580427,4943.856236755659,23141.3397717571,6629.981833809099,1612.6830655026342,23352.821040934097,23787.324221994753,-8806.600339955607
91,expAE04,ILTS_SICOPOLIS,/Volumes/FMac/computing/data/antarctica/ismip6/hackathon/ComputedScalarsHelene/expAE04/shelfmelt/computed_shelfmelt_AIS_ILTS_SICOPOLIS_expAE04.nc,651541.033693808,78831.61361230101,119988.18121076425,273100.5712749038,29701.670357794617,5296.276782151985,403848.8959410484,231504.33181490964,15345.282136731883
92,expAE04,IMAU_UFEMISM1,/Volumes/FMac/computing/data/antarctica/ismip6/hackathon/ComputedScalarsHelene/expAE04/shelfmelt/computed_shelfmelt_AIS_IMAU_UFEMISM1_expAE04.nc,96849.06922111518,0.0,30693.022607239043,74317.63324224835,0.0,0.0,79953.01216561648,33972.206896669326,0.0
93,expAE04,IMAU_UFEMISM2,/Volumes/FMac/computing/data/antarctica/ismip6/hackathon/ComputedScalarsHelene/expAE04/shelfmelt/computed_shelfmelt_AIS_IMAU_UFEMISM2_expAE04.nc,112901.13057642363,0.0,38018.52347165022,89846.4345272633,0.0,0.0,92559.49068634583,32573.781745410713,0.0
94,expAE04,IMAU_UFEMISM3,/Volumes/FMac/computing/data/antarctica/ismip6/hackathon/ComputedScalarsHelene/expAE04/shelfmelt/computed_shelfmelt_AIS_IMAU_UFEMISM3_expAE04.nc,197034.65721913072,5838.933544632688,54886.97507695414,132764.62358318313,2156.051215032842,0.0,143665.45351822398,60703.477801265166,0.0
95,expAE04,IMAU_UFEMISM4,/Volumes/FMac/computing/data/antarctica/ismip6/hackathon/ComputedScalarsHelene/expAE04/shelfmelt/computed_shelfmelt_AIS_IMAU_UFEMISM4_expAE04.nc,169322.96233198175,6766.066101823465,53309.720652558666,88502.60468874546,4029.365632164075,0.0,131554.4866411123,41866.30178974808,0.0
96,expAE04,LSCE_GRISLI2,/Volumes/FMac/computing/data/antarctica/ismip6/hackathon/ComputedScalarsHelene/expAE04/shelfmelt/computed_shelfmelt_AIS_LSCE_GRISLI2_expAE04.nc,82613.30792284964,4298.365628956039,32717.73760329747,47356.20847363805,1384.7420321188667,1703.4871571546987,80370.07828490372,18407.601800116354,-16547.658015869656
97,expAE04,LSCE_GRISLI,/Volumes/FMac/computing/data/antarctica/ismip6/hackathon/ComputedScalarsHelene/expAE04/shelfmelt/computed_shelfmelt_AIS_LSCE_GRISLI_expAE04.nc,493586.8055577201,42553.30017980469,84597.78246003565,115847.91825687386,33288.94893477613,10259.906205569332,246471.1774280322,219093.9166431398,32113.366711092654
98,expAE04,NCAR_CISM1,/Volumes/FMac/computing/data/antarctica/ismip6/hackathon/ComputedScalarsHelene/expAE04/shelfmelt/computed_shelfmelt_AIS_NCAR_CISM1_expAE04.nc,89031.55967705735,3410.898863675563,15120.824721002089,68578.58570747661,-3127.0732780236026,268.4130112814063,66023.73368587598,35057.73844503444,-9840.992343662168
99,expAE04,NCAR_CISM2,/Volumes/FMac/computing/data/antarctica/ismip6/hackathon/ComputedScalarsHelene/expAE04/shelfmelt/computed_shelfmelt_AIS_NCAR_CISM2_expAE04.nc,340816.3608431298,17715.023480368247,56722.780496531894,154156.1841062543,14819.964463132157,2688.6785514068297,180844.67880179273,135464.24547823105,20289.00315374718
100,expAE04,NORCE_CISM2-MAR364-ERA-t1,/Volumes/FMac/computing/data/antarctica/ismip6/hackathon/ComputedScalarsHelene/expAE04/shelfmelt/computed_shelfmelt_AIS_NORCE_CISM2-MAR364-ERA-t1_expAE04.nc,372840.3300691789,64561.8286951312,55435.72419185178,161821.16413436225,26319.371179648057,3683.0453332168718,204085.87964650663,172446.131058553,-4048.891518762709
101,expAE04,NORCE_CISM3-MAR364-ERA-t1-local,/Volumes/FMac/computing/data/antarctica/ismip6/hackathon/ComputedScalarsHelene/expAE04/shelfmelt/computed_shelfmelt_AIS_NORCE_CISM3-MAR364-ERA-t1-local_expAE04.nc,118480.57642242529,6046.601191232605,24223.7158939774,69445.6930735191,1669.1220470758353,228.8929843760909,73811.9778017494,53221.79612071905,-7661.892914899343
102,expAE04,NORCE_CISM3-MAR364-ERA-t1-nonlocal,/Volumes/FMac/computing/data/antarctica/ismip6/hackathon/ComputedScalarsHelene/expAE04/shelfmelt/computed_shelfmelt_AIS_NORCE_CISM3-MAR364-ERA-t1-nonlocal_expAE04.nc,128178.88552174717,8475.95192505378,25307.12669457784,66325.37098698913,2564.6909082863986,373.8954827209491,77047.98839963731,58967.58971523846,-7196.671381308878
103,expAE04,NORCE_CISM3-MAR364-ERA-t1,/Volumes/FMac/computing/data/antarctica/ismip6/hackathon/ComputedScalarsHelene/expAE04/shelfmelt/computed_shelfmelt_AIS_NORCE_CISM3-MAR364-ERA-t1_expAE04.nc,345906.1434787172,58653.16777837163,41285.721483996094,161330.62960803154,20685.18077495053,3894.378195273839,194034.67978990122,152147.13872208903,-6502.9523899245705
104,expAE04,NORCE_CISM4-MAR364-ERA-t1-local,/Volumes/FMac/computing/data/antarctica/ismip6/hackathon/ComputedScalarsHelene/expAE04/shelfmelt/computed_shelfmelt_AIS_NORCE_CISM4-MAR364-ERA-t1-local_expAE04.nc,164356.373064123,10507.614994364507,30508.820358566496,83181.46869932843,8663.280440390405,896.6681627044645,95485.64764019857,77852.73238479847,-7149.463751716026
105,expAE04,NORCE_CISM4-MAR364-ERA-t1-nonlocal,/Volumes/FMac/computing/data/antarctica/ismip6/hackathon/ComputedScalarsHelene/expAE04/shelfmelt/computed_shelfmelt_AIS_NORCE_CISM4-MAR364-ERA-t1-nonlocal_expAE04.nc,172068.21366207206,13185.600066273168,30603.972304385672,79314.362555826,10269.246357510798,1053.4501783861815,96504.70492401956,83589.6291336955,-6641.690718230304
106,expAE04,NORCE_CISM4-MAR364-ERA-t1,/Volumes/FMac/computing/data/antarctica/ismip6/hackathon/ComputedScalarsHelene/expAE04/shelfmelt/computed_shelfmelt_AIS_NORCE_CISM4-MAR364-ERA-t1_expAE04.nc,311661.03430860647,32992.56556112936,39949.63394137699,164855.95213106566,26642.23165214153,2464.146680050643,172979.25675220127,139193.94244851696,-7774.6637695057825
107,expAE04,NORCE_CISM4-MAR364-JRA-t1,/Volumes/FMac/computing/data/antarctica/ismip6/hackathon/ComputedScalarsHelene/expAE04/shelfmelt/computed_shelfmelt_AIS_NORCE_CISM4-MAR364-JRA-t1_expAE04.nc,332283.47672432824,33667.66429739026,45715.48178441948,175961.8731648377,28663.512847899834,2388.26407012446,186094.61250265676,146423.0682967159,-7930.452691418273
108,expAE04,NORCE_CISM5-MAR364-ERA-t1-local,/Volumes/FMac/computing/data/antarctica/ismip6/hackathon/ComputedScalarsHelene/expAE04/shelfmelt/computed_shelfmelt_AIS_NORCE_CISM5-MAR364-ERA-t1-local_expAE04.nc,238321.1388544457,13384.516135570448,29800.64322812351,109423.75142417978,25051.332312419676,1495.2223609357607,111732.23581593357,132235.467524524,-10269.06206583056
109,expAE04,NORCE_CISM5-MAR364-ERA-t1-nonlocal,/Volumes/FMac/computing/data/antarctica/ismip6/hackathon/ComputedScalarsHelene/expAE04/shelfmelt/computed_shelfmelt_AIS_NORCE_CISM5-MAR364-ERA-t1-nonlocal_expAE04.nc,249486.5275878072,21220.739579722882,29927.251163556917,105527.11840923202,24862.444840293658,1613.1648033232577,123463.62430502128,131582.24312958404,-11004.097581319274
110,expAE04,NORCE_CISM5-MAR364-ERA-t1,/Volumes/FMac/computing/data/antarctica/ismip6/hackathon/ComputedScalarsHelene/expAE04/shelfmelt/computed_shelfmelt_AIS_NORCE_CISM5-MAR364-ERA-t1_expAE04.nc,282370.856075958,12900.53108671109,27981.567589710066,146080.04714647564,28478.062238270497,-292.61621223446855,137538.871782879,142724.78988353588,-9513.309532995965
111,expAE04,PIK_PISM,/Volumes/FMac/computing/data/antarctica/ismip6/hackathon/ComputedScalarsHelene/expAE04/shelfmelt/computed_shelfmelt_AIS_PIK_PISM_expAE04.nc,186621.37150814294,11642.462335274804,25552.761725783683,81554.40783874574,16127.393587633816,3494.466410311248,98541.0104051613,92941.20240095742,-5936.5411324901925
112,expAE04,UCM_Yelmo,/Volumes/FMac/computing/data/antarctica/ismip6/hackathon/ComputedScalarsHelene/expAE04/shelfmelt/computed_shelfmelt_AIS_UCM_Yelmo_expAE04.nc,152192.8791146769,5249.720035218374,16036.012216877383,88697.3373853789,-555.5915017325892,377.493223418021,88864.51133372268,75479.95991755037,-19886.90416746062
113,expAE04,UCSD_ISSM,/Volumes/FMac/computing/data/antarctica/ismip6/hackathon/ComputedScalarsHelene/expAE04/shelfmelt/computed_shelfmelt_AIS_UCSD_ISSM_expAE04.nc,111514.09654339656,44931.004818787194,13248.374835663046,12156.198661377144,17243.587760999875,3795.909541597588,65610.13015990792,47863.47872591269,-206.36629306844293
114,expAE04,ULB_fETISh-KoriBU1,/Volumes/FMac/computing/data/antarctica/ismip6/hackathon/ComputedScalarsHelene/expAE04/shelfmelt/computed_shelfmelt_AIS_ULB_fETISh-KoriBU1_expAE04.nc,144993.4908930579,8033.6877580337205,20146.547244065943,57918.480175081204,7618.126826039574,5812.309211904014,71399.03800347529,72675.69369530708,3060.808842500659
115,expAE04,ULB_fETISh-KoriBU2,/Volumes/FMac/computing/data/antarctica/ismip6/hackathon/ComputedScalarsHelene/expAE04/shelfmelt/computed_shelfmelt_AIS_ULB_fETISh-KoriBU2_expAE04.nc,328913.02183948597,93936.51563734717,28329.613209803676,122209.55781641361,12004.431160439997,3245.7488395577657,220231.0241059692,107357.70433379771,2192.3063944765727
116,expAE04,UNN_Ua,/Volumes/FMac/computing/data/antarctica/ismip6/hackathon/ComputedScalarsHelene/expAE04/shelfmelt/computed_shelfmelt_AIS_UNN_Ua_expAE04.nc,186626.66902983186,8516.667129286758,25282.1504678638,91987.79961972983,10040.820083402188,1456.1134657428536,109142.80664665227,68964.41379120713,7186.647831505976
117,expAE04,UTAS_ElmerIce,/Volumes/FMac/computing/data/antarctica/ismip6/hackathon/ComputedScalarsHelene/expAE04/shelfmelt/computed_shelfmelt_AIS_UTAS_ElmerIce_expAE04.nc,70600.4680887516,1469.3678646800972,11592.803010436146,45929.294839699825,4596.094116974892,231.69521442764005,44923.25436093587,29376.761430477083,-2542.2233030903917
118,expAE04,VUB_AISMPALEO,/Volumes/FMac/computing/data/antarctica/ismip6/hackathon/ComputedScalarsHelene/expAE04/shelfmelt/computed_shelfmelt_AIS_VUB_AISMPALEO_expAE04.nc,104290.75163180026,6957.519272225933,10649.646348130555,61911.5305145955,-2080.295372268608,-2675.2883615480796,52348.79082134159,15751.474125182329,45770.60376674492
119,expAE04,VUW_PISM1,/Volumes/FMac/computing/data/antarctica/ismip6/hackathon/ComputedScalarsHelene/expAE04/shelfmelt/computed_shelfmelt_AIS_VUW_PISM1_expAE04.nc,378066.5375317335,34862.31341813656,22577.89893758173,206488.99440878868,15196.810058388699,2039.1446771077644,247079.10627042816,120627.3347229849,10181.285232158609
120,expAE04,VUW_PISM1_s1,/Volumes/FMac/computing/data/antarctica/ismip6/hackathon/ComputedScalarsHelene/expAE04/shelfmelt/computed_shelfmelt_AIS_VUW_PISM1_s1_expAE04.nc,423323.9241167868,37958.42743365137,27973.089457489288,222754.28728867345,19781.071688464388,2559.4680885358684,268996.92701293505,141878.53498884733,12872.044689472776
121,expAE04,VUW_PISM1_s2,/Volumes/FMac/computing/data/antarctica/ismip6/hackathon/ComputedScalarsHelene/expAE04/shelfmelt/computed_shelfmelt_AIS_VUW_PISM1_s2_expAE04.nc,340757.2174461725,28247.610509114304,20460.019734051264,189914.53272009853,14239.20410174692,2127.032616035115,222499.26565064612,110264.85767451412,7675.344352009439
122,expAE04,VUW_PISM1_s3,/Volumes/FMac/computing/data/antarctica/ismip6/hackathon/ComputedScalarsHelene/expAE04/shelfmelt/computed_shelfmelt_AIS_VUW_PISM1_s3_expAE04.nc,301273.52603122714,15640.38068763696,17271.777815505295,165452.4459650849,14080.188078778821,2383.1873624388845,182913.78682252415,112907.24124956952,5386.5250025180185
123,expAE04,VUW_PISM1_s4,/Volumes/FMac/computing/data/antarctica/ismip6/hackathon/ComputedScalarsHelene/expAE04/shelfmelt/computed_shelfmelt_AIS_VUW_PISM1_s4_expAE04.nc,414403.70019439305,35984.13661058954,31704.412102413644,221228.323237588,21017.412647517267,3232.43087183603,256982.3980430192,145664.72377875843,11838.669421014936
124,expAE04,VUW_PISM2,/Volumes/FMac/computing/data/antarctica/ismip6/hackathon/ComputedScalarsHelene/expAE04/shelfmelt/computed_shelfmelt_AIS_VUW_PISM2_expAE04.nc,545025.2885427854,87538.99049418644,26526.570606659618,262285.50185591535,20922.257953336066,3300.9984637982834,338233.53215799644,185768.1956656294,24753.673827348957
125,expAE04,VUW_PISM2_s1,/Volumes/FMac/computing/data/antarctica/ismip6/hackathon/ComputedScalarsHelene/expAE04/shelfmelt/computed_shelfmelt_AIS_VUW_PISM2_s1_expAE04.nc,596701.6398893087,77159.15284088108,31138.411243933464,275824.30358211225,26834.68000044392,6977.243560584891,357131.3046411935,214095.1726478048,31348.05593977896
126,expAE04,VUW_PISM2_s2,/Volumes/FMac/computing/data/antarctica/ismip6/hackathon/ComputedScalarsHelene/expAE04/shelfmelt/computed_shelfmelt_AIS_VUW_PISM2_s2_expAE04.nc,485179.40446684905,76823.08029257489,23323.89516256098,237072.3035086079,18847.40706105718,2946.5493776037038,305132.0185159284,161691.15939232503,21290.15109327996
127,expAE04,VUW_PISM2_s3,/Volumes/FMac/computing/data/antarctica/ismip6/hackathon/ComputedScalarsHelene/expAE04/shelfmelt/computed_shelfmelt_AIS_VUW_PISM2_s3_expAE04.nc,419831.63408533134,38598.31751273458,22160.87852357247,209507.13985359753,14076.392374231224,4270.89398975603,247037.55332451986,155405.576511913,18577.091978220902
128,expAE04,VUW_PISM2_s4,/Volumes/FMac/computing/data/antarctica/ismip6/hackathon/ComputedScalarsHelene/expAE04/shelfmelt/computed_shelfmelt_AIS_VUW_PISM2_s4_expAE04.nc,615914.6236704101,111283.22071129474,35145.2422326519,273682.6883731207,23094.690865471955,6514.743830114039,392014.46471213805,198881.51236143807,28156.430805827134
129,expAE05,DC_ISSM,/Volumes/FMac/computing/data/antarctica/ismip6/hackathon/ComputedScalarsHelene/expAE05/shelfmelt/computed_shelfmelt_AIS_DC_ISSM_expAE05.nc,62163.36245596198,5776.447084132371,19647.528544776236,21091.689620580677,5895.583311939417,2828.2608433529203,40907.664088128164,25539.84549854994,-4377.461823880102
130,expAE05,DOE_MALI_4km,/Volumes/FMac/computing/data/antarctica/ismip6/hackathon/ComputedScalarsHelene/expAE05/shelfmelt/computed_shelfmelt_AIS_DOE_MALI_4km_expAE05.nc,266674.4658948635,45699.16256906047,59940.33834295366,57134.56718853826,20117.850049951532,29054.220346379363,159709.99407138606,104738.48056869056,1498.4421408482287
131,expAE05,DOE_MALI_8km_Ant95,/Volumes/FMac/computing/data/antarctica/ismip6/hackathon/ComputedScalarsHelene/expAE05/shelfmelt/computed_shelfmelt_AIS_DOE_MALI_8km_Ant95_expAE05.nc,532977.6122693573,207714.76865291846,111392.08499595555,104646.32537987326,19252.37102461006,36204.2561012161,395507.3654957032,134591.00692262978,1424.4981379631688
132,expAE05,DOE_MALI_8km_AntMean,/Volumes/FMac/computing/data/antarctica/ismip6/hackathon/ComputedScalarsHelene/expAE05/shelfmelt/computed_shelfmelt_AIS_DOE_MALI_8km_AntMean_expAE05.nc,399641.2748587786,146423.0131055022,67825.80695795594,72417.18568439996,17033.35502017838,30905.673729230228,280048.52036292554,116550.54044781136,2010.9189341314457
133,expAE05,IGE_ElmerIce,/Volumes/FMac/computing/data/antarctica/ismip6/hackathon/ComputedScalarsHelene/expAE05/shelfmelt/computed_shelfmelt_AIS_IGE_ElmerIce_expAE05.nc,41748.664440628505,4558.064832865592,9035.689671854368,10539.3058467351,7395.66328926311,3679.7458037051165,20567.498511598114,24150.437074948255,-3255.5811374605364
134,expAE05,ILTS_SICOPOLIS,/Volumes/FMac/computing/data/antarctica/ismip6/hackathon/ComputedScalarsHelene/expAE05/shelfmelt/computed_shelfmelt_AIS_ILTS_SICOPOLIS_expAE05.nc,598851.0860088391,57308.37090057907,213649.59641597717,167534.4501538204,25163.1809024799,22026.557334430283,414682.6845504202,184553.88939639108,282.94768611760946
135,expAE05,IMAU_UFEMISM1,/Volumes/FMac/computing/data/antarctica/ismip6/hackathon/ComputedScalarsHelene/expAE05/shelfmelt/computed_shelfmelt_AIS_IMAU_UFEMISM1_expAE05.nc,86598.59685563469,0.0,28304.02274396926,49546.05911639747,0.0,0.0,64431.50411506164,30273.374956562617,-6311.314139520501
136,expAE05,IMAU_UFEMISM2,/Volumes/FMac/computing/data/antarctica/ismip6/hackathon/ComputedScalarsHelene/expAE05/shelfmelt/computed_shelfmelt_AIS_IMAU_UFEMISM2_expAE05.nc,108831.77869270295,0.0,45555.243872684136,53815.512248835395,0.0,0.0,84827.17304699398,28640.804314481302,0.0
137,expAE05,IMAU_UFEMISM3,/Volumes/FMac/computing/data/antarctica/ismip6/hackathon/ComputedScalarsHelene/expAE05/shelfmelt/computed_shelfmelt_AIS_IMAU_UFEMISM3_expAE05.nc,153762.62266911997,5815.087687215924,59657.441395472255,64310.397165423805,0.0,0.0,111789.05967180656,43042.94749511745,0.0
138,expAE05,IMAU_UFEMISM4,/Volumes/FMac/computing/data/antarctica/ismip6/hackathon/ComputedScalarsHelene/expAE05/shelfmelt/computed_shelfmelt_AIS_IMAU_UFEMISM4_expAE05.nc,128591.01855055366,4988.405812492103,53718.6743225215,64361.14208379202,82.78298649735581,0.0,99111.61789195554,29674.295153199026,0.0
139,expAE05,LSCE_GRISLI2,/Volumes/FMac/computing/data/antarctica/ismip6/hackathon/ComputedScalarsHelene/expAE05/shelfmelt/computed_shelfmelt_AIS_LSCE_GRISLI2_expAE05.nc,108388.8993224029,2081.873864220844,55997.111052203494,35760.148843207775,1307.6119610073918,3879.7612302830544,92304.8972020959,19870.30492272536,-4015.076455330667
140,expAE05,LSCE_GRISLI,/Volumes/FMac/computing/data/antarctica/ismip6/hackathon/ComputedScalarsHelene/expAE05/shelfmelt/computed_shelfmelt_AIS_LSCE_GRISLI_expAE05.nc,410497.28322032915,47601.72518738873,129793.94242372367,74203.33762998923,26429.91441801121,10102.44341881371,268336.89900633285,127676.60234651556,12647.315995610852
141,expAE05,NCAR_CISM1,/Volumes/FMac/computing/data/antarctica/ismip6/hackathon/ComputedScalarsHelene/expAE05/shelfmelt/computed_shelfmelt_AIS_NCAR_CISM1_expAE05.nc,68761.91833953997,3957.6663503506643,27956.727170450853,27484.856740396004,-79.40122834823615,1513.294840991212,50744.18483492946,23967.45092840765,-4095.779792299976
142,expAE05,NCAR_CISM2,/Volumes/FMac/computing/data/antarctica/ismip6/hackathon/ComputedScalarsHelene/expAE05/shelfmelt/computed_shelfmelt_AIS_NCAR_CISM2_expAE05.nc,441597.55592341244,46544.18621187003,126715.38981611091,108120.89360615659,26240.142854295646,20974.393634613898,266736.2458579483,173447.12862737707,3184.3245802725687
143,expAE05,NORCE_CISM2-MAR364-ERA-t1,/Volumes/FMac/computing/data/antarctica/ismip6/hackathon/ComputedScalarsHelene/expAE05/shelfmelt/computed_shelfmelt_AIS_NORCE_CISM2-MAR364-ERA-t1_expAE05.nc,309491.0236080909,34574.50461204469,103255.55197600773,99014.20172562925,26529.08040104883,7545.8861678586345,181840.52560406682,130217.56742825726,-2799.467503366427
144,expAE05,NORCE_CISM3-MAR364-ERA-t1-local,/Volumes/FMac/computing/data/antarctica/ismip6/hackathon/ComputedScalarsHelene/expAE05/shelfmelt/computed_shelfmelt_AIS_NORCE_CISM3-MAR364-ERA-t1-local_expAE05.nc,116063.20996125802,9575.442708262177,46048.90975371675,31121.259153181214,6318.3961509239925,2143.0999959871456,74478.33553081537,46353.621818483334,-3486.296904795443
145,expAE05,NORCE_CISM3-MAR364-ERA-t1-nonlocal,/Volumes/FMac/computing/data/antarctica/ismip6/hackathon/ComputedScalarsHelene/expAE05/shelfmelt/computed_shelfmelt_AIS_NORCE_CISM3-MAR364-ERA-t1-nonlocal_expAE05.nc,105105.71064253777,8855.440092259372,44204.255820520004,25863.587201842558,4298.444734345647,2035.606967068874,70380.79672793258,39448.172178715315,-3008.8380051799295
146,expAE05,NORCE_CISM3-MAR364-ERA-t1,/Volumes/FMac/computing/data/antarctica/ismip6/hackathon/ComputedScalarsHelene/expAE05/shelfmelt/computed_shelfmelt_AIS_NORCE_CISM3-MAR364-ERA-t1_expAE05.nc,275330.2343262448,33106.22903334628,75961.30861312133,89510.91143467747,19959.91015191698,7935.426936324131,163169.35793580787,115665.33453916892,-4263.907641387143
147,expAE05,NORCE_CISM4-MAR364-ERA-t1-local,/Volumes/FMac/computing/data/antarctica/ismip6/hackathon/ComputedScalarsHelene/expAE05/shelfmelt/computed_shelfmelt_AIS_NORCE_CISM4-MAR364-ERA-t1-local_expAE05.nc,140073.75821689054,12454.61234042928,51700.33926346091,42217.9498029569,10424.036175275221,1021.2978520609377,91288.36730044852,53677.760805269216,-4002.642273561716
148,expAE05,NORCE_CISM4-MAR364-ERA-t1-nonlocal,/Volumes/FMac/computing/data/antarctica/ismip6/hackathon/ComputedScalarsHelene/expAE05/shelfmelt/computed_shelfmelt_AIS_NORCE_CISM4-MAR364-ERA-t1-nonlocal_expAE05.nc,131884.59630511334,14119.945292588887,48899.99787696883,33825.98978161388,9472.437147643239,2008.5494025399503,83247.57109168344,52605.63758192494,-3921.3505067275682
149,expAE05,NORCE_CISM4-MAR364-ERA-t1,/Volumes/FMac/computing/data/antarctica/ismip6/hackathon/ComputedScalarsHelene/expAE05/shelfmelt/computed_shelfmelt_AIS_NORCE_CISM4-MAR364-ERA-t1_expAE05.nc,204513.28130805155,24893.684791624393,58996.37596602885,71214.61983315278,22303.86553983117,2583.169299247378,129836.93118215536,78912.24251523105,-3739.8454983253723
150,expAE05,NORCE_CISM4-MAR364-JRA-t1,/Volumes/FMac/computing/data/antarctica/ismip6/hackathon/ComputedScalarsHelene/expAE05/shelfmelt/computed_shelfmelt_AIS_NORCE_CISM4-MAR364-JRA-t1_expAE05.nc,218060.01656011242,24287.476145082903,64566.19929313588,74794.86596499267,24179.77218218162,2980.2702284602883,134872.14101566997,87347.88973697503,-3383.9604605223476
151,expAE05,NORCE_CISM5-MAR364-ERA-t1-local,/Volumes/FMac/computing/data/antarctica/ismip6/hackathon/ComputedScalarsHelene/expAE05/shelfmelt/computed_shelfmelt_AIS_NORCE_CISM5-MAR364-ERA-t1-local_expAE05.nc,159947.71369049355,13624.831689819608,53488.38049219588,47194.88188081018,16773.698494086715,1505.159027224695,94574.30559572508,70257.78581259784,-3058.2389805811945
152,expAE05,NORCE_CISM5-MAR364-ERA-t1-nonlocal,/Volumes/FMac/computing/data/antarctica/ismip6/hackathon/ComputedScalarsHelene/expAE05/shelfmelt/computed_shelfmelt_AIS_NORCE_CISM5-MAR364-ERA-t1-nonlocal_expAE05.nc,166858.68257679715,22452.156836316823,49185.03506914848,38109.99745549931,16298.864537275518,1438.6872615071204,99203.17380645731,71984.43312462534,-4070.3199547301683
153,expAE05,NORCE_CISM5-MAR364-ERA-t1,/Volumes/FMac/computing/data/antarctica/ismip6/hackathon/ComputedScalarsHelene/expAE05/shelfmelt/computed_shelfmelt_AIS_NORCE_CISM5-MAR364-ERA-t1_expAE05.nc,160220.72378339578,18897.097747459207,47566.20961348439,56588.784836882085,8776.614733996998,1079.0108180237448,105369.30613225221,59391.585867051836,-4248.551467333762
154,expAE05,PIK_PISM,/Volumes/FMac/computing/data/antarctica/ismip6/hackathon/ComputedScalarsHelene/expAE05/shelfmelt/computed_shelfmelt_AIS_PIK_PISM_expAE05.nc,209867.9807647005,21848.80654501395,40624.45264249845,50826.198472352786,21774.589534485927,6833.137045302057,108904.11659217167,98760.45840506184,3535.774442822883
155,expAE05,UCM_Yelmo,/Volumes/FMac/computing/data/antarctica/ismip6/hackathon/ComputedScalarsHelene/expAE05/shelfmelt/computed_shelfmelt_AIS_UCM_Yelmo_expAE05.nc,117486.88458043867,6822.260832440374,28619.510139127713,35394.592837177755,1494.0629164973843,1210.5941110173558,72658.31361450777,46267.84126993864,-698.4754529082347
156,expAE05,UCSD_ISSM,/Volumes/FMac/computing/data/antarctica/ismip6/hackathon/ComputedScalarsHelene/expAE05/shelfmelt/computed_shelfmelt_AIS_UCSD_ISSM_expAE05.nc,111928.2454473786,68742.85712753364,18457.2732137513,9449.626933567894,16223.895224578931,4039.479489082496,90108.15814924534,28830.921851469255,-6649.480121267045
157,expAE05,ULB_fETISh-KoriBU1,/Volumes/FMac/computing/data/antarctica/ismip6/hackathon/ComputedScalarsHelene/expAE05/shelfmelt/computed_shelfmelt_AIS_ULB_fETISh-KoriBU1_expAE05.nc,184026.05688456877,26099.937148318415,30664.110823528623,36990.46495533678,12415.926949204137,35756.67781257054,87903.33605850577,103864.06161761786,-4520.874310288325
158,expAE05,ULB_fETISh-KoriBU2,/Volumes/FMac/computing/data/antarctica/ismip6/hackathon/ComputedScalarsHelene/expAE05/shelfmelt/computed_shelfmelt_AIS_ULB_fETISh-KoriBU2_expAE05.nc,395529.10085291433,183897.7026990265,73557.6708405434,60150.31226179522,12997.426153986098,17162.93767172619,319073.4132849851,84975.92410092593,-7978.2651799078085
159,expAE05,UNN_Ua,/Volumes/FMac/computing/data/antarctica/ismip6/hackathon/ComputedScalarsHelene/expAE05/shelfmelt/computed_shelfmelt_AIS_UNN_Ua_expAE05.nc,132808.89853871404,10713.249637587505,41025.15292886083,39971.29641302286,3673.4027368325014,3274.7117336035462,88163.70007810759,40558.0015006365,3074.5117819577445
160,expAE05,UTAS_ElmerIce,/Volumes/FMac/computing/data/antarctica/ismip6/hackathon/ComputedScalarsHelene/expAE05/shelfmelt/computed_shelfmelt_AIS_UTAS_ElmerIce_expAE05.nc,62006.794962317545,2180.3794096741167,20030.333832866025,22583.50557345987,5012.614570748883,1427.2544684609222,38543.57298530281,23888.875831747868,-30.41799684679154
161,expAE05,VUB_AISMPALEO,/Volumes/FMac/computing/data/antarctica/ismip6/hackathon/ComputedScalarsHelene/expAE05/shelfmelt/computed_shelfmelt_AIS_VUB_AISMPALEO_expAE05.nc,44450.20265249218,1091.2683625816612,12853.972651734754,33654.04246950683,-5617.913208007807,0.0,28279.924634928015,23559.544549999922,-10468.792979516747
162,expAE05,VUW_PISM1,/Volumes/FMac/computing/data/antarctica/ismip6/hackathon/ComputedScalarsHelene/expAE05/shelfmelt/computed_shelfmelt_AIS_VUW_PISM1_expAE05.nc,290127.70613642794,17241.84064006443,32201.554782236664,136319.32030113315,9567.463935302472,3638.7169466061587,202820.59267525183,80682.43469265319,6561.455916075352
163,expAE05,VUW_PISM1_s1,/Volumes/FMac/computing/data/antarctica/ismip6/hackathon/ComputedScalarsHelene/expAE05/shelfmelt/computed_shelfmelt_AIS_VUW_PISM1_s1_expAE05.nc,348591.536227921,16258.427560863813,37710.192061472415,152771.1007436224,21402.845706674234,4356.354963645584,227946.90350378637,113179.28627106307,7817.932644070472
164,expAE05,VUW_PISM1_s2,/Volumes/FMac/computing/data/antarctica/ismip6/hackathon/ComputedScalarsHelene/expAE05/shelfmelt/computed_shelfmelt_AIS_VUW_PISM1_s2_expAE05.nc,260753.04771519417,9748.496926377102,28032.6429527229,124845.00388701932,13900.816662309035,2851.2172217701027,174659.27138422546,80497.18378122561,5866.550393843331
165,expAE05,VUW_PISM1_s3,/Volumes/FMac/computing/data/antarctica/ismip6/hackathon/ComputedScalarsHelene/expAE05/shelfmelt/computed_shelfmelt_AIS_VUW_PISM1_s3_expAE05.nc,233618.70368255887,12236.787342927972,19881.122898545196,103709.8966366086,10496.248775119464,3276.7889041446815,150705.4565788223,78777.56855532131,4389.206814215313
166,expAE05,VUW_PISM1_s4,/Volumes/FMac/computing/data/antarctica/ismip6/hackathon/ComputedScalarsHelene/expAE05/shelfmelt/computed_shelfmelt_AIS_VUW_PISM1_s4_expAE05.nc,318427.02684976964,20653.594092294603,41567.05386444842,142446.1511031046,12351.216820062913,3647.891825131745,214311.25737120933,96917.91404323564,7092.787145941155
167,expAE05,VUW_PISM2,/Volumes/FMac/computing/data/antarctica/ismip6/hackathon/ComputedScalarsHelene/expAE05/shelfmelt/computed_shelfmelt_AIS_VUW_PISM2_expAE05.nc,395717.90584185434,56783.33318538137,40004.04649417229,155699.0656233274,22903.120467362263,9252.765791587812,259718.7794137562,128207.0108428125,8007.11131414199
168,expAE05,VUW_PISM2_s1,/Volumes/FMac/computing/data/antarctica/ismip6/hackathon/ComputedScalarsHelene/expAE05/shelfmelt/computed_shelfmelt_AIS_VUW_PISM2_s1_expAE05.nc,460216.0487068663,42647.516682071524,50208.95331718545,174699.45565317041,35484.792173302565,18916.164305055936,274647.4922093392,174799.36728264368,10065.743745201828
169,expAE05,VUW_PISM2_s2,/Volumes/FMac/computing/data/antarctica/ismip6/hackathon/ComputedScalarsHelene/expAE05/shelfmelt/computed_shelfmelt_AIS_VUW_PISM2_s2_expAE05.nc,386142.38377124054,71849.66478445176,35167.265815607374,143426.94986219937,19282.19770301122,8006.744395536243,259619.81469850166,119088.97449433953,7368.758245793042
170,expAE05,VUW_PISM2_s3,/Volumes/FMac/computing/data/antarctica/ismip6/hackathon/ComputedScalarsHelene/expAE05/shelfmelt/computed_shelfmelt_AIS_VUW_PISM2_s3_expAE05.nc,313759.21862562036,18519.89236280271,27142.077826288772,126214.17549322998,18057.099670391566,8451.898757760595,191963.07347749372,116594.79179388234,6913.471457187347
171,expAE05,VUW_PISM2_s4,/Volumes/FMac/computing/data/antarctica/ismip6/hackathon/ComputedScalarsHelene/expAE05/shelfmelt/computed_shelfmelt_AIS_VUW_PISM2_s4_expAE05.nc,471110.44975757407,83887.4797375903,50283.12597198054,167469.75665340395,23187.885889767607,12847.396879590724,312770.9799307409,148435.52531246754,9328.006483140789
