Experiment,Model,Path,sector_1,sector_2,sector_3,sector_4,sector_5,sector_6,sector_7,sector_8,sector_9,sector_10,sector_11,sector_12,sector_13,sector_14,sector_15,sector_16,sector_17,sector_18,AIS,region_1,region_2,region_3,Amundsen,Ross,FilchnerRonne
expAE02,DC_ISSM,/Volumes/FMac/computing/data/antarctica/ismip6/hackathon/ComputedScalarsHelene/expAE02/shelfmelt/computed_shelfmelt_AIS_DC_ISSM_expAE02.nc,58.58698295190721,1362.7797541217717,156.92314418775922,173.38587223892023,3340.83007839454,110.16677444253573,151.3901456543454,347.7173060426691,227.31194854167444,468.65005007536206,1606.3559853302474,45.758310603031525,25.136410351621304,216.88294140461846,267.02936798255905,63.4645875989244,5.005509493752944,168.83861143587822,10941.481793823446,5689.559084547516,5027.400564068954,85.39797699564312,173.38587223892023,110.16677444253573,1606.3559853302474
expAE02,IGE_ElmerIce,/Volumes/FMac/computing/data/antarctica/ismip6/hackathon/ComputedScalarsHelene/expAE02/shelfmelt/computed_shelfmelt_AIS_IGE_ElmerIce_expAE02.nc,37.31008746229162,855.7509747422625,159.1374705624252,120.87663911507147,2311.9628298961675,33.62437391349853,110.91189575715788,280.21159442880037,174.9745729628998,543.8510061439048,872.2327562662942,41.82196465381541,35.68765789091647,85.98739375340318,378.5108564022632,41.20712571021382,1.8779955026462838,80.17813767220814,8542.170156780128,4223.7369891207345,4516.48358589338,39.45378567997283,120.87663911507147,33.62437391349853,872.2327562662942
expAE02,ILTS_SICOPOLIS,/Volumes/FMac/computing/data/antarctica/ismip6/hackathon/ComputedScalarsHelene/expAE02/shelfmelt/computed_shelfmelt_AIS_ILTS_SICOPOLIS_expAE02.nc,167.98521355389695,5986.453935273907,341.62714217204353,834.6094716481937,12230.740616169627,578.5666276702442,193.30581343980498,1004.1034525355651,961.9343789275407,1530.7306475314774,4435.593980163673,10.575296555652278,79.91645411201074,639.6776383703976,1059.1276951762322,60.79600433614339,40.03583354410137,262.0515910073104,39147.86428813934,22185.112396144148,15645.774334441981,749.3848392054391,834.6094716481937,578.5666276702442,4435.593980163673
expAE02,LSCE_GRISLI2,/Volumes/FMac/computing/data/antarctica/ismip6/hackathon/ComputedScalarsHelene/expAE02/shelfmelt/computed_shelfmelt_AIS_LSCE_GRISLI2_expAE02.nc,22.93100421816127,1841.783977784869,88.33127658795689,49.94273540189866,2147.9797720011106,89.5477885215994,80.16173925976562,85.19600492434564,286.4565229365299,324.1976499013005,211.73423928116048,86.43015851488448,46.07647824756463,-0.5418883072578958,160.8052540487071,127.98799757552234,3.2093069409676054,41.954641788501384,5969.262184817318,4388.274046459286,1548.6681609214816,0.055713068454185534,49.94273540189866,89.5477885215994,211.73423928116048
expAE02,LSCE_GRISLI,/Volumes/FMac/computing/data/antarctica/ismip6/hackathon/ComputedScalarsHelene/expAE02/shelfmelt/computed_shelfmelt_AIS_LSCE_GRISLI_expAE02.nc,140.5481703276976,3784.3200390552674,303.9808304234645,407.9277676775129,3175.0420803362044,145.93865308993387,228.0992918008228,737.6875710289451,624.1868733152698,1062.2254216494193,1152.050430567173,405.7187405704418,420.0605451346546,259.0405304618657,465.427739740274,372.0472655925558,218.87250164633937,403.02857171892197,14847.457387735245,8308.69238366697,6354.106068165878,1023.0065761341532,407.9277676775129,145.93865308993387,1191.288552712266
expAE02,NCAR_CISM1,/Volumes/FMac/computing/data/antarctica/ismip6/hackathon/ComputedScalarsHelene/expAE02/shelfmelt/computed_shelfmelt_AIS_NCAR_CISM1_expAE02.nc,124.3667545853371,1369.1518394019586,332.91110514302443,121.12144403081392,4179.450028542913,267.32660874574634,83.3351264972963,-1431.2940561832224,197.2259732406926,656.0007645849018,1733.6744807177301,202.56544509571856,306.8033075304358,84.55743219296843,479.0616999252042,309.29958156634535,50.02480758307583,299.2854424840762,12768.169487703222,6870.039816392139,5413.81621515418,268.1511266104554,121.12144403081392,267.32660874574634,1733.6744807177301
expAE02,NCAR_CISM2,/Volumes/FMac/computing/data/antarctica/ismip6/hackathon/ComputedScalarsHelene/expAE02/shelfmelt/computed_shelfmelt_AIS_NCAR_CISM2_expAE02.nc,859.8252012197357,4884.718702925435,699.6294692862114,1234.6010821306188,7181.9849378123945,681.7957212338317,187.48129502789317,697.638992483082,1056.0747680103352,1614.188990043092,4457.4584164980215,110.67888297212043,139.27787089628592,885.3378534487484,1041.1607405041634,270.8273610860837,209.44565697873935,1044.2202401813129,34369.494862820364,16420.04526352474,15636.65632886518,1969.4292887108325,1234.6010821306188,681.7957212338317,4457.4584164980215
expAE02,NORCE_CISM2-MAR364-ERA-t1,/Volumes/FMac/computing/data/antarctica/ismip6/hackathon/ComputedScalarsHelene/expAE02/shelfmelt/computed_shelfmelt_AIS_NORCE_CISM2-MAR364-ERA-t1_expAE02.nc,432.0802654311096,3903.012906245807,741.3116959258996,1114.8962012136399,7713.794356229035,1724.6054060093268,345.2591130843696,841.6597758587511,1123.0185898808995,1434.4043824949028,4308.280085707405,370.6372431125158,590.8431312225398,726.4183082450487,1424.3557442327767,504.59570031396,1.774253318046365,951.5486968158896,34263.3258312621,15998.819336744373,16646.16601381639,911.4972109591707,1114.8962012136399,1724.6054060093268,4308.280085707405
expAE02,NORCE_CISM3-MAR364-ERA-t1-local,/Volumes/FMac/computing/data/antarctica/ismip6/hackathon/ComputedScalarsHelene/expAE02/shelfmelt/computed_shelfmelt_AIS_NORCE_CISM3-MAR364-ERA-t1-local_expAE02.nc,349.48764583851477,2725.675571187295,593.8401646317787,486.82169940849127,4602.11228103184,934.6015623374731,215.7236598340075,471.7815886029045,729.531393323106,894.4144837591803,2161.52868923721,670.2397186055778,639.4515581726677,455.25703843784913,825.9776429704413,447.1563870239845,9.347375873536661,832.853594176502,19872.04608380427,9359.889088474585,9406.523354431552,620.8778717027401,486.82169940849127,934.6015623374731,2161.52868923721
expAE02,NORCE_CISM3-MAR364-ERA-t1-nonlocal,/Volumes/FMac/computing/data/antarctica/ismip6/hackathon/ComputedScalarsHelene/expAE02/shelfmelt/computed_shelfmelt_AIS_NORCE_CISM3-MAR364-ERA-t1-nonlocal_expAE02.nc,296.48688988976943,2321.8733873640886,608.6885488902125,489.86968531072216,4079.549473406196,784.5318572140739,218.75172971642513,403.3725229341904,544.7711319318956,782.4794922340116,1851.6748080849372,571.71125044746,594.5936293419345,369.37380168303446,672.8941097049893,397.64760241425597,10.764319131376988,843.681997239149,16968.608000245396,8333.204746739628,7648.045242096148,629.7118926914396,489.86968531072216,784.5318572140739,1851.6748080849372
expAE02,NORCE_CISM3-MAR364-ERA-t1,/Volumes/FMac/computing/data/antarctica/ismip6/hackathon/ComputedScalarsHelene/expAE02/shelfmelt/computed_shelfmelt_AIS_NORCE_CISM3-MAR364-ERA-t1_expAE02.nc,596.6150220636237,3906.505331772554,871.3736216501806,1453.0131777554238,7940.684242270333,1270.949847657386,424.50815062405746,1024.6207771640534,1540.369684108077,1531.6702962321397,4160.631736593028,370.7879274080726,659.1560027706502,1105.0216260760378,1528.069451750894,565.8261718366904,9.28167440611838,925.8061665602082,37302.917609016426,17513.027838408594,17939.985191255702,656.4963618635459,1453.0131777554238,1270.949847657386,4160.631736593028
expAE02,NORCE_CISM4-MAR364-ERA-t1-local,/Volumes/FMac/computing/data/antarctica/ismip6/hackathon/ComputedScalarsHelene/expAE02/shelfmelt/computed_shelfmelt_AIS_NORCE_CISM4-MAR364-ERA-t1-local_expAE02.nc,428.2690598030806,2930.1794180142597,760.7838058674218,708.654556743149,5855.186681155169,1108.9681637472218,211.35597044304154,670.8698502012787,794.7981444850113,1242.0038164340474,2575.7694608586976,502.60971775045147,935.6655289608178,805.5821028562375,1087.965704363788,397.1187200990479,26.385316511379443,746.7979621128436,24444.267001307497,11677.861319412517,11574.81898824109,407.6849201615636,708.654556743149,1108.9681637472218,2575.7694608586976
expAE02,NORCE_CISM4-MAR364-ERA-t1-nonlocal,/Volumes/FMac/computing/data/antarctica/ismip6/hackathon/ComputedScalarsHelene/expAE02/shelfmelt/computed_shelfmelt_AIS_NORCE_CISM4-MAR364-ERA-t1-nonlocal_expAE02.nc,397.96197436646156,2309.421136964222,756.5913927636989,726.2800507800677,5114.771505262643,1016.4783692396089,244.20053055898552,619.309941937405,618.2863668488435,1011.953048406031,2139.600132216433,455.317065069871,965.0107273358286,691.6705129615043,919.1005419559182,383.5086010558407,39.73046198412032,751.1827846678772,20839.714152247714,10215.01029800629,9668.209713132892,407.97310886680896,726.2800507800677,1016.4783692396089,2139.600132216433
expAE02,NORCE_CISM4-MAR364-ERA-t1,/Volumes/FMac/computing/data/antarctica/ismip6/hackathon/ComputedScalarsHelene/expAE02/shelfmelt/computed_shelfmelt_AIS_NORCE_CISM4-MAR364-ERA-t1_expAE02.nc,511.5605030161492,3218.364502814796,817.7031355013049,1180.6622282593808,8785.622536191571,1243.4312539485318,301.3505061313067,1339.0178367951983,1260.6754992087049,1585.3741586686426,3834.4639032845303,575.1887475304758,980.7375208053544,870.5723466532969,1675.479254380146,498.0306470072846,46.08240754491588,795.8052454967282,36581.56981321703,17492.495489242734,17361.888501460344,423.57507091018783,1180.6622282593808,1243.4312539485318,3834.4639032845303
expAE02,NORCE_CISM4-MAR364-JRA-t1,/Volumes/FMac/computing/data/antarctica/ismip6/hackathon/ComputedScalarsHelene/expAE02/shelfmelt/computed_shelfmelt_AIS_NORCE_CISM4-MAR364-JRA-t1_expAE02.nc,509.15929611896235,4030.2179757318563,821.4586225200915,1152.7806896877648,9180.873888296952,1650.7065812511999,308.4720363581818,1369.0210041252064,1189.0635100026805,1526.9919809206772,3939.0516017508567,560.8919468376586,969.9893814504712,1180.2619227545115,1666.0317498819372,505.1274768382158,35.03632526351759,795.8099851640284,38115.283881747324,18243.81394937158,17929.945558219082,630.4246984965333,1152.7806896877648,1650.7065812511999,3939.0516017508567
expAE02,NORCE_CISM5-MAR364-ERA-t1-local,/Volumes/FMac/computing/data/antarctica/ismip6/hackathon/ComputedScalarsHelene/expAE02/shelfmelt/computed_shelfmelt_AIS_NORCE_CISM5-MAR364-ERA-t1-local_expAE02.nc,487.6648659360135,3028.418036249207,854.6060729292117,980.3814550516555,6368.975020892769,1492.3832022401668,218.99491409056512,1259.118329669909,891.7098441144844,1824.9603011400973,3817.409488278085,313.9892400536396,1287.1644086856659,785.4366131006101,1226.813071925309,408.69493902338127,8.573259354523657,797.285682974214,29829.717258829216,12842.74805657269,16228.77910521122,110.53221551082984,980.3814550516555,1492.3832022401668,3817.409488278085
expAE02,NORCE_CISM5-MAR364-ERA-t1-nonlocal,/Volumes/FMac/computing/data/antarctica/ismip6/hackathon/ComputedScalarsHelene/expAE02/shelfmelt/computed_shelfmelt_AIS_NORCE_CISM5-MAR364-ERA-t1-nonlocal_expAE02.nc,481.1854975665274,2596.1496602914526,933.720873853307,1257.2140814985776,5466.125653622245,973.2680239889158,161.02180843973025,1332.20712089975,734.7560237995967,1642.210643167591,3198.0776461466958,290.75222326276355,1311.8239512175865,686.5577466953876,1151.2766861197395,389.5186957209465,10.950413195384785,875.1777090819195,26461.12676601503,11934.064549715979,13670.994859014232,185.14274241671572,1257.2140814985776,973.2680239889158,3198.0776461466958
expAE02,NORCE_CISM5-MAR364-ERA-t1,/Volumes/FMac/computing/data/antarctica/ismip6/hackathon/ComputedScalarsHelene/expAE02/shelfmelt/computed_shelfmelt_AIS_NORCE_CISM5-MAR364-ERA-t1_expAE02.nc,487.2212111848901,3616.4013753413933,1055.0984309972557,1145.6049791346968,7790.327063243791,1681.8934478210883,145.56796721915788,1269.3017908739382,1211.8604123039213,2023.3284922029368,4387.494385015036,304.9528228845772,1377.3692477880334,850.6376428864323,1453.3197727898234,519.043351425453,-26.99632784973783,843.9336695368585,35926.82184744585,16113.245526569297,18197.42928895184,393.5861563984577,1145.6049791346968,1681.8934478210883,4387.494385015036
expAE02,PIK_PISM,/Volumes/FMac/computing/data/antarctica/ismip6/hackathon/ComputedScalarsHelene/expAE02/shelfmelt/computed_shelfmelt_AIS_PIK_PISM_expAE02.nc,86.72742582341083,986.1439915791847,467.04678986346045,365.63281806091544,3363.351277996673,114.85328102265701,137.11723274895934,529.6980943855062,464.7035123957551,451.348971185898,2599.664805159081,33.54178230981761,223.03997371632494,242.0767730991209,232.9461365879425,91.20048103292056,77.95387780688255,206.11504614305784,15607.822285230135,7829.9519703098385,7150.191793870139,367.1035353795841,365.63281806091544,114.85328102265701,2599.664805159081
expAE02,UCM_Yelmo,/Volumes/FMac/computing/data/antarctica/ismip6/hackathon/ComputedScalarsHelene/expAE02/shelfmelt/computed_shelfmelt_AIS_UCM_Yelmo_expAE02.nc,446.31202234297524,980.2055474984502,330.43626162478165,151.03860084462644,3757.947529603825,174.88247352303281,104.21222698153754,81.59207157689465,228.97142824047685,1013.5205288481131,2152.5794403097116,201.6635455965481,368.2602206710647,266.9961963491601,729.9079032149868,638.2002969560452,-0.6461806587750907,560.35450739317,14935.885407763586,6708.508422437376,7225.045734131862,901.0177565180377,151.03860084462644,174.88247352303281,2152.5794403097116
expAE02,UCSD_ISSM,/Volumes/FMac/computing/data/antarctica/ismip6/hackathon/ComputedScalarsHelene/expAE02/shelfmelt/computed_shelfmelt_AIS_UCSD_ISSM_expAE02.nc,,176.81102936938035,12.058591642980007,647.9539633200629,1924.6706815848938,-763.6369747762202,174.79203349741712,784.4582345574627,630.7813616545396,457.8045993791652,173.4286026315347,-249.17396551317893,297.6244024973715,174.020160278647,551.8960973467572,116.29657586036696,172.41183404384964,,10634.659205528998,5095.364998157896,10204.034283644502,,647.9539633200629,-763.6369747762202,173.4286026315347
expAE02,ULB_fETISh-KoriBU1,/Volumes/FMac/computing/data/antarctica/ismip6/hackathon/ComputedScalarsHelene/expAE02/shelfmelt/computed_shelfmelt_AIS_ULB_fETISh-KoriBU1_expAE02.nc,296.02133735945,4244.955359143518,448.9869387038355,611.7171489928836,10147.157918378118,107.44186288293024,468.76347616767254,700.9058874512733,760.234221606565,1484.9435623685179,3496.2103065326405,271.16954934228704,625.2133126280944,578.0811435387844,1287.8518993157877,185.45964638422683,6.8393679988414595,335.3274549703592,28498.830611646474,14151.863744538647,14161.763564045586,162.6735498833647,611.7171489928836,107.44186288293024,3496.2103065326405
expAE02,ULB_fETISh-KoriBU2,/Volumes/FMac/computing/data/antarctica/ismip6/hackathon/ComputedScalarsHelene/expAE02/shelfmelt/computed_shelfmelt_AIS_ULB_fETISh-KoriBU2_expAE02.nc,252.20572662415157,1774.2573988274441,406.43037775398903,2255.0657570839558,7039.141827271611,84.08344519043389,470.56139182183944,580.5214951225958,580.9810627784848,1381.9144296571305,2548.3848106352866,511.88328509935207,727.06233859302,315.31701083323463,807.9366130151482,277.8338074621206,41.868470311032944,404.9646067197257,28611.916077520415,16035.477263706325,9974.434115527833,29.330412457628952,2255.0657570839558,84.08344519043389,2548.3848106352866
expAE02,UNN_Ua,/Volumes/FMac/computing/data/antarctica/ismip6/hackathon/ComputedScalarsHelene/expAE02/shelfmelt/computed_shelfmelt_AIS_UNN_Ua_expAE02.nc,575.9848325141991,3701.6564117599764,342.63186678040194,506.3469159540141,6251.661131367722,318.5010259641214,141.27207471466943,423.7036786285396,719.4809865006958,1081.0112158086783,2301.0806484655186,,-54.17628771549306,520.7977151066519,950.8104374946956,-205.1729176051592,68.13601557180132,443.71558295519094,22633.06901801464,11989.522189442294,9462.723550063403,811.482942284246,506.3469159540141,318.5010259641214,2301.0806484655186
expAE02,UTAS_ElmerIce,/Volumes/FMac/computing/data/antarctica/ismip6/hackathon/ComputedScalarsHelene/expAE02/shelfmelt/computed_shelfmelt_AIS_UTAS_ElmerIce_expAE02.nc,105.18473278727214,1565.2744062268312,124.33002343306025,12.744962387947607,3025.79533501629,115.29032219144736,100.0165387767704,205.44666474105597,180.53150617245944,222.41334380695068,1310.9084716522693,60.329591202399065,77.7679669373938,79.05882352724086,257.60489492849257,99.72272292462833,7.18680554833551,161.18565401091777,9983.487484702197,5059.557315325192,4423.982350429394,194.33719091406658,12.744962387947607,115.29032219144736,1310.9084716522693
expAE02,VUB_AISMPALEO,/Volumes/FMac/computing/data/antarctica/ismip6/hackathon/ComputedScalarsHelene/expAE02/shelfmelt/computed_shelfmelt_AIS_VUB_AISMPALEO_expAE02.nc,348.36640610601523,3174.5922010103372,257.00887927888397,1009.8497727024775,3016.8673649436946,1472.7905547387415,529.5844112837016,950.0094793411567,647.1471469798007,515.4397866172321,2061.1952625424633,7746.990929641883,388.2967467761692,237.60502177909706,2369.8639504850735,527.0217231833692,110.81813381400433,2718.747489467476,13307.332894985204,6710.360693792428,6906.501158247445,483.20631989435805,1009.8497727024775,1472.7905547387415,2061.1952625424633
expAE02,VUW_PISM1,/Volumes/FMac/computing/data/antarctica/ismip6/hackathon/ComputedScalarsHelene/expAE02/shelfmelt/computed_shelfmelt_AIS_VUW_PISM1_expAE02.nc,301.86468750179097,2261.0175232680685,431.68217368336167,505.67932614662647,2310.920099234372,-30.39199110990535,60.992474930866905,271.5807892755958,646.57336740311,2431.56123019582,1493.8673138175932,43.661653246691024,356.8990740511672,954.0511362962835,981.4800165264681,40.53438097845955,13.934960288079337,382.501783649089,16411.199569419787,7359.567852357338,7917.803380118354,717.1470397949877,505.67932614662647,-30.39199110990535,1493.8673138175932
expAE02,VUW_PISM1_s1,/Volumes/FMac/computing/data/antarctica/ismip6/hackathon/ComputedScalarsHelene/expAE02/shelfmelt/computed_shelfmelt_AIS_VUW_PISM1_s1_expAE02.nc,-27528.796974901583,-578711.6690315249,-50319.030633658775,-24949.84925483365,-607254.8499959103,1915.0711949529784,-11866.784607206213,-28624.35923045274,-112996.82075800386,-36420.93222986817,-155672.60370007184,-831.3267545589049,-23321.433303709553,-31584.684142289185,-72679.38609315362,-10844.56261087191,-159.92630618743192,-34117.1046345132,-1814037.4330474858,-1233323.178020286,-607874.488488026,-67758.24230993631,-24949.84925483365,1915.0711949529784,-155672.60370007184
expAE02,VUW_PISM1_s2,/Volumes/FMac/computing/data/antarctica/ismip6/hackathon/ComputedScalarsHelene/expAE02/shelfmelt/computed_shelfmelt_AIS_VUW_PISM1_s2_expAE02.nc,263.679750238132,2038.175035764462,439.30714813812176,352.9521506686951,2162.5870066508937,-25.871797857123074,14.956598887583242,167.1280321369132,610.6747111363533,1920.8217519899229,1412.3883248998748,48.84226616754018,349.0561006588033,691.2592449819865,923.8158876209794,7.941358126004266,-1.8756863889423636,355.9561375813329,14415.975767959038,6525.581621920069,6941.619576222059,654.548611938498,352.9521506686951,-25.871797857123074,1412.3883248998748
expAE02,VUW_PISM1_s3,/Volumes/FMac/computing/data/antarctica/ismip6/hackathon/ComputedScalarsHelene/expAE02/shelfmelt/computed_shelfmelt_AIS_VUW_PISM1_s3_expAE02.nc,262.5470587035317,1354.9210753522902,407.8760170261422,491.38999671203015,1893.9207272492695,336.2777789624145,95.99052958625597,217.7915306436421,586.2679007926265,2128.928165521801,1241.1345314927844,-53.603627612228834,386.98589093170096,738.0524885652405,878.7427746139268,63.140759998282405,8.676205120872032,321.1865970521146,13447.791252135243,5806.812090793993,7133.439194897857,562.8002779363295,491.38999671203015,336.2777789624145,1241.1345314927844
expAE02,VUW_PISM1_s4,/Volumes/FMac/computing/data/antarctica/ismip6/hackathon/ComputedScalarsHelene/expAE02/shelfmelt/computed_shelfmelt_AIS_VUW_PISM1_s4_expAE02.nc,341.4896463117632,2773.37385979181,428.94719371482296,805.4325435031695,2504.4088787930314,77.733682720781,46.27772202449174,306.9634918411101,701.4100620552515,2480.7364970866806,1739.7105366815745,-85.41612539432138,355.4191313979466,881.0826201839785,1056.6494604631457,65.3597382710095,26.684577148867128,413.874240684165,18284.028718833008,8337.89992088965,8681.759607445108,738.8872186744845,805.4325435031695,77.733682720781,1739.7105366815745
expAE02,VUW_PISM2,/Volumes/FMac/computing/data/antarctica/ismip6/hackathon/ComputedScalarsHelene/expAE02/shelfmelt/computed_shelfmelt_AIS_VUW_PISM2_expAE02.nc,542.6566928172235,2463.1287481304644,765.9211881310426,1172.7581821632236,2850.0466482397737,-38.466117655951116,180.32504631309087,418.9529018982832,843.6041152962072,2230.690414980787,2082.5956657042466,-77.19963640936398,565.6789628506838,1195.9617199494758,1673.442780136439,150.06501886737644,23.709563668130567,640.9274935495459,21396.03546518122,9363.543004090872,10846.991214357931,1095.014646746783,1172.7581821632236,-38.466117655951116,2082.5956657042466
expAE02,VUW_PISM2_s1,/Volumes/FMac/computing/data/antarctica/ismip6/hackathon/ComputedScalarsHelene/expAE02/shelfmelt/computed_shelfmelt_AIS_VUW_PISM2_s1_expAE02.nc,595.8145338329308,2736.852663480386,861.0369920221907,977.9167883434556,3025.149936936496,-22.913422544930892,254.8965395184347,504.41424416779995,874.1831718487362,2516.7831189306544,2174.440671420817,-131.47340476109753,653.8372157669122,1543.4522785575316,1865.3919293192687,152.6749265347768,22.885882903363868,707.1706173237603,22936.424007455516,9810.044336665576,12071.556825881033,1090.9183150984775,977.9167883434556,-22.913422544930892,2174.440671420817
expAE02,VUW_PISM2_s2,/Volumes/FMac/computing/data/antarctica/ismip6/hackathon/ComputedScalarsHelene/expAE02/shelfmelt/computed_shelfmelt_AIS_VUW_PISM2_s2_expAE02.nc,507.90680958938566,2287.386553141229,688.9728164838782,752.8647781246018,2594.8619201744523,-48.217493194806906,156.97287067552452,253.89595236159607,721.965050082205,1870.6261427281415,1861.221574197745,-107.23227267058648,579.4437920869718,1068.1303979394277,1583.6452760451866,124.93289344932515,25.680092224409332,585.8331159015316,19222.58660321122,8307.770418380584,9768.045093001887,1074.1848606754845,752.8647781246018,-48.217493194806906,1861.221574197745
expAE02,VUW_PISM2_s3,/Volumes/FMac/computing/data/antarctica/ismip6/hackathon/ComputedScalarsHelene/expAE02/shelfmelt/computed_shelfmelt_AIS_VUW_PISM2_s3_expAE02.nc,414.0486353007602,1653.6423472369106,678.7161553430175,660.5581483897095,2264.4877404806125,317.8003376675244,228.69093622266755,303.6411560416584,719.3598689863153,2236.7909238182087,1730.755183875295,-139.3241224960224,602.4565107985107,1205.1095958448805,1535.1022393972473,135.89194996702804,27.227343811706636,549.9729025969829,17706.042578636967,7150.625889387808,10016.270198768758,970.8201946138306,660.5581483897095,317.8003376675244,1730.755183875295
expAE02,VUW_PISM2_s4,/Volumes/FMac/computing/data/antarctica/ismip6/hackathon/ComputedScalarsHelene/expAE02/shelfmelt/computed_shelfmelt_AIS_VUW_PISM2_s4_expAE02.nc,586.8613255378652,3114.708616247462,815.8274252678744,1420.8998606282364,2983.990741487884,324.66990673329343,230.15365068628333,510.7253992210938,837.915629006613,2461.3200014422036,2301.1987581703142,-188.61588613771298,619.7635647541874,1366.7754421432405,1851.9039141024473,174.2119129451136,26.247504166050625,701.4358752552014,23499.664813720403,10176.646223285197,12280.283607488122,1199.1821820656482,1420.8998606282364,324.66990673329343,2301.1987581703142
expAE03,DC_ISSM,/Volumes/FMac/computing/data/antarctica/ismip6/hackathon/ComputedScalarsHelene/expAE03/shelfmelt/computed_shelfmelt_AIS_DC_ISSM_expAE03.nc,47.42438300670128,1195.4971819360437,118.82772337965031,230.9011258576294,1995.3417734792683,129.4007741434907,190.14050983183893,322.34928633217527,250.992190829246,493.9843324281773,1102.8978701701967,21.490748655749584,-1.6659199923004349,117.69504543660464,150.02346574421085,-15.725578924699189,,85.56041623178031,6814.6443221565805,3864.587714521155,3060.421360005958,24.578594571637193,230.9011258576294,129.4007741434907,1102.8978701701967
expAE03,IGE_ElmerIce,/Volumes/FMac/computing/data/antarctica/ismip6/hackathon/ComputedScalarsHelene/expAE03/shelfmelt/computed_shelfmelt_AIS_IGE_ElmerIce_expAE03.nc,22.06153431291397,1568.2711463271717,62.85833372878493,182.56088858893057,1500.4069823019208,289.0903780701627,109.67633768156932,159.389393387411,144.5458106254402,342.52586533781164,549.373203346435,39.70270012185359,19.636607408149345,8.17577848989833,199.229705193395,15.866133497412658,-1.2991701809446998,11.825385774969597,5714.201712975521,3518.9673929681876,3094.8168319161964,20.003093676090725,182.56088858893057,289.0903780701627,549.373203346435
expAE03,ILTS_SICOPOLIS,/Volumes/FMac/computing/data/antarctica/ismip6/hackathon/ComputedScalarsHelene/expAE03/shelfmelt/computed_shelfmelt_AIS_ILTS_SICOPOLIS_expAE03.nc,132.69308984179855,4679.591487070391,180.96379507773028,1107.0916834390073,5875.8936688710655,137.9310632339765,470.24999921587374,705.0877237445251,720.4806613045808,1192.9329691909454,2157.6470369869703,21.271678245368022,,440.5494754937494,600.342596205392,42.47030824963127,18.13564880489841,211.49850248073338,20199.768712618355,11692.346816145282,7479.927029493714,1732.0847286774726,1107.0916834390073,137.9310632339765,2157.6470369869703
expAE03,LSCE_GRISLI2,/Volumes/FMac/computing/data/antarctica/ismip6/hackathon/ComputedScalarsHelene/expAE03/shelfmelt/computed_shelfmelt_AIS_LSCE_GRISLI2_expAE03.nc,,1342.1787439886868,7.266039950660628,40.95226242703694,1137.5651129797445,64.50111367792746,87.852611156907,84.61280542277164,200.06161042550144,219.5483718043254,113.35941793147236,33.86909229002226,-16.15864317940221,-2.6429739411585316,49.5992920259643,161.3349581728326,0.8597763597760385,0.04540344034092488,3082.5379499344376,2529.251638670493,797.3081294233015,1.313406391500474,40.95226242703694,64.50111367792746,113.35941793147236
expAE03,LSCE_GRISLI,/Volumes/FMac/computing/data/antarctica/ismip6/hackathon/ComputedScalarsHelene/expAE03/shelfmelt/computed_shelfmelt_AIS_LSCE_GRISLI_expAE03.nc,209.007279236138,2608.242198301465,262.2243517257542,1010.2201037486786,1845.548544557683,142.09046495772543,180.25896599809872,612.3437231893552,568.8080577543159,622.0722125580407,522.9841166539713,144.68243561684332,216.6415800583529,238.98409053319358,454.42183286348717,220.43309728595986,570.9041308854204,358.91747690981106,9879.710916902499,6106.823966892208,3994.6529137925054,1195.706134425354,1010.2201037486786,142.09046495772543,522.9841166539713
expAE03,NCAR_CISM1,/Volumes/FMac/computing/data/antarctica/ismip6/hackathon/ComputedScalarsHelene/expAE03/shelfmelt/computed_shelfmelt_AIS_NCAR_CISM1_expAE03.nc,122.60394364674835,1157.410629302215,261.7234041268331,287.6261870512606,2367.3979016988424,231.07728892325775,56.49804852702034,333599.2068844648,207.91135459619073,390.81765023673756,1030.9048959716854,59.57063171048921,,944.1889307883756,257.24004480077394,51.65523774806923,40.53270662025605,15.518938420461481,6680.106527855635,4488.710031925969,2215.268487786116,-0.9891924777507555,287.6261870512606,231.07728892325775,1030.9048959716854
expAE03,NCAR_CISM2,/Volumes/FMac/computing/data/antarctica/ismip6/hackathon/ComputedScalarsHelene/expAE03/shelfmelt/computed_shelfmelt_AIS_NCAR_CISM2_expAE03.nc,653.3752351301331,4235.66260467269,1005.2712851159091,1713.4059632628466,5534.892634797753,1364.8611033914215,675.0995480339107,1141.6133057339596,1721.4371155714298,2758.9774143503064,3561.451240087695,250.27178398759688,252.42594547673266,978.9198377787992,814.3046092021004,181.31585620251613,206.70088962753397,1096.7981022367396,34400.002239797854,14118.804598247718,18524.336863166805,2655.0133540192032,1713.4059632628466,1364.8611033914215,3561.451240087695
expAE03,NORCE_CISM2-MAR364-ERA-t1,/Volumes/FMac/computing/data/antarctica/ismip6/hackathon/ComputedScalarsHelene/expAE03/shelfmelt/computed_shelfmelt_AIS_NORCE_CISM2-MAR364-ERA-t1_expAE03.nc,513.5217698329883,6256.557638101533,1328.062773185083,1519.860777060399,6441.517164374636,3954.9959219119564,402.0712840477904,961.1141085841928,1305.1685967988617,1464.7428885655409,3498.29512304899,221.6942018895413,12.740775869605294,319.2775558902665,1724.3569935242233,116.7449167579412,-5.686649606452688,522.1567142542333,34953.14240593735,18282.42653835918,15435.372957197165,172.79854968977008,1519.860777060399,3954.9959219119564,3498.29512304899
expAE03,NORCE_CISM3-MAR364-ERA-t1-local,/Volumes/FMac/computing/data/antarctica/ismip6/hackathon/ComputedScalarsHelene/expAE03/shelfmelt/computed_shelfmelt_AIS_NORCE_CISM3-MAR364-ERA-t1-local_expAE03.nc,341.71343190282386,2421.82927055628,668.9651131514436,813.8166156382272,3463.0012634154323,857.2563269472612,207.68577085888913,490.1724299766179,1081.7948959016333,1148.0454532645817,1740.2345726214326,159.93865719318066,1.4206433195227341,123.33109480413478,766.780226523476,60.21847790073065,-2.9775845360792275,274.42619317876944,16712.050102045814,8727.795216788627,7374.56757048148,145.90470347631128,813.8166156382272,857.2563269472612,1740.2345726214326
expAE03,NORCE_CISM3-MAR364-ERA-t1-nonlocal,/Volumes/FMac/computing/data/antarctica/ismip6/hackathon/ComputedScalarsHelene/expAE03/shelfmelt/computed_shelfmelt_AIS_NORCE_CISM3-MAR364-ERA-t1-nonlocal_expAE03.nc,316.9284424105234,1720.5181193769138,691.7826197875993,661.7227540216167,2220.9095658207943,552.0800239247557,149.49198722282603,328.01685289114835,670.1178887966105,814.4030495395069,1184.4312218679636,141.80618348706457,-0.9843279081683572,86.39028868696096,600.6064031683215,59.92897552666136,-6.6392998119884945,337.90523352261323,11911.134921989196,6234.995294557117,4892.773507362841,156.02834038999484,661.7227540216167,552.0800239247557,1184.4312218679636
expAE03,NORCE_CISM3-MAR364-ERA-t1,/Volumes/FMac/computing/data/antarctica/ismip6/hackathon/ComputedScalarsHelene/expAE03/shelfmelt/computed_shelfmelt_AIS_NORCE_CISM3-MAR364-ERA-t1_expAE03.nc,761.0153135204156,5932.082586185967,1358.8071533832806,1906.8328787354028,6671.595565762435,2351.920273902742,426.8168689274997,1084.887588329596,1735.237749807734,1865.4050605077114,3430.138489935059,85.81273920732082,7.014025166879211,574.411500761899,1845.1846818015788,61.67335860998217,-4.643227017401528,174.37781172693673,37122.578035494065,19639.46724858325,16074.649179995404,160.44064742897584,1906.8328787354028,2351.920273902742,3430.138489935059
expAE03,NORCE_CISM4-MAR364-ERA-t1-local,/Volumes/FMac/computing/data/antarctica/ismip6/hackathon/ComputedScalarsHelene/expAE03/shelfmelt/computed_shelfmelt_AIS_NORCE_CISM4-MAR364-ERA-t1-local_expAE03.nc,360.55277052796885,3019.2047527724644,948.7090038638156,1057.4524078162312,4589.63087950285,1316.9558654278349,147.80279924332277,796.8727966784674,1212.4149094812312,1898.8479063452176,2187.963486801349,130.0843029753386,-85.17143375737415,325.2405364444034,1179.6644583539787,33.64359688133881,-6.473969630857056,132.15372921119618,22172.45749084688,11171.906041509501,10382.49996524959,97.70237868544015,1057.4524078162312,1316.9558654278349,2187.963486801349
expAE03,NORCE_CISM4-MAR364-ERA-t1-nonlocal,/Volumes/FMac/computing/data/antarctica/ismip6/hackathon/ComputedScalarsHelene/expAE03/shelfmelt/computed_shelfmelt_AIS_NORCE_CISM4-MAR364-ERA-t1-nonlocal_expAE03.nc,412.1596200058327,2169.0176314682294,881.2233114816905,1028.0957429345735,3179.0098177431587,1011.9291846742691,197.4010308215037,670.6171315532343,871.5532564124851,1504.0950022068018,1574.7553410607652,123.24529977842202,-68.49475104096622,270.8301150040436,977.8771352283903,42.799838747232855,-3.552796690174688,136.1479799246259,16948.60231243027,8442.005178832385,7790.011367777451,97.35465800561914,1028.0957429345735,1011.9291846742691,1574.7553410607652
expAE03,NORCE_CISM4-MAR364-ERA-t1,/Volumes/FMac/computing/data/antarctica/ismip6/hackathon/ComputedScalarsHelene/expAE03/shelfmelt/computed_shelfmelt_AIS_NORCE_CISM4-MAR364-ERA-t1_expAE03.nc,529.2875401255748,5618.034181657242,1052.2079914374888,1815.136779713597,7382.846478467355,2130.511123428866,210.96994040567546,1402.5183733291622,1453.738429432292,2403.6872805918483,3320.9716913268353,127.56490400269455,-35.602940189917724,200.1803348126551,2079.384711277775,41.85510627545692,-3.3317762950444556,110.14877524838684,36813.47176194274,19236.924699201587,16203.711135971222,99.53988643845692,1815.136779713597,2130.511123428866,3320.9716913268353
expAE03,NORCE_CISM4-MAR364-JRA-t1,/Volumes/FMac/computing/data/antarctica/ismip6/hackathon/ComputedScalarsHelene/expAE03/shelfmelt/computed_shelfmelt_AIS_NORCE_CISM4-MAR364-JRA-t1_expAE03.nc,542.5685519848209,6141.908098855122,1051.058288206369,1772.5038322469022,7722.709837363068,2731.2724136716297,213.8276434524341,1458.8411961330141,1364.9219696085486,2399.2003446046137,3378.7209912278527,140.118797424826,-41.30408553478078,579.8644649638716,2075.4597460029904,45.02063889362371,-2.936429584029182,105.9136364164451,38179.70226898194,19861.64854052471,16909.192926558997,93.8554657118313,1772.5038322469022,2731.2724136716297,3378.7209912278527
expAE03,NORCE_CISM5-MAR364-ERA-t1-local,/Volumes/FMac/computing/data/antarctica/ismip6/hackathon/ComputedScalarsHelene/expAE03/shelfmelt/computed_shelfmelt_AIS_NORCE_CISM5-MAR364-ERA-t1-local_expAE03.nc,591.0546385137876,3614.959406193904,1035.8097255683535,1246.4392706770775,5037.617377725604,1372.4181076604382,90.11955116191061,1489.8798706597506,1363.8348157958746,2538.1956841469464,3300.668257643203,86.24266019803166,540.9968004040677,671.0024718645653,1477.067621188589,54.90516138611292,1.1834577055373328,119.84860594114447,27414.477668990145,12255.076192526913,15094.31739443034,65.6871026873387,1246.4392706770775,1372.4181076604382,3300.668257643203
expAE03,NORCE_CISM5-MAR364-ERA-t1-nonlocal,/Volumes/FMac/computing/data/antarctica/ismip6/hackathon/ComputedScalarsHelene/expAE03/shelfmelt/computed_shelfmelt_AIS_NORCE_CISM5-MAR364-ERA-t1-nonlocal_expAE03.nc,587.5436061978849,2776.6491532224245,1327.826065819192,1581.874744945948,3641.342202636835,810.5121043944532,98.43259011198948,1444.0851093869499,833.8054896978894,2386.7040596210304,2515.8465102342816,91.78378737007837,481.8078945473489,804.1362233793207,1422.922652409591,34.44489134181922,-0.052776800380848934,183.5050258369222,23416.763466700373,10615.982353865338,12050.217835319752,58.40463508312451,1581.874744945948,810.5121043944532,2515.8465102342816
expAE03,NORCE_CISM5-MAR364-ERA-t1,/Volumes/FMac/computing/data/antarctica/ismip6/hackathon/ComputedScalarsHelene/expAE03/shelfmelt/computed_shelfmelt_AIS_NORCE_CISM5-MAR364-ERA-t1_expAE03.nc,642.3433875502386,5482.276780694515,1169.3261065040329,1880.954146292176,6577.942908392947,1581.6751905769263,36.65616089343747,1495.9918552227214,1422.5581520579524,2869.404210957995,3678.5791615520934,91.59939705024267,291.15740055740525,592.4676135916521,1718.0507152320267,48.49588813272105,0.3318711058395545,106.29882375980212,34740.400056270344,17274.365267205125,16581.394723645062,47.46381411109902,1880.954146292176,1581.6751905769263,3678.5791615520934
expAE03,PIK_PISM,/Volumes/FMac/computing/data/antarctica/ismip6/hackathon/ComputedScalarsHelene/expAE03/shelfmelt/computed_shelfmelt_AIS_PIK_PISM_expAE03.nc,69.4748901414393,1438.290638319928,464.5443570864183,549.9265424092744,2444.8122448537592,213.9148181740493,167.10134515058502,519.2839285439054,513.0863289089084,379.31821920676225,1930.3329211043635,29.01406532986213,38.20323884917498,201.08725388757597,246.24717831159225,72.1021782767619,45.2380036645369,71.84914866321736,11290.164554968427,5776.467459113879,5190.951216646532,133.01618599699444,549.9265424092744,213.9148181740493,1930.3329211043635
expAE03,UCM_Yelmo,/Volumes/FMac/computing/data/antarctica/ismip6/hackathon/ComputedScalarsHelene/expAE03/shelfmelt/computed_shelfmelt_AIS_UCM_Yelmo_expAE03.nc,722.2193427544769,679.5003344647257,445.7719520431483,223.8396693056978,2140.08672686888,127.29336356612039,80.24474576872788,7.35691480986569,180.11129192428473,1361.6357872559447,1339.7969432326456,243.66387234511902,236.0252466770128,149.89437064463075,780.4146088042537,253.10103155127348,-19.91640576193962,678.3497637555058,9489.221292906537,4226.129629209822,4541.47628688689,1497.4808861337185,223.8396693056978,127.29336356612039,1339.7969432326456
expAE03,UCSD_ISSM,/Volumes/FMac/computing/data/antarctica/ismip6/hackathon/ComputedScalarsHelene/expAE03/shelfmelt/computed_shelfmelt_AIS_UCSD_ISSM_expAE03.nc,,5179.072400004802,4.9983261727723445,1524.5361323361574,1498.0280269835864,2053.7392831523307,253.25493676375825,518.0230232971157,988.7044184685886,281.72658183281936,2091.537355572945,146.30019536007478,58.380784087012906,352.35301627933495,384.4492871297536,35.837868489616234,,,13594.26964963878,7841.587051617502,7759.648477981929,,1524.5361323361574,2053.7392831523307,2091.537355572945
expAE03,ULB_fETISh-KoriBU1,/Volumes/FMac/computing/data/antarctica/ismip6/hackathon/ComputedScalarsHelene/expAE03/shelfmelt/computed_shelfmelt_AIS_ULB_fETISh-KoriBU1_expAE03.nc,535.1928394805246,13803.177442387905,807.2328344960682,2673.9320568539615,8810.11036476364,1708.5751886341045,1158.7313196035925,728.7575617907277,757.3101747156004,1134.2654766883923,2990.322539449324,145.72310214756635,-11.82970573691727,226.29873370485276,1382.1808515634907,-29.55383118626907,,213.51758801461813,44092.68417339916,27619.916849121542,16693.698427104588,53.781024567685094,2673.9320568539615,1708.5751886341045,2990.322539449324
expAE03,ULB_fETISh-KoriBU2,/Volumes/FMac/computing/data/antarctica/ismip6/hackathon/ComputedScalarsHelene/expAE03/shelfmelt/computed_shelfmelt_AIS_ULB_fETISh-KoriBU2_expAE03.nc,568.9139358098263,3094.0444670704724,834.7402286628036,2935.901899506748,4307.768353175575,204.22384792044568,664.4520295457689,620.7267662013902,739.5224481751928,1739.2393021188745,1699.8168206787284,80.59108545904124,149.12488440314766,123.78478046079466,899.9729428648402,-85.76648038391657,,228.22847068681614,32440.24672706608,17710.43548315436,8518.610959509613,-31.92104757862726,2935.901899506748,204.22384792044568,1699.8168206787284
expAE03,UNN_Ua,/Volumes/FMac/computing/data/antarctica/ismip6/hackathon/ComputedScalarsHelene/expAE03/shelfmelt/computed_shelfmelt_AIS_UNN_Ua_expAE03.nc,597.932943853088,2813.433460874803,477.86743411386954,919.3063176374295,5416.855599787586,583.1478001043423,183.19316874002786,401.90339681086425,1008.6344703314694,1982.184813314935,2095.156117310704,65.6082982410651,-29.08808578759553,350.36159127215564,1156.3053740237772,91.39991159549666,122.55695477512819,566.4149152680121,20154.46479099316,10205.34840789991,9146.127675248092,1717.6447791624184,919.3063176374295,583.1478001043423,2095.156117310704
expAE03,UTAS_ElmerIce,/Volumes/FMac/computing/data/antarctica/ismip6/hackathon/ComputedScalarsHelene/expAE03/shelfmelt/computed_shelfmelt_AIS_UTAS_ElmerIce_expAE03.nc,72.46623454140695,747.7340162982626,60.93967926262531,31.512861383235037,1828.0924180771601,142.29899933057192,84.14201288541537,161.99911905709183,199.10576832951907,169.13595757438233,915.2549227941481,73.80860325059645,-19.74172085927107,2.999229943460619,112.99879347103986,49.012722152950595,-11.348171523783744,48.44142121019952,5179.618037039282,2770.9002075899407,2164.0856111525054,41.503922300315345,31.512861383235037,142.29899933057192,915.2549227941481
expAE03,VUB_AISMPALEO,/Volumes/FMac/computing/data/antarctica/ismip6/hackathon/ComputedScalarsHelene/expAE03/shelfmelt/computed_shelfmelt_AIS_VUB_AISMPALEO_expAE03.nc,197.18354428574258,1376.9750975448774,178.61855416511773,528.3781441240257,1818.0644092122254,759.9301749844938,-307.55492092915165,-1178.6241459974008,371.1551132285654,404.41595950172814,1263.6617302273576,5028.282901791658,196.21160296159874,555.5369788069445,275.0294393925782,40.19015005307887,-244.32543897262954,960.1806717982417,5771.985243240438,2775.6745477531595,2420.6331358843995,-718.9742287403838,528.3781441240257,759.9301749844938,1263.6617302273576
expAE03,VUW_PISM1,/Volumes/FMac/computing/data/antarctica/ismip6/hackathon/ComputedScalarsHelene/expAE03/shelfmelt/computed_shelfmelt_AIS_VUW_PISM1_expAE03.nc,267.8695079802761,2054.366157314259,511.3503105422763,431.379742186191,2265.9439836046677,31.102030582349663,36.91702151807865,248.21799083187872,693.1883741689934,2626.7391472063737,1303.522184524906,-1.011535805682986,230.08710599248795,496.6551755510907,1199.7250108168425,46.475917379786615,6.365177267708616,334.9564162890064,13587.559690990702,6139.4420062690115,6219.433892547189,753.0948574641988,431.379742186191,31.102030582349663,1303.522184524906
expAE03,VUW_PISM1_s1,/Volumes/FMac/computing/data/antarctica/ismip6/hackathon/ComputedScalarsHelene/expAE03/shelfmelt/computed_shelfmelt_AIS_VUW_PISM1_s1_expAE03.nc,322.1034057244409,2312.079941712059,532.2402963771609,511.78207075485795,2407.8831858207054,35.15968477000144,60.13563213292389,362.4929192643683,910.4567159295666,2727.0359368951413,1391.2027238503556,12.580777644137072,290.08706891520677,778.1005753328046,1357.6808859306004,45.768714608126835,-13.655301733600055,347.85304712527847,15325.15465379612,6812.508358428576,7288.62981859361,858.4231018352398,511.78207075485795,35.15968477000144,1391.2027238503556
expAE03,VUW_PISM1_s2,/Volumes/FMac/computing/data/antarctica/ismip6/hackathon/ComputedScalarsHelene/expAE03/shelfmelt/computed_shelfmelt_AIS_VUW_PISM1_s2_expAE03.nc,273.12824887854583,1865.8624823209593,538.5025705747009,328.2466738215776,2116.6575984896504,24.535203067265435,11.069220114932726,130.53789909632218,677.8941696881077,2234.753539718289,1228.834993425761,6.0239809106426465,288.61871261732364,426.1532750264647,1086.0056828362729,28.774930410552333,-8.261598293456297,339.25219032444323,12201.066888544683,5653.71625086601,5449.100525054358,703.1310622162865,328.2466738215776,24.535203067265435,1228.834993425761
expAE03,VUW_PISM1_s3,/Volumes/FMac/computing/data/antarctica/ismip6/hackathon/ComputedScalarsHelene/expAE03/shelfmelt/computed_shelfmelt_AIS_VUW_PISM1_s3_expAE03.nc,241.28880874079337,1126.0704303044563,473.3925833782618,272.55519813242046,1694.0383178495922,285.81624511851805,6.923894579796331,262.6300054944869,601.9743638555543,1986.1989433880274,1076.065939354509,96.39386604565848,233.34040786560945,446.8749352755062,1019.0595665468077,46.81286376984504,6.465181520464698,287.4286773268142,10894.498814686482,4544.3445298535635,5605.174267665454,672.3625883698455,272.55519813242046,285.81624511851805,1076.065939354509
expAE03,VUW_PISM1_s4,/Volumes/FMac/computing/data/antarctica/ismip6/hackathon/ComputedScalarsHelene/expAE03/shelfmelt/computed_shelfmelt_AIS_VUW_PISM1_s4_expAE03.nc,275.2104402499394,2525.623597102463,545.3144354168999,475.63461718019283,2400.7977161366366,143.95810498213666,64.33464318022254,349.2398727155658,761.9794031231262,2950.898959556793,1662.0732645783435,74.88654541780362,304.54832192324216,472.0624932531069,1316.7887784787908,55.26496862413403,7.64771204856616,374.659699869044,15436.228074231549,6726.377798282884,7665.288026529085,799.7680459445567,475.63461718019283,143.95810498213666,1662.0732645783435
expAE03,VUW_PISM2,/Volumes/FMac/computing/data/antarctica/ismip6/hackathon/ComputedScalarsHelene/expAE03/shelfmelt/computed_shelfmelt_AIS_VUW_PISM2_expAE03.nc,451.724269080323,2427.3722076149365,874.2995325070162,1403.1752387222418,2889.3487795583123,54.49859416463281,134.24392106695296,396.35529710360527,770.4243404878581,2564.572781392596,1666.1809858695767,45.56742868102987,502.9032256367159,895.3190557112086,1703.0611463059777,109.19593275216029,28.91344774480016,538.1011478823402,18521.201646412403,8389.01107089901,8469.833634046545,1230.2167543134253,1403.1752387222418,54.49859416463281,1666.1809858695767
expAE03,VUW_PISM2_s1,/Volumes/FMac/computing/data/antarctica/ismip6/hackathon/ComputedScalarsHelene/expAE03/shelfmelt/computed_shelfmelt_AIS_VUW_PISM2_s1_expAE03.nc,452.35322649177283,2860.7873113092514,767.9940497127399,1540.1273607892922,3145.0272191459576,77.85754659546431,187.46761797724463,551.4791339239335,904.971967019925,2709.0942670259483,1929.4817670415043,193.79086309051922,502.9654822150145,1187.9830263463507,1885.6624060458137,125.56986942821169,15.65264650918399,577.3696797237325,20691.64138488286,9241.035868370334,9886.033578507004,1319.097841729832,1540.1273607892922,77.85754659546431,1929.4817670415043
expAE03,VUW_PISM2_s2,/Volumes/FMac/computing/data/antarctica/ismip6/hackathon/ComputedScalarsHelene/expAE03/shelfmelt/computed_shelfmelt_AIS_VUW_PISM2_s2_expAE03.nc,453.72610452010133,2132.285640323831,881.1290197969298,1267.1728372341888,2653.526177048731,48.25784039600711,118.51699872441024,277.8193396570305,753.0315381740116,2042.2587812545735,1598.0213552468076,77.79700823200284,463.1126863019564,718.7000145344837,1555.4670027324587,92.33809262412629,25.75411923091754,548.4599272652839,17023.986091148094,7778.853579250254,7540.121793552159,1198.217780392777,1267.1728372341888,48.25784039600711,1598.0213552468076
expAE03,VUW_PISM2_s3,/Volumes/FMac/computing/data/antarctica/ismip6/hackathon/ComputedScalarsHelene/expAE03/shelfmelt/computed_shelfmelt_AIS_VUW_PISM2_s3_expAE03.nc,433.07364124429006,1470.582393933966,758.0011571322991,521.6510365506601,2121.5411667743697,146.40579321938063,123.19553565165697,294.64592940980555,683.6261608161124,2154.3156743860027,1395.0050072793595,274.6673017979705,462.9501266256004,886.9899572099929,1552.0907461060947,109.77038565444188,21.781856042377974,499.91260041097524,14684.358708448195,5951.040379862041,7607.994157670468,1154.6836646295176,521.6510365506601,146.40579321938063,1395.0050072793595
expAE03,VUW_PISM2_s4,/Volumes/FMac/computing/data/antarctica/ismip6/hackathon/ComputedScalarsHelene/expAE03/shelfmelt/computed_shelfmelt_AIS_VUW_PISM2_s4_expAE03.nc,487.6203624933841,3063.1572625408044,993.0276505418522,1736.0126395735308,3101.799286209326,128.2910748696381,182.51085511002591,501.8607049614759,873.1658519104043,2340.8858699486514,2012.872081048357,249.38404908477702,487.12894200514677,862.0520676709725,1775.9800470431746,148.59534437868103,23.26478171619507,575.7259951376282,20820.598421138577,9606.293486349805,9550.687270795184,1300.806500820449,1736.0126395735308,128.2910748696381,2012.872081048357
expAE04,DC_ISSM,/Volumes/FMac/computing/data/antarctica/ismip6/hackathon/ComputedScalarsHelene/expAE04/shelfmelt/computed_shelfmelt_AIS_DC_ISSM_expAE04.nc,19.294278097294413,622.6599047266446,49.214864562138345,167.48438133445347,1557.9469119138057,20.83737737631412,141.09504334576184,225.27415329804955,148.6177705023677,232.2792727243682,970.3041186806406,9.994658468156375,-6.256930899225328,96.94054680071973,134.2139738876755,7.609932470298364,,38.87937650436662,3376.5832593948403,2424.396186532746,2076.1908841463865,-1.6643343352880964,167.48438133445347,20.83737737631412,970.3041186806406
expAE04,IGE_ElmerIce,/Volumes/FMac/computing/data/antarctica/ismip6/hackathon/ComputedScalarsHelene/expAE04/shelfmelt/computed_shelfmelt_AIS_IGE_ElmerIce_expAE04.nc,20.646853847894167,894.7124261197758,53.813285092902994,138.37673096372265,2314.4795424782737,69.62656433689027,112.60947825867805,145.75707625244678,158.2132771164256,274.2442498610746,855.2217537286837,11.97821828755156,-5.027023908889833,52.046288802255056,199.4195599236629,21.479715225597122,2.417433420867157,22.823252218226514,3828.9245538316954,3233.7869452384925,2360.3943521799756,15.994714642149743,138.37673096372265,69.62656433689027,855.2217537286837
expAE04,ILTS_SICOPOLIS,/Volumes/FMac/computing/data/antarctica/ismip6/hackathon/ComputedScalarsHelene/expAE04/shelfmelt/computed_shelfmelt_AIS_ILTS_SICOPOLIS_expAE04.nc,162.48622386260396,3447.9161539943375,198.0699655831107,1164.0044739756065,3499.9959530945175,98.6999205763629,364.95738561322275,608.7029263798152,565.6253694459465,829.6214790978966,1567.0054419887317,35.15238040237728,15.797441688038095,468.9667551835634,599.0125590868632,22.823320074161064,12.34168699944494,202.12244769416242,15280.985849647755,9217.252903219014,5837.380975263646,245.1333597883655,1164.0044739756065,98.6999205763629,1567.0054419887317
expAE04,LSCE_GRISLI2,/Volumes/FMac/computing/data/antarctica/ismip6/hackathon/ComputedScalarsHelene/expAE04/shelfmelt/computed_shelfmelt_AIS_LSCE_GRISLI2_expAE04.nc,6.516832177347571,1074.3525190437115,52.292854407739675,82.25286971402821,956.838440490753,14.215413766977514,78.68597902346616,52.34296932551604,146.27955092442883,186.82538169076219,62.25492930238882,57.50694703372072,-1.6949924289505722,-1.771084854041753,49.56735443013639,40.071568148546206,1.2064275231701975,-15.151169010420093,2306.762416050295,2228.9426155095284,512.0414168507848,0.8068066976784087,82.25286971402821,14.215413766977514,62.25492930238882
expAE04,LSCE_GRISLI,/Volumes/FMac/computing/data/antarctica/ismip6/hackathon/ComputedScalarsHelene/expAE04/shelfmelt/computed_shelfmelt_AIS_LSCE_GRISLI_expAE04.nc,311.76514639702697,2451.864906640593,394.4305372446388,849.923402093811,1788.7019599939354,116.66206781365067,506.43786672224843,914.2750282805974,530.6221436710457,1287.0202959370454,661.2391121384112,155.12539256707964,410.34772663127757,686.0108359390174,883.8951866292862,133.56698601350993,337.40505260659927,509.5291072374587,12798.461914504862,6184.9119035099275,6356.789214728777,678.6055747598133,849.923402093811,116.66206781365067,661.2391121384112
expAE04,NCAR_CISM1,/Volumes/FMac/computing/data/antarctica/ismip6/hackathon/ComputedScalarsHelene/expAE04/shelfmelt/computed_shelfmelt_AIS_NCAR_CISM1_expAE04.nc,47.71180325345918,672.4976531868385,92.75659205922496,206.85724473631612,1831.0466480415248,73.27150033768245,-11.372133483544133,232535.00574777627,136.08054450188672,303.8683269037111,851.1563348410223,82.66133692625301,-1.1339792852696475,-5.778659825165903,171.68015400789278,61.35213756268167,,46.325129037958476,4428.508042106962,2936.4997101506356,1940.0065535502526,,206.85724473631612,73.27150033768245,851.1563348410223
expAE04,NCAR_CISM2,/Volumes/FMac/computing/data/antarctica/ismip6/hackathon/ComputedScalarsHelene/expAE04/shelfmelt/computed_shelfmelt_AIS_NCAR_CISM2_expAE04.nc,424.5271593739402,1665.3416121143898,472.9655052954387,913.7754809988343,2419.4932374865207,246.4611831029656,219.83761471207973,580.0036691523584,529.4742400030598,1175.191875091082,1775.8048963870262,148.72637348685228,263.0651445156351,413.8304087470937,551.0231548822544,165.33225977332316,149.23670449038713,790.7237073932737,13544.822406920268,6084.163590760547,6971.162353094591,1314.964008014949,913.7754809988343,246.4611831029656,1775.8048963870262
expAE04,NORCE_CISM2-MAR364-ERA-t1,/Volumes/FMac/computing/data/antarctica/ismip6/hackathon/ComputedScalarsHelene/expAE04/shelfmelt/computed_shelfmelt_AIS_NORCE_CISM2-MAR364-ERA-t1_expAE04.nc,231.21290579050566,952.4730793974096,348.0059851710796,1068.3338942551682,8632.263724489309,242.4383762237081,130.16640828009773,505.157437016133,274.9645919533297,623.6563498634154,1787.2467533128013,93.68138241458448,63.4199063379411,169.51919843506766,378.48791148131613,51.64161116452494,17.107072798010144,259.4020005085277,20025.56360043952,12911.695608395661,5045.954389524078,59.50887353541515,1068.3338942551682,242.4383762237081,1787.2467533128013
expAE04,NORCE_CISM3-MAR364-ERA-t1-local,/Volumes/FMac/computing/data/antarctica/ismip6/hackathon/ComputedScalarsHelene/expAE04/shelfmelt/computed_shelfmelt_AIS_NORCE_CISM3-MAR364-ERA-t1-local_expAE04.nc,113.8365557046131,1262.4883786326182,288.65459244720574,480.8621701017143,2629.547004572782,307.82306911044014,94.31957627357578,289.4694966861503,394.92140720001936,721.1438457656012,1492.7326915903648,193.49358393839609,0.1402194800771289,251.6832836407092,417.7151337926348,89.64706840790885,16.519554187949968,231.43096450373292,9215.604179666183,4953.386204914544,4769.587058129347,35.50723234924469,480.8621701017143,307.82306911044014,1492.7326915903648
expAE04,NORCE_CISM3-MAR364-ERA-t1-nonlocal,/Volumes/FMac/computing/data/antarctica/ismip6/hackathon/ComputedScalarsHelene/expAE04/shelfmelt/computed_shelfmelt_AIS_NORCE_CISM3-MAR364-ERA-t1-nonlocal_expAE04.nc,130.67866216164623,1111.8033939851166,340.72570644436223,510.3152953142122,2049.2173038236497,255.4984285925828,101.02751982432603,314.1347722973139,363.2535444932981,729.2184961458264,1193.4282663777587,155.19706508490802,25.620802427302525,263.90540126967073,413.89523719882123,77.9769650065013,14.282741174104922,272.84256657847453,7969.4263635565785,4158.807398709952,4184.399585221261,42.94621910696446,510.3152953142122,255.4984285925828,1193.4282663777587
expAE04,NORCE_CISM3-MAR364-ERA-t1,/Volumes/FMac/computing/data/antarctica/ismip6/hackathon/ComputedScalarsHelene/expAE04/shelfmelt/computed_shelfmelt_AIS_NORCE_CISM3-MAR364-ERA-t1_expAE04.nc,410.3526183681648,1278.9338478658115,562.8128937203119,1210.1452839164524,8774.786309650322,171.95963131341668,257.78973334811155,648.4932255389784,500.0446211103293,1077.7819972855964,2641.6057923674653,115.04663494661293,140.4699613297219,437.0071894953561,747.7646142408887,88.58437222983859,22.22799228276545,349.94693741378154,23312.755902680095,13976.729093213224,7990.178407260902,89.20197826857152,1210.1452839164524,171.95963131341668,2641.6057923674653
expAE04,NORCE_CISM4-MAR364-ERA-t1-local,/Volumes/FMac/computing/data/antarctica/ismip6/hackathon/ComputedScalarsHelene/expAE04/shelfmelt/computed_shelfmelt_AIS_NORCE_CISM4-MAR364-ERA-t1-local_expAE04.nc,274.2147366792736,1649.1196321234163,493.6535827306144,722.7962888765417,3872.586766214242,652.91533875344,216.37433310145775,721.7889470787127,592.0072279423638,1396.636008815989,2190.0752016577403,196.66342047027317,502.920089280252,760.9672658252103,879.1055104999289,88.41230356220103,18.124740190437226,195.64079438999465,14712.082948407513,7148.9137924495,8381.973462559698,58.91599935748643,722.7962888765417,652.91533875344,2190.0752016577403
expAE04,NORCE_CISM4-MAR364-ERA-t1-nonlocal,/Volumes/FMac/computing/data/antarctica/ismip6/hackathon/ComputedScalarsHelene/expAE04/shelfmelt/computed_shelfmelt_AIS_NORCE_CISM4-MAR364-ERA-t1-nonlocal_expAE04.nc,298.43221682412036,1436.8266172284277,564.257047745349,759.1523074026487,3068.1806947425534,600.4265743790759,224.66162147638104,745.0577524741462,556.1985014740483,1371.9892251868307,1782.272640895896,219.37823553910616,551.9301229711675,749.6074674107449,889.3551302208792,92.1851437791545,19.70888353882414,258.6414464886072,12816.531456043607,6003.183297850478,7549.095349078332,83.7827862776795,759.1523074026487,600.4265743790759,1782.272640895896
expAE04,NORCE_CISM4-MAR364-ERA-t1,/Volumes/FMac/computing/data/antarctica/ismip6/hackathon/ComputedScalarsHelene/expAE04/shelfmelt/computed_shelfmelt_AIS_NORCE_CISM4-MAR364-ERA-t1_expAE04.nc,497.4294717267083,1611.0134980704622,656.5408624942013,1203.278163255008,9120.067207615912,672.2089323301695,352.9116295347589,1129.6234577193736,1137.2311923021728,1616.7640058647787,3317.6248937635437,323.42415803580485,586.9340800510846,818.3171288332211,1240.2029272163363,124.60263233401564,37.291781873122126,373.7724977941787,25539.737119717294,13814.690817558429,12422.375241957705,78.95074487496974,1203.278163255008,672.2089323301695,3317.6248937635437
expAE04,NORCE_CISM4-MAR364-JRA-t1,/Volumes/FMac/computing/data/antarctica/ismip6/hackathon/ComputedScalarsHelene/expAE04/shelfmelt/computed_shelfmelt_AIS_NORCE_CISM4-MAR364-JRA-t1_expAE04.nc,521.4343917251834,1676.4287632783535,655.0501593049834,1221.4315378227282,9657.638722041387,830.0406198826879,353.3117196737203,1170.8737078337356,1075.0371730717084,1626.4921063592592,3436.2471919876702,308.53604745893267,589.3322459149663,987.1209688219111,1255.0958790879117,123.20753586127219,32.62605555330726,328.8604807956029,27110.753253505947,14750.024714971934,12857.81237463843,68.67726078774149,1221.4315378227282,830.0406198826879,3436.2471919876702
expAE04,NORCE_CISM5-MAR364-ERA-t1-local,/Volumes/FMac/computing/data/antarctica/ismip6/hackathon/ComputedScalarsHelene/expAE04/shelfmelt/computed_shelfmelt_AIS_NORCE_CISM5-MAR364-ERA-t1-local_expAE04.nc,652.5335303722521,1968.8304267224498,876.9204508026327,1061.6958933196959,4287.430371422499,457.79842676133336,537.0640092802012,1719.0381851099364,775.89101370502,3115.1681492868365,3645.425469922071,211.78600132595867,1558.2651106591338,1855.2137283796942,1644.5761388889455,77.35500535344413,11.753769303156423,814.8300096860122,22914.069705738497,8790.09488482196,15950.380712749662,4.22890254943917,1061.6958933196959,457.79842676133336,3645.425469922071
expAE04,NORCE_CISM5-MAR364-ERA-t1-nonlocal,/Volumes/FMac/computing/data/antarctica/ismip6/hackathon/ComputedScalarsHelene/expAE04/shelfmelt/computed_shelfmelt_AIS_NORCE_CISM5-MAR364-ERA-t1-nonlocal_expAE04.nc,664.1169655156352,1859.9763956180807,1189.7423480846273,1248.4835380131758,3428.0071423629865,423.2504507513222,533.3247747552092,1766.8986651225514,740.9738819079145,2981.9817583186777,3077.272280060043,199.3097204181076,1872.6254225099237,1881.4597649382754,1648.6053694222107,63.95658481026856,15.000554066017108,855.5202777721803,20846.015217932098,8055.389194219009,14413.221551281431,11.032162975252389,1248.4835380131758,423.2504507513222,3077.272280060043
expAE04,NORCE_CISM5-MAR364-ERA-t1,/Volumes/FMac/computing/data/antarctica/ismip6/hackathon/ComputedScalarsHelene/expAE04/shelfmelt/computed_shelfmelt_AIS_NORCE_CISM5-MAR364-ERA-t1_expAE04.nc,744.5844939656967,2098.612359949838,1123.4038872424833,1348.0011235706659,8407.931295475657,735.1922512561086,458.5664100272564,1855.4748618825877,1319.3202290123975,2945.8767084331275,4381.704997713796,140.1169115453039,1778.1247111850696,1955.9076353668293,1686.798487258309,92.03200592138224,18.85858292567276,967.3210644990794,32176.950180963846,14646.867019911075,18607.03555729828,7.888091442209001,1348.0011235706659,735.1922512561086,4381.704997713796
expAE04,PIK_PISM,/Volumes/FMac/computing/data/antarctica/ismip6/hackathon/ComputedScalarsHelene/expAE04/shelfmelt/computed_shelfmelt_AIS_PIK_PISM_expAE04.nc,37.809232425381175,963.2286551903132,398.49363342180135,459.60708448617896,3394.6094868637965,129.53099154243955,142.24700045254838,426.6161142930096,470.25283006949064,398.8831380917652,2056.4903614627283,12.898611693530919,47.712237683990615,236.5856391325124,238.11775870097975,67.21169662292738,58.04518550842402,57.25666626922009,10376.553041599487,5622.4010965042835,4788.230175923765,142.20783397541953,459.60708448617896,129.53099154243955,2056.4903614627283
expAE04,UCM_Yelmo,/Volumes/FMac/computing/data/antarctica/ismip6/hackathon/ComputedScalarsHelene/expAE04/shelfmelt/computed_shelfmelt_AIS_UCM_Yelmo_expAE04.nc,303.1337686845809,482.26784866577964,294.1592208551938,225.1726351269748,1620.9981407902915,92.63396768081826,72.48513119564743,27.849847414814178,179.21370179942545,1017.1584121103064,1131.136168317823,135.95296849139754,229.51181237469658,272.92600198357474,655.9035975778654,174.55126730473037,-2.715493627737566,321.45474145349874,5814.021264076364,2983.1603062661156,4159.789282955794,363.52411457801065,225.1726351269748,92.63396768081826,1131.136168317823
expAE04,UCSD_ISSM,/Volumes/FMac/computing/data/antarctica/ismip6/hackathon/ComputedScalarsHelene/expAE04/shelfmelt/computed_shelfmelt_AIS_UCSD_ISSM_expAE04.nc,27.184623445892758,7389.585847452775,-4.580837146766833,979.2956720754518,2038.1696450589495,7706.105734963588,293.77936120278224,789.87884269379,2049.2300992956266,5195.063872104815,2414.0836902054534,279.56843954815383,236.756682003562,684.6186070638965,1227.5909143279957,732.4039434710617,,94.45480039474249,20109.122149999315,8457.656198633014,17891.21309751123,,979.2956720754518,7706.105734963588,2414.0836902054534
expAE04,ULB_fETISh-KoriBU1,/Volumes/FMac/computing/data/antarctica/ismip6/hackathon/ComputedScalarsHelene/expAE04/shelfmelt/computed_shelfmelt_AIS_ULB_fETISh-KoriBU1_expAE04.nc,336.46634795330243,7205.399737466644,375.4721753753594,497.7351999121681,11281.522212341762,1009.0755995169807,520.7206682181468,619.3940317404816,751.5953942601964,1482.9440887572052,4035.8462634225966,174.92496498996144,-77.89958685918528,539.2404014334841,1287.0019664534746,28.009837109076642,-0.16336171725449627,221.60984419390374,29691.809679000355,16486.58718407239,14533.117355512368,0.5420846721937949,497.7351999121681,1009.0755995169807,4035.8462634225966
expAE04,ULB_fETISh-KoriBU2,/Volumes/FMac/computing/data/antarctica/ismip6/hackathon/ComputedScalarsHelene/expAE04/shelfmelt/computed_shelfmelt_AIS_ULB_fETISh-KoriBU2_expAE04.nc,433.38755033083754,1838.3061722965022,662.5049790850218,2644.7717701183933,3444.9181855279458,164.68713471017625,462.7323716226496,689.063426897135,551.9135621492729,1892.4282885828338,2023.1490713374403,216.8653218886499,87.03024472865842,406.6570900050976,1086.817053224074,25.768655171020775,-13.406071610410882,320.7779545339743,22507.092101888047,10604.186836265362,9496.625619459912,56.38639192816399,2644.7717701183933,164.68713471017625,2023.1490713374403
expAE04,UNN_Ua,/Volumes/FMac/computing/data/antarctica/ismip6/hackathon/ComputedScalarsHelene/expAE04/shelfmelt/computed_shelfmelt_AIS_UNN_Ua_expAE04.nc,216.97177982279734,1444.8377289375612,186.36514762422462,305.0661289683921,6391.189884594138,176.05514027742473,72.38134258720109,308.30831980600004,352.46203124240714,731.2008761109672,1528.541682545476,129.45861059467575,92.95133663992176,200.12463104549164,427.7808945411475,24.570338626099417,165.0330016338205,618.5438263199203,13515.584975876096,7826.554506266126,4932.24833582571,800.010991716246,305.0661289683921,176.05514027742473,1528.541682545476
expAE04,UTAS_ElmerIce,/Volumes/FMac/computing/data/antarctica/ismip6/hackathon/ComputedScalarsHelene/expAE04/shelfmelt/computed_shelfmelt_AIS_UTAS_ElmerIce_expAE04.nc,57.9222699893348,411.30031616411026,48.350223498575716,26.783999940051604,1070.1379615679355,69.1550570525734,21.991341371787755,93.3691561581177,86.55505132114381,95.97711634231504,483.135413069035,50.669349032001634,13.301220323261992,30.086327742128866,78.68399312967787,25.736447714298205,50.370182397886445,60.737808719739206,2658.55713459714,1583.182539701161,1187.2662402532176,99.8499999676286,26.783999940051604,69.1550570525734,483.135413069035
expAE04,VUB_AISMPALEO,/Volumes/FMac/computing/data/antarctica/ismip6/hackathon/ComputedScalarsHelene/expAE04/shelfmelt/computed_shelfmelt_AIS_VUB_AISMPALEO_expAE04.nc,315.68135322979765,630.3557923024167,253.50010291663025,650.6295649754267,1013.600422708775,380.99244566163804,161.3528361974183,559.202377070891,273.4985445295292,212.35960879194957,786.7992375058893,4161.318674347903,300.43668871446175,239.74472620479023,861.7763318426936,102.87057258011107,-143.2705233074776,1405.86000595929,4616.9284096556685,1680.683751469255,1578.7109698685128,331.1931490806696,650.6295649754267,380.99244566163804,786.7992375058893
expAE04,VUW_PISM1,/Volumes/FMac/computing/data/antarctica/ismip6/hackathon/ComputedScalarsHelene/expAE04/shelfmelt/computed_shelfmelt_AIS_VUW_PISM1_expAE04.nc,270.91049054716797,1663.4531662493973,462.68470414922444,925.5301600534746,2503.8107543200995,-20.85615123380956,42.727650813097966,257.5899708663461,646.746725062758,2878.1808255917904,1729.0864635028079,27.627598643531755,328.1259732415448,761.483362148356,1064.2353978079943,16.03385169976435,11.328205703173975,327.5985444251062,16237.233330267307,7767.569344205497,7710.762012178972,355.1693363643275,925.5301600534746,-20.85615123380956,1729.0864635028079
expAE04,VUW_PISM1_s1,/Volumes/FMac/computing/data/antarctica/ismip6/hackathon/ComputedScalarsHelene/expAE04/shelfmelt/computed_shelfmelt_AIS_VUW_PISM1_s1_expAE04.nc,286.15882251048674,1950.7101570772736,565.4793937310702,853.1576760380491,2605.7972412722825,-39.66605232309718,80.12495428451358,326.6750838356778,871.2877766007923,3179.372301726701,1900.2162121991794,26.670142825779852,292.00861620933557,1066.2449885423578,1170.9191076217517,16.42502535643018,0.7768853804428735,371.85599585240993,17671.236534321186,8224.319230558685,8658.109561526651,419.1903246752306,853.1576760380491,-39.66605232309718,1900.2162121991794
expAE04,VUW_PISM1_s2,/Volumes/FMac/computing/data/antarctica/ismip6/hackathon/ComputedScalarsHelene/expAE04/shelfmelt/computed_shelfmelt_AIS_VUW_PISM1_s2_expAE04.nc,229.5141651629306,1444.8988344120044,468.7785839494851,773.464824804346,2321.1462353656734,-14.532996673149947,48.974481923566884,194.2357870957653,625.1509382712665,2171.9820335118948,1600.4638191186218,41.17194873974089,320.60115391470475,742.7304227054063,998.7721108615641,13.430781628045997,3.6580471430516974,296.1091571514743,14996.430562058205,7134.797076021141,7263.778044331123,279.6448157679017,773.464824804346,-14.532996673149947,1600.4638191186218
expAE04,VUW_PISM1_s3,/Volumes/FMac/computing/data/antarctica/ismip6/hackathon/ComputedScalarsHelene/expAE04/shelfmelt/computed_shelfmelt_AIS_VUW_PISM1_s3_expAE04.nc,211.5429657657395,939.9115784793131,443.50049771281977,527.5840910915606,1891.8606048416634,265.9630936088319,40.51159233371845,181.79820348990145,596.5960083002353,2621.2255247524004,1527.3383016671278,216.1110404295235,334.7998758721884,737.6931539121219,928.0938899823766,12.498117482789247,8.422694714699947,252.78257980580997,13083.783896066183,5830.507623902618,7101.726583436742,221.1113685612846,527.5840910915606,265.9630936088319,1527.3383016671278
expAE04,VUW_PISM1_s4,/Volumes/FMac/computing/data/antarctica/ismip6/hackathon/ComputedScalarsHelene/expAE04/shelfmelt/computed_shelfmelt_AIS_VUW_PISM1_s4_expAE04.nc,295.86004636699465,2104.571025693269,485.18841047596544,1067.166661920076,2590.960821421961,71.21414372005623,87.63911248960768,338.4495621260865,712.5219053796817,2892.680228569451,2116.6054533613105,103.23304643856603,334.66452993263823,791.1650099358627,1080.5319982300944,17.984329836429275,9.986311805264991,348.7033698681704,17771.96945401207,8347.568420907432,8870.832311296963,399.6051170683589,1067.166661920076,71.21414372005623,2116.6054533613105
expAE04,VUW_PISM2,/Volumes/FMac/computing/data/antarctica/ismip6/hackathon/ComputedScalarsHelene/expAE04/shelfmelt/computed_shelfmelt_AIS_VUW_PISM2_expAE04.nc,425.68152737648,1914.1212341046848,857.4826512905508,1722.6417401126716,3019.490673028201,-30.566587796633122,202.62416150891156,428.600588410504,870.2223136402143,2412.470993000567,2625.0164054113316,165.88795273278444,546.7369494020809,1124.3243091796096,1763.254232932727,74.82490802202999,19.3697529490194,556.5882637185123,21711.031499846627,9806.941918732537,11199.800466689463,677.2282295180215,1722.6417401126716,-30.566587796633122,2625.0164054113316
expAE04,VUW_PISM2_s1,/Volumes/FMac/computing/data/antarctica/ismip6/hackathon/ComputedScalarsHelene/expAE04/shelfmelt/computed_shelfmelt_AIS_VUW_PISM2_s1_expAE04.nc,474.4884851213481,2261.651582230016,889.7176880820714,1794.7088837857618,3237.870781821776,-32.646266925039185,306.80144271726806,553.1407058032147,1029.5999277395567,3290.3154867696035,2740.8565935204165,180.19275244275886,574.0319129835169,1407.0999692028377,1974.6787288502287,73.53439740584513,14.715801411717262,579.0495876611932,24015.273473265454,10578.127312891109,12657.45359955924,746.1236956610636,1794.7088837857618,-32.646266925039185,2740.8565935204165
expAE04,VUW_PISM2_s2,/Volumes/FMac/computing/data/antarctica/ismip6/hackathon/ComputedScalarsHelene/expAE04/shelfmelt/computed_shelfmelt_AIS_VUW_PISM2_s2_expAE04.nc,410.5049976696893,1704.87753390272,790.3271563493271,1679.7490823979933,2800.092750447092,-40.12022724993198,139.89583332492563,368.65763294091425,780.6342058046263,1874.4093105223521,2319.3481029972286,168.73661174668672,573.7379873777243,952.5292755019642,1686.000757049209,59.41897404144506,23.049925164934624,544.5111286157521,20175.364443222345,9210.853963567675,10215.901094758832,623.5943904430652,1679.7490823979933,-40.12022724993198,2319.3481029972286
expAE04,VUW_PISM2_s3,/Volumes/FMac/computing/data/antarctica/ismip6/hackathon/ComputedScalarsHelene/expAE04/shelfmelt/computed_shelfmelt_AIS_VUW_PISM2_s3_expAE04.nc,363.9729751486521,1294.229593969519,694.0733636397736,902.900900272735,2448.692337223683,393.90926447813644,179.82141562389594,256.465170540881,768.2107931360723,2226.124150515782,2170.6813797604996,403.81383282400895,568.9804268599393,977.9964374311282,1570.3921916539787,51.38427041174893,17.785036767821616,505.6415035260057,18102.60887682823,7768.669596651927,9924.592578989705,576.7285630879851,902.900900272735,393.90926447813644,2170.6813797604996
expAE04,VUW_PISM2_s4,/Volumes/FMac/computing/data/antarctica/ismip6/hackathon/ComputedScalarsHelene/expAE04/shelfmelt/computed_shelfmelt_AIS_VUW_PISM2_s4_expAE04.nc,458.01433212106014,2483.1253002082235,941.4865123813829,2255.268695366598,3133.6062193967646,90.3393251307379,265.4832342539496,460.0114862772685,917.2197290123071,2175.224808426267,2861.52675586502,340.2833767665034,551.2994056260507,972.5833540792374,1932.2769752983995,74.43610857412797,20.60685581650658,577.3624948161455,23431.451989223417,10719.719680516502,12056.926822089708,733.9531730679699,2255.268695366598,90.3393251307379,2861.52675586502
expAE05,DC_ISSM,/Volumes/FMac/computing/data/antarctica/ismip6/hackathon/ComputedScalarsHelene/expAE05/shelfmelt/computed_shelfmelt_AIS_DC_ISSM_expAE05.nc,13.327384338196989,970.4230241681948,116.6471230123996,195.09682684713923,1352.6356839073387,55.29705230312935,211.68902146707427,201.3728748551572,179.87525193390715,312.7656578448542,749.2720841190251,3.9901530619914882,-4.3245556021143425,132.12928786376955,116.48136646852099,4.106562015686853,3.4679677898519112,52.636109806837155,4875.278477587996,2741.2129673602853,2034.0963073367366,48.724269620120566,195.09682684713923,55.29705230312935,749.2720841190251
expAE05,IGE_ElmerIce,/Volumes/FMac/computing/data/antarctica/ismip6/hackathon/ComputedScalarsHelene/expAE05/shelfmelt/computed_shelfmelt_AIS_IGE_ElmerIce_expAE05.nc,14.03504889510948,1294.7953358586235,65.1993815869272,177.31000746741427,1322.7898490896569,152.1612126518947,118.48202727248284,113.68175906505228,115.83640632058234,299.100810462515,396.63769509561524,11.445868873274588,1.585446008640193,31.90512383974656,131.52223700435673,0.6429375983844872,1.783221710387022,31.524342358932767,4846.360672361513,2786.0683608530094,2519.9062199809455,48.328997771034786,177.31000746741427,152.1612126518947,396.63769509561524
expAE05,ILTS_SICOPOLIS,/Volumes/FMac/computing/data/antarctica/ismip6/hackathon/ComputedScalarsHelene/expAE05/shelfmelt/computed_shelfmelt_AIS_ILTS_SICOPOLIS_expAE05.nc,113.49486378463865,2905.684925908661,150.38534068767842,978.2116624405726,4101.426218144876,74.72586548269113,651.5320463819637,415.4542672841568,486.3481859886951,926.0843627551878,1560.3654762263338,60.48674705451921,-47.90730087986652,424.3436030750363,475.1226160238967,21.763349852204584,1.7156806921020415,338.31292001229826,16472.178237676242,9500.70151519015,5340.839879137412,337.36485035982963,978.2116624405726,74.72586548269113,1560.3654762263338
expAE05,LSCE_GRISLI2,/Volumes/FMac/computing/data/antarctica/ismip6/hackathon/ComputedScalarsHelene/expAE05/shelfmelt/computed_shelfmelt_AIS_LSCE_GRISLI2_expAE05.nc,0.6653284006458635,808.980471182543,13.468670199163068,49.52776046767157,991.0864952743183,27.045700870615544,104.53239017333617,-7.616135660781863,149.01898260168684,143.829808182969,59.92488569807526,22.9243781411874,4.283962019705602,2.8826953581183004,42.65897937483105,43.18186237994121,-15.367616461040846,61.37958243750908,2775.74709119071,2086.462621621001,465.29234668884004,-8.280319378746272,49.52776046767157,27.045700870615544,59.92488569807526
expAE05,LSCE_GRISLI,/Volumes/FMac/computing/data/antarctica/ismip6/hackathon/ComputedScalarsHelene/expAE05/shelfmelt/computed_shelfmelt_AIS_LSCE_GRISLI_expAE05.nc,177.48412568089566,1642.0154649066005,240.00496058940428,889.4295622559691,1767.7497609878478,116.15165331884033,245.70265040986664,437.5446539403168,481.70453241615337,551.422209811985,502.35298405193674,131.77277278889042,309.76760507653216,286.794232333995,326.72160456921046,294.7260608772473,1701.3551539659215,1291.2791508454272,10124.344896416615,5918.300083851819,3413.359421312804,2371.7158853530823,889.4295622559691,116.15165331884033,502.35298405193674
expAE05,NCAR_CISM1,/Volumes/FMac/computing/data/antarctica/ismip6/hackathon/ComputedScalarsHelene/expAE05/shelfmelt/computed_shelfmelt_AIS_NCAR_CISM1_expAE05.nc,20.783169838612032,904.2714277454719,212.4281922519765,247.43727641156062,1775.5749058706233,83.06647159396428,77.12889551679518,32.03425273251634,183.35311711710793,352.20069182264126,730.6962119168738,14.392195820331183,-28.92342752152442,42.64381860852822,151.38039428347054,50.81123272741663,28.340990078409934,109.72956117112643,5231.6871046982205,3344.4643617438155,1822.2315387940241,80.95084240730601,247.43727641156062,83.06647159396428,730.6962119168738
expAE05,NCAR_CISM2,/Volumes/FMac/computing/data/antarctica/ismip6/hackathon/ComputedScalarsHelene/expAE05/shelfmelt/computed_shelfmelt_AIS_NCAR_CISM2_expAE05.nc,504.00543454390345,2522.8424660402734,657.6559012115359,1607.0178083814449,3783.5259955468305,366.8883745902798,819.622870802551,981.2774574429035,690.4708274420816,1781.207488898665,2126.729599626289,268.0419239237483,196.7965754016443,622.5140114479331,626.905991446249,129.4538242271347,131.1115586870426,685.585247066649,22375.377720499855,10944.370677041892,9612.31500167864,1085.8943811790057,1607.0178083814449,366.8883745902798,2126.729599626289
expAE05,NORCE_CISM2-MAR364-ERA-t1,/Volumes/FMac/computing/data/antarctica/ismip6/hackathon/ComputedScalarsHelene/expAE05/shelfmelt/computed_shelfmelt_AIS_NORCE_CISM2-MAR364-ERA-t1_expAE05.nc,96.47597379792813,2573.1330340065274,1315.6293604519722,951.7268587081845,5766.1597960952595,517.6836680940622,272.26703704569906,797.2314922187759,1066.9952025444024,1286.0345878382898,2699.2985871093647,200.78287994210027,-13.352073464545011,317.80053382765334,420.5158829818293,81.96776398730103,31.385818892937994,288.52549337313246,24848.368783771548,14214.276179911714,9626.706766585883,195.65539539184968,951.7268587081845,517.6836680940622,2699.2985871093647
expAE05,NORCE_CISM3-MAR364-ERA-t1-local,/Volumes/FMac/computing/data/antarctica/ismip6/hackathon/ComputedScalarsHelene/expAE05/shelfmelt/computed_shelfmelt_AIS_NORCE_CISM3-MAR364-ERA-t1-local_expAE05.nc,62.84937015824899,1921.9614277305814,543.6708604217112,702.8107117209601,2882.2102835959413,327.85385272630066,227.42082935301562,515.437430262125,766.552856870476,780.794683705703,1342.6998573048202,133.34390651789914,-4.627716809973216,346.12854617614363,388.5741734427858,65.6698102566638,28.93390632861489,283.24078568961903,12393.570449283034,6726.389585678601,5175.357063800108,248.75850373252322,702.8107117209601,327.85385272630066,1342.6998573048202
expAE05,NORCE_CISM3-MAR364-ERA-t1-nonlocal,/Volumes/FMac/computing/data/antarctica/ismip6/hackathon/ComputedScalarsHelene/expAE05/shelfmelt/computed_shelfmelt_AIS_NORCE_CISM3-MAR364-ERA-t1-nonlocal_expAE05.nc,61.537737072534696,1466.6478956021147,552.7934450599511,548.1419467228009,1677.3426382565044,242.37117559017037,185.52929037363992,394.9860429176847,461.0642416509175,644.8123876216272,896.5109496880094,121.41588208681704,-4.775859597673197,302.91619551291836,364.4741475032413,49.4220457500887,25.07920887909512,317.49899890252277,8756.808919625451,4592.472278720062,3774.1995871294844,243.50522302710624,548.1419467228009,242.37117559017037,896.5109496880094
expAE05,NORCE_CISM3-MAR364-ERA-t1,/Volumes/FMac/computing/data/antarctica/ismip6/hackathon/ComputedScalarsHelene/expAE05/shelfmelt/computed_shelfmelt_AIS_NORCE_CISM3-MAR364-ERA-t1_expAE05.nc,222.1104965722256,2588.1265174841765,1353.686110401866,1238.1707976926166,5900.009253128698,294.76737163317944,397.3776809121186,931.9424484731892,1313.3318293598224,1472.52753485142,2821.5680133340175,98.5214809052705,-1.3709124487657347,588.5095535160127,640.2133703142915,69.91654425581379,36.34499584786041,269.20099529650975,26131.602658606113,14712.462770827113,10636.799808545162,245.23507952901176,1238.1707976926166,294.76737163317944,2821.5680133340175
expAE05,NORCE_CISM4-MAR364-ERA-t1-local,/Volumes/FMac/computing/data/antarctica/ismip6/hackathon/ComputedScalarsHelene/expAE05/shelfmelt/computed_shelfmelt_AIS_NORCE_CISM4-MAR364-ERA-t1-local_expAE05.nc,84.07547072613791,2495.482980933081,827.7029404074951,846.4160474201472,3935.9166982797374,570.7882186611192,195.374220918341,756.0625859607903,886.5560507769814,1185.267159190131,1805.0209091966722,97.73008889445673,-96.89092477260958,596.3786338649213,744.8009133114954,41.69618398730657,31.81957107754078,202.83106193150437,16537.284698581316,8640.055212293868,7369.277887459174,257.31208347887326,846.4160474201472,570.7882186611192,1805.0209091966722
expAE05,NORCE_CISM4-MAR364-ERA-t1-nonlocal,/Volumes/FMac/computing/data/antarctica/ismip6/hackathon/ComputedScalarsHelene/expAE05/shelfmelt/computed_shelfmelt_AIS_NORCE_CISM4-MAR364-ERA-t1-nonlocal_expAE05.nc,112.61335410504454,1926.4536948999344,805.322987169257,836.8184669663798,2448.65199475878,507.96907134193617,267.4331662547453,705.1943864360832,673.4420193528495,1076.4954587422847,1277.061481584944,88.20940039603201,-25.476253988089667,572.6658261992077,745.5933620561648,37.88156752120764,41.94676298805874,261.562889798129,12777.601892517212,6214.472997693439,6143.203031355066,278.08274130447575,836.8184669663798,507.96907134193617,1277.061481584944
expAE05,NORCE_CISM4-MAR364-ERA-t1,/Volumes/FMac/computing/data/antarctica/ismip6/hackathon/ComputedScalarsHelene/expAE05/shelfmelt/computed_shelfmelt_AIS_NORCE_CISM4-MAR364-ERA-t1_expAE05.nc,141.65254030940318,2859.7999208972383,1071.8350886156227,1151.336025405494,6537.385665605541,845.1124227014521,296.86896873963843,1161.856788353306,1154.356233016915,1464.422011285498,2822.5473960499075,137.05746612323028,1.593778825545915,672.3983547637557,1036.4555184728017,34.762820928847745,29.369095490582918,225.48232958680498,26027.780698769187,14414.06517733338,11386.24312196426,253.89749037388293,1151.336025405494,845.1124227014521,2822.5473960499075
expAE05,NORCE_CISM4-MAR364-JRA-t1,/Volumes/FMac/computing/data/antarctica/ismip6/hackathon/ComputedScalarsHelene/expAE05/shelfmelt/computed_shelfmelt_AIS_NORCE_CISM4-MAR364-JRA-t1_expAE05.nc,137.21436806277706,2902.782827669818,1069.1009451801776,1127.608734884665,6780.4701738949225,1114.451576774926,347.08486402564125,1218.5430907376979,1091.6163777542572,1510.9016218892461,2903.01937312436,124.88036365824091,-3.2480974558543405,866.6417534696594,1042.7788486846603,36.158885185223625,29.241723139253594,221.39963127601538,27064.639637735807,14807.362537775221,12033.791531023138,242.70733381551665,1127.608734884665,1114.451576774926,2903.01937312436
expAE05,NORCE_CISM5-MAR364-ERA-t1-local,/Volumes/FMac/computing/data/antarctica/ismip6/hackathon/ComputedScalarsHelene/expAE05/shelfmelt/computed_shelfmelt_AIS_NORCE_CISM5-MAR364-ERA-t1-local_expAE05.nc,303.97936291136665,3010.9685720098673,1050.0893677663944,1107.782662289265,4179.176977101661,590.5579066196863,89.18779429293022,936.2409163669937,1109.5953960300717,1644.7945964925395,2717.2342954263477,35.32731975899042,1145.7012427181007,871.7063640355901,1133.2877670726364,58.60017575223359,21.803089421442206,415.03794124958546,21016.38115786421,9912.612046101884,10527.427363433138,215.41932122491968,1107.782662289265,590.5579066196863,2717.2342954263477
expAE05,NORCE_CISM5-MAR364-ERA-t1-nonlocal,/Volumes/FMac/computing/data/antarctica/ismip6/hackathon/ComputedScalarsHelene/expAE05/shelfmelt/computed_shelfmelt_AIS_NORCE_CISM5-MAR364-ERA-t1-nonlocal_expAE05.nc,348.76525946794385,2436.162537182525,1372.2555315133536,1286.9965177502252,2702.296086584441,377.1564542917034,102.77839326291434,1058.6114927422864,875.1395026675299,1729.1091802365593,2076.863240005259,31.986966775835196,964.5323320448083,987.9497721084083,1183.1782054233045,29.7817547458327,25.011112972672603,437.0199587177846,18177.868222498488,8089.051064511501,9261.978993943576,218.03305956349763,1286.9965177502252,377.1564542917034,2076.863240005259
expAE05,NORCE_CISM5-MAR364-ERA-t1,/Volumes/FMac/computing/data/antarctica/ismip6/hackathon/ComputedScalarsHelene/expAE05/shelfmelt/computed_shelfmelt_AIS_NORCE_CISM5-MAR364-ERA-t1_expAE05.nc,427.7496972419707,3217.412871900028,1355.474605844115,1281.8963027061936,5844.545577023724,760.4184692247092,40.721867796942064,1186.0858518555274,1150.430471309521,1916.7539587462713,3239.076872741386,44.3272554357167,726.2653480922727,965.5746832713696,1286.7972589041067,59.22387277115565,25.916721603136942,383.641870579511,26943.74241813928,13991.397803832682,12385.450049445186,263.89240732783406,1281.8963027061936,760.4184692247092,3239.076872741386
expAE05,PIK_PISM,/Volumes/FMac/computing/data/antarctica/ismip6/hackathon/ComputedScalarsHelene/expAE05/shelfmelt/computed_shelfmelt_AIS_PIK_PISM_expAE05.nc,20.168808805837198,1209.409732043584,526.545707708714,584.9565410451514,1785.5839681172265,192.32539711100202,170.09704139326467,402.7747592491899,430.01565271324876,379.19419604347667,1546.623475146269,13.07110735245221,47.080931366756296,224.7684789765477,173.97857923116246,48.40190208072503,70.84727692248477,108.27047515474689,10360.951324267777,5225.624039706563,4649.624719657859,239.26750741132776,584.9565410451514,192.32539711100202,1546.623475146269
expAE05,UCM_Yelmo,/Volumes/FMac/computing/data/antarctica/ismip6/hackathon/ComputedScalarsHelene/expAE05/shelfmelt/computed_shelfmelt_AIS_UCM_Yelmo_expAE05.nc,519.611084586925,782.4120184733576,523.3735915459403,296.9849023001918,1857.0981259371051,122.53299903957452,170.6952379918462,165.65430111404973,204.82253358630746,1336.167092069325,1094.8168240746015,121.8342868785968,86.42539144421158,527.3432100414409,671.0680663430844,-14.087605640161495,156.45129914076952,360.46701462464625,8937.656563354463,4092.242371421866,4347.397415185364,457.5441150400942,296.9849023001918,122.53299903957452,1094.8168240746015
expAE05,UCSD_ISSM,/Volumes/FMac/computing/data/antarctica/ismip6/hackathon/ComputedScalarsHelene/expAE05/shelfmelt/computed_shelfmelt_AIS_UCSD_ISSM_expAE05.nc,3.6669697027786987,2450.718992792782,3.7149793294387665,1414.3608126550866,1139.1302642004196,742.1859617389337,139.91273116023677,452.1418048202839,261.62070531628837,67.35018687635939,1460.9794975587813,58.745084163893644,-2.5099251512663385,94.00565614471627,9.372389805566732,-68.86771105176811,-75.0959409868395,1.6752245276604,10112.283762159277,6597.535973636048,3934.062508247457,0.9808687268321312,1414.3608126550866,742.1859617389337,1460.9794975587813
expAE05,ULB_fETISh-KoriBU1,/Volumes/FMac/computing/data/antarctica/ismip6/hackathon/ComputedScalarsHelene/expAE05/shelfmelt/computed_shelfmelt_AIS_ULB_fETISh-KoriBU1_expAE05.nc,314.8211065117766,10553.434531772455,740.9832966530306,1765.2677131463588,6856.515999154581,183.637058520786,1359.7374573080178,602.1783043372792,580.9304036733437,1487.9396433522863,2023.8600272868096,8.686950186924937,-4.741326502425431,410.96749379510527,1031.2344921078502,8.262313605464794,0.07782716475705591,145.09749675025543,35239.21482277574,21299.85583135739,14828.96263648284,77.13559004601359,1765.2677131463588,183.637058520786,2023.8600272868096
expAE05,ULB_fETISh-KoriBU2,/Volumes/FMac/computing/data/antarctica/ismip6/hackathon/ComputedScalarsHelene/expAE05/shelfmelt/computed_shelfmelt_AIS_ULB_fETISh-KoriBU2_expAE05.nc,330.31216275124024,2733.3218070389375,810.1456533392436,3350.519729049309,2965.8713275821447,95.06357217715362,885.3232045961083,569.5179688993621,664.154179203967,1387.7909253680295,1373.5688863641976,31.296706794520897,-45.015878501361534,334.719924057717,764.4106357098232,13.007133581152294,7.734287765764763,107.15077065393349,25040.226947077615,13356.078225752852,7634.410659613695,45.69612130311938,3350.519729049309,95.06357217715362,1373.5688863641976
expAE05,UNN_Ua,/Volumes/FMac/computing/data/antarctica/ismip6/hackathon/ComputedScalarsHelene/expAE05/shelfmelt/computed_shelfmelt_AIS_UNN_Ua_expAE05.nc,241.1784743496992,2088.6009852914685,484.293068656105,458.2588185979785,4045.41939497075,232.3998188616352,183.0071875528323,121.35950374198907,852.2286301746835,1167.0287931432294,1332.1521157417144,83.24845663405208,114.3526790316419,257.4628721674562,409.76623132077344,9.898832583811075,361.35630012111403,770.5569791664702,12978.65248316398,7342.502127084829,4902.9891432456825,1120.936828060904,458.2588185979785,232.3998188616352,1332.1521157417144
expAE05,UTAS_ElmerIce,/Volumes/FMac/computing/data/antarctica/ismip6/hackathon/ComputedScalarsHelene/expAE05/shelfmelt/computed_shelfmelt_AIS_UTAS_ElmerIce_expAE05.nc,68.55015617793921,617.787407915204,60.760538578432175,43.600763421877275,1461.9731684542821,58.4269857257711,59.15338773553771,96.23328555704869,143.11983323886696,125.44081690514007,556.3013915713985,39.70434552443786,-2.457591218009375,29.02585171694942,71.27683759545535,-66.90502588408096,5.702298283200002,121.06847894458546,4015.8250424320013,2316.237356461732,1286.2761922097193,174.9777598671448,43.600763421877275,58.4269857257711,556.3013915713985
expAE05,VUB_AISMPALEO,/Volumes/FMac/computing/data/antarctica/ismip6/hackathon/ComputedScalarsHelene/expAE05/shelfmelt/computed_shelfmelt_AIS_VUB_AISMPALEO_expAE05.nc,225.8905863451992,709.610262139141,177.52338512339378,652.8331676976849,974.8189928891546,335.7911566514727,635.9351011022719,2082.575013714593,233.21765641249416,217.41182576065725,682.7057619947407,5305.3226626535015,95.85410557386341,284.6300307664642,252.86098833565057,-112.09888115351885,132.06438839450936,1922.9141274642718,2550.4818152852613,1354.3932705576985,1069.6250724895456,450.78206824736463,652.8331676976849,335.7911566514727,682.7057619947407
expAE05,VUW_PISM1,/Volumes/FMac/computing/data/antarctica/ismip6/hackathon/ComputedScalarsHelene/expAE05/shelfmelt/computed_shelfmelt_AIS_VUW_PISM1_expAE05.nc,245.68960070365807,2364.5010027347903,539.9635248078106,565.9804556639982,2248.0678551791652,26.922304108539613,51.34122336979802,122.78649055618646,636.4864185198973,2091.4878296884854,1068.0618294588674,50.517047168854,199.83884046176192,870.1031506538355,985.4535807149965,-10.636350679802392,-52.438268165228784,510.59269102758105,13778.906014520215,6558.927595757654,5276.377843694958,857.9664774448535,565.9804556639982,26.922304108539613,1068.0618294588674
expAE05,VUW_PISM1_s1,/Volumes/FMac/computing/data/antarctica/ismip6/hackathon/ComputedScalarsHelene/expAE05/shelfmelt/computed_shelfmelt_AIS_VUW_PISM1_s1_expAE05.nc,296.56727649946924,2759.830257234925,626.1126697158674,516.8260500409782,2463.200184750699,14.28649313059657,83.78396599511557,310.3988147629761,820.8020698266703,2586.631048238916,1175.3317376529917,16.725826360727872,325.96767986982246,1447.4846507372438,1094.3530531073213,-8.566636362068612,-44.82352763250673,570.95671968198,15825.975130839744,7145.932125382885,7027.819074246026,1054.2478079423593,516.8260500409782,14.28649313059657,1175.3317376529917
expAE05,VUW_PISM1_s2,/Volumes/FMac/computing/data/antarctica/ismip6/hackathon/ComputedScalarsHelene/expAE05/shelfmelt/computed_shelfmelt_AIS_VUW_PISM1_s2_expAE05.nc,219.55061906705996,2093.6662176260975,559.6580345119556,355.14908452145454,2166.615722057617,22.38406201353208,55.101162238441155,190.86351143381873,603.0076230381065,1853.5377239786974,988.2151938959291,61.08445337555935,299.334409270779,716.8683215735949,967.7991117297572,-18.7491890916113,-70.11160438677126,464.5773721729296,12902.280633051916,5878.403751927519,5400.68463379952,808.8925585141942,355.14908452145454,22.38406201353208,988.2151938959291
expAE05,VUW_PISM1_s3,/Volumes/FMac/computing/data/antarctica/ismip6/hackathon/ComputedScalarsHelene/expAE05/shelfmelt/computed_shelfmelt_AIS_VUW_PISM1_s3_expAE05.nc,236.26310710083334,1309.9510053071183,546.0507722741647,350.30108277809524,1842.3494876123475,230.74962357922968,51.937545989151005,129.59397014894867,594.7216563455971,1951.3082029198104,849.5468243579681,146.815107424077,315.0243443402382,898.3618031276368,930.3005592252373,-3.699797043756488,-33.20587103266577,397.54445187239213,11228.251849556129,5012.750079429878,5146.409622956532,766.75652561321,350.30108277809524,230.74962357922968,849.5468243579681
expAE05,VUW_PISM1_s4,/Volumes/FMac/computing/data/antarctica/ismip6/hackathon/ComputedScalarsHelene/expAE05/shelfmelt/computed_shelfmelt_AIS_VUW_PISM1_s4_expAE05.nc,269.5619797282712,2745.698001520041,584.8587741550167,654.4669142548732,2365.3131281125357,62.71526003345432,63.29726123643681,154.6975003770064,699.877776519443,2267.0636009232194,1324.6823171218869,125.63463659017366,260.12264685436674,876.5737013679693,1035.7450673481712,-29.17712932475466,-41.40328836902137,561.6999696045996,15197.052509722316,7084.5841732655845,6266.0321986074,958.6035038677949,654.4669142548732,62.71526003345432,1324.6823171218869
expAE05,VUW_PISM2,/Volumes/FMac/computing/data/antarctica/ismip6/hackathon/ComputedScalarsHelene/expAE05/shelfmelt/computed_shelfmelt_AIS_VUW_PISM2_expAE05.nc,382.7016856160345,2681.297193371512,984.9884951178772,1055.6024667007462,2718.906354792553,35.20076318469467,254.5905838951537,358.69047854519374,777.2611712985823,1891.8312021574798,1338.9867258073682,388.79656361890244,497.1761842628943,1295.7411319948487,1554.1010885160706,29.63507829073955,-4.520062048744815,759.0318873975223,18033.78791771149,8108.493150462284,8257.059655911577,1215.3644259091684,1055.6024667007462,35.20076318469467,1338.9867258073682
expAE05,VUW_PISM2_s1,/Volumes/FMac/computing/data/antarctica/ismip6/hackathon/ComputedScalarsHelene/expAE05/shelfmelt/computed_shelfmelt_AIS_VUW_PISM2_s1_expAE05.nc,409.7525376667724,3069.5359599334047,1047.850782856651,985.3083748619666,2981.850422065655,53.47813875792565,419.954062535196,524.245385438519,895.3088467657842,2283.623836711059,1446.9488681182966,298.42985481974637,479.47676830125357,1869.588052880477,1726.441714737691,30.810742155446817,1.6174805276253368,841.2935534182814,20303.476358940534,8755.449710059334,10015.499998067498,1342.0549450864457,985.3083748619666,53.47813875792565,1446.9488681182966
expAE05,VUW_PISM2_s2,/Volumes/FMac/computing/data/antarctica/ismip6/hackathon/ComputedScalarsHelene/expAE05/shelfmelt/computed_shelfmelt_AIS_VUW_PISM2_s2_expAE05.nc,371.2513677183689,2415.6050664619966,945.132543555687,1242.731889639542,2474.893942845938,170.81091990504393,201.2413874090194,315.43420805633775,698.4242061937726,1694.5864337250512,1186.219780221808,234.55400841455292,405.2122245505756,1094.8188825467967,1402.8280400446058,10.549830406253644,-0.6570768248219627,720.0007745329419,16657.17481812918,7619.887139249895,7418.116039800887,1140.7849246868334,1242.731889639542,170.81091990504393,1186.219780221808
expAE05,VUW_PISM2_s3,/Volumes/FMac/computing/data/antarctica/ismip6/hackathon/ComputedScalarsHelene/expAE05/shelfmelt/computed_shelfmelt_AIS_VUW_PISM2_s3_expAE05.nc,394.72872104483224,1685.565700840469,854.1320464348833,516.3509801422272,2146.3958913880238,322.45004251216943,237.79841604016588,237.8872322824038,698.4720975257545,1746.7374357026006,1063.567214071985,356.23885002263006,529.3264542821911,1267.421243295061,1363.5986237352683,24.06264945936194,-9.353009079139778,640.603349939619,14502.544498538786,6138.757502951459,7212.135701578635,1020.5992654702249,516.3509801422272,322.45004251216943,1063.567214071985
expAE05,VUW_PISM2_s4,/Volumes/FMac/computing/data/antarctica/ismip6/hackathon/ComputedScalarsHelene/expAE05/shelfmelt/computed_shelfmelt_AIS_VUW_PISM2_s4_expAE05.nc,404.69060650995607,3151.9778485132947,1078.1495078052326,1473.4223729521664,2857.448642035401,447.2907144761961,303.0041930481098,356.41040908647517,857.6309010971308,1950.1736675516845,1559.951987172822,340.87658505884974,444.51911699774917,1387.0428520700482,1609.5206785440976,62.246319467436344,-1.6658585142921603,812.0113000477194,19403.333389877727,8858.15643500203,8898.06608940287,1394.841142255639,1473.4223729521664,447.2907144761961,1559.951987172822
