,Experiment,Model,Path,AIS,Amundsen,Ross,FilchnerRonne,WestAntarctica,EastAntarctica,Peninsula,Aurora,Wilkes
0,expAE02,DC_ISSM,/Volumes/FMac/computing/data/antarctica/ismip6/hackathon/ComputedScalarsHelene/expAE02/shelfmelt/computed_shelfmelt_AIS_DC_ISSM_expAE02.nc,0.708012951356988,0.8803989764835521,0.9632738826382283,0.9946204868975269,0.6793958757719155,0.7422605362071706,5.379337797610908,0.13843107097717428,0.6176164021666231
1,expAE02,IGE_ElmerIce,/Volumes/FMac/computing/data/antarctica/ismip6/hackathon/ComputedScalarsHelene/expAE02/shelfmelt/computed_shelfmelt_AIS_IGE_ElmerIce_expAE02.nc,0.5919935823992072,1.3620367855655762,0.6232367369985343,0.6706023494088638,0.5797091070107206,0.6312054328494915,4.584801584206586,0.44635119149965047,1.846538942932262
2,expAE02,ILTS_SICOPOLIS,/Volumes/FMac/computing/data/antarctica/ismip6/hackathon/ComputedScalarsHelene/expAE02/shelfmelt/computed_shelfmelt_AIS_ILTS_SICOPOLIS_expAE02.nc,0.6816813539384381,0.5661492400653907,1.2968858259981912,0.32612220857970764,0.54375550690583,0.7757890354327807,1.649634898811898,0.373095891135134,1.8273932493792828
3,expAE02,LSCE_GRISLI2,/Volumes/FMac/computing/data/antarctica/ismip6/hackathon/ComputedScalarsHelene/expAE02/shelfmelt/computed_shelfmelt_AIS_LSCE_GRISLI2_expAE02.nc,1.1861160769423402,1.9317799855074007,1.100571223373113,1.2315732455782233,0.9975898536723168,1.2866738802778221,2.399037988582966,1.6446474920746765,1.634814201574549
4,expAE02,LSCE_GRISLI,/Volumes/FMac/computing/data/antarctica/ismip6/hackathon/ComputedScalarsHelene/expAE02/shelfmelt/computed_shelfmelt_AIS_LSCE_GRISLI_expAE02.nc,1.2512436048123858,0.419968396624575,0.7976607494655776,0.8428711670828106,0.9745240376274037,1.7425055538746874,1.9034934112617439,1.0261861708071152,1.652115066211685
5,expAE02,NCAR_CISM1,/Volumes/FMac/computing/data/antarctica/ismip6/hackathon/ComputedScalarsHelene/expAE02/shelfmelt/computed_shelfmelt_AIS_NCAR_CISM1_expAE02.nc,0.8317492979174081,1.853710453317823,1.1712087938818447,0.9755488137720435,0.7714556707315908,0.9625752862939889,1.9923722034028437,2.6381558020659037,1.0276669598053996
6,expAE02,NCAR_CISM2,/Volumes/FMac/computing/data/antarctica/ismip6/hackathon/ComputedScalarsHelene/expAE02/shelfmelt/computed_shelfmelt_AIS_NCAR_CISM2_expAE02.nc,0.9995362204052871,0.8929996482463823,0.8838193799239662,1.0145160110986735,0.8858572827933096,1.1445173638210944,1.0316424563405888,0.6928081503140665,0.8797947985932786
7,expAE02,NORCE_CISM2-MAR364-ERA-t1,/Volumes/FMac/computing/data/antarctica/ismip6/hackathon/ComputedScalarsHelene/expAE02/shelfmelt/computed_shelfmelt_AIS_NORCE_CISM2-MAR364-ERA-t1_expAE02.nc,0.9282753220152087,1.092164782340282,0.6924372001989035,1.026686880505797,0.8147934701260219,1.0801902208935688,0.5143242930348871,0.6323495172097093,0.16029682006096901
8,expAE02,NORCE_CISM3-MAR364-ERA-t1-local,/Volumes/FMac/computing/data/antarctica/ismip6/hackathon/ComputedScalarsHelene/expAE02/shelfmelt/computed_shelfmelt_AIS_NORCE_CISM3-MAR364-ERA-t1-local_expAE02.nc,0.8975896816612412,1.0840925355340976,0.7473163379160234,1.2431428652251313,0.8574770916401119,1.035176352328877,2.2667908898815927,0.33695508234219,1.0866468672612282
9,expAE02,NORCE_CISM3-MAR364-ERA-t1-nonlocal,/Volumes/FMac/computing/data/antarctica/ismip6/hackathon/ComputedScalarsHelene/expAE02/shelfmelt/computed_shelfmelt_AIS_NORCE_CISM3-MAR364-ERA-t1-nonlocal_expAE02.nc,0.8989322615815849,1.0872972795183093,0.8918512697857053,1.116813309020819,0.8107624140233592,1.1101315892758221,1.9655438201597357,0.41216751142839836,1.1184732432456428
10,expAE02,NORCE_CISM3-MAR364-ERA-t1,/Volumes/FMac/computing/data/antarctica/ismip6/hackathon/ComputedScalarsHelene/expAE02/shelfmelt/computed_shelfmelt_AIS_NORCE_CISM3-MAR364-ERA-t1_expAE02.nc,0.8493835913519268,0.7884155178065335,0.6937544521150756,1.0137947641584926,0.7085831259285108,1.037476723993228,2.7406975455476266,0.4496161301139046,0.5071461851318412
11,expAE02,NORCE_CISM4-MAR364-ERA-t1-local,/Volumes/FMac/computing/data/antarctica/ismip6/hackathon/ComputedScalarsHelene/expAE02/shelfmelt/computed_shelfmelt_AIS_NORCE_CISM4-MAR364-ERA-t1-local_expAE02.nc,0.8759694139195134,1.1161786487920644,0.7537999076927099,1.0755774453162297,0.7601468191995969,1.0657502151334624,4.406384283103303,0.9966025177074324,0.3414647806491497
12,expAE02,NORCE_CISM4-MAR364-ERA-t1-nonlocal,/Volumes/FMac/computing/data/antarctica/ismip6/hackathon/ComputedScalarsHelene/expAE02/shelfmelt/computed_shelfmelt_AIS_NORCE_CISM4-MAR364-ERA-t1-nonlocal_expAE02.nc,0.8884872538478374,1.0661632106551964,0.8517759088731123,0.9740243266614795,0.7134109088961552,1.1530741844954446,4.285389939872653,1.0152990178304369,0.36825806584629134
13,expAE02,NORCE_CISM4-MAR364-ERA-t1,/Volumes/FMac/computing/data/antarctica/ismip6/hackathon/ComputedScalarsHelene/expAE02/shelfmelt/computed_shelfmelt_AIS_NORCE_CISM4-MAR364-ERA-t1_expAE02.nc,0.8002440638219447,1.0029580562094174,0.7869048775921591,0.919992411150793,0.6394513655314505,1.019499735653424,3.9187081606749343,0.5200230127353317,0.6077332784840014
14,expAE02,NORCE_CISM4-MAR364-JRA-t1,/Volumes/FMac/computing/data/antarctica/ismip6/hackathon/ComputedScalarsHelene/expAE02/shelfmelt/computed_shelfmelt_AIS_NORCE_CISM4-MAR364-JRA-t1_expAE02.nc,0.7842141434225742,1.0320271135947257,0.4797466709361641,0.9292737014556721,0.6248177398019729,0.999018357065668,3.0664564696811123,0.4941269818929577,0.6917759673706747
15,expAE02,NORCE_CISM5-MAR364-ERA-t1-local,/Volumes/FMac/computing/data/antarctica/ismip6/hackathon/ComputedScalarsHelene/expAE02/shelfmelt/computed_shelfmelt_AIS_NORCE_CISM5-MAR364-ERA-t1-local_expAE02.nc,0.7977792226057268,1.1474963391536797,0.6339871582349812,0.9900722566266565,0.731471381326448,0.889573077950587,4.643468218346332,0.21491650725515712,1.188523392536526
16,expAE02,NORCE_CISM5-MAR364-ERA-t1-nonlocal,/Volumes/FMac/computing/data/antarctica/ismip6/hackathon/ComputedScalarsHelene/expAE02/shelfmelt/computed_shelfmelt_AIS_NORCE_CISM5-MAR364-ERA-t1-nonlocal_expAE02.nc,0.8136857941595821,0.981951969955037,0.8185081893026521,0.9270452735616157,0.7239160891604707,0.9089920118818321,5.410250788032567,0.3763798422746444,1.4215352245041981
17,expAE02,NORCE_CISM5-MAR364-ERA-t1,/Volumes/FMac/computing/data/antarctica/ismip6/hackathon/ComputedScalarsHelene/expAE02/shelfmelt/computed_shelfmelt_AIS_NORCE_CISM5-MAR364-ERA-t1_expAE02.nc,0.7834489056046055,1.2581144519600134,0.32433616882503014,0.8857000471391022,0.6246509434098376,0.9873305272685752,5.271124514822156,1.0398984844020938,1.6822356603975976
18,expAE02,PIK_PISM,/Volumes/FMac/computing/data/antarctica/ismip6/hackathon/ComputedScalarsHelene/expAE02/shelfmelt/computed_shelfmelt_AIS_PIK_PISM_expAE02.nc,1.3329918164267658,1.5677421838937562,1.9159328938941158,1.7810146296668241,1.4112325110483115,1.3283670384811224,0.8346876904364829,0.7589579998546668,0.36020223625308945
19,expAE02,UCM_Yelmo,/Volumes/FMac/computing/data/antarctica/ismip6/hackathon/ComputedScalarsHelene/expAE02/shelfmelt/computed_shelfmelt_AIS_UCM_Yelmo_expAE02.nc,1.5446435363028463,2.372766978151884,2.0080577269995876,1.32843735137034,1.34975538033786,1.8196904173099806,1.3381628897043252,4.464586697710587,1.9753844469501927
20,expAE02,UCSD_ISSM,/Volumes/FMac/computing/data/antarctica/ismip6/hackathon/ComputedScalarsHelene/expAE02/shelfmelt/computed_shelfmelt_AIS_UCSD_ISSM_expAE02.nc,0.6311053480140757,1.1230743870332165,1.8881278288310988,0.6492035671320985,1.0217640720481018,0.40724719445110236,0.8690398012893206,0.3623613699013491,0.8703546577174606
21,expAE02,ULB_fETISh-KoriBU1,/Volumes/FMac/computing/data/antarctica/ismip6/hackathon/ComputedScalarsHelene/expAE02/shelfmelt/computed_shelfmelt_AIS_ULB_fETISh-KoriBU1_expAE02.nc,0.6410306031468077,1.1813424888825668,0.6314794499486033,0.5102313645705576,0.708575175387321,0.6103069068347505,5.344170382849055,0.686296357010301,1.0581472635553626
22,expAE02,ULB_fETISh-KoriBU2,/Volumes/FMac/computing/data/antarctica/ismip6/hackathon/ComputedScalarsHelene/expAE02/shelfmelt/computed_shelfmelt_AIS_ULB_fETISh-KoriBU2_expAE02.nc,1.0453890966260566,0.5079405690985871,1.705799754169898,0.864992244534458,0.9007181913193921,0.9648080701541297,3.790565161622339,0.9220240125497196,0.4107025508485012
23,expAE02,UNN_Ua,/Volumes/FMac/computing/data/antarctica/ismip6/hackathon/ComputedScalarsHelene/expAE02/shelfmelt/computed_shelfmelt_AIS_UNN_Ua_expAE02.nc,0.8706750058868857,1.0040068929029227,0.39273563788115956,1.032136803333896,0.7688528730417902,0.9661758847951921,1.5857742946083049,0.17399460322526497,0.7484850105929929
24,expAE02,UTAS_ElmerIce,/Volumes/FMac/computing/data/antarctica/ismip6/hackathon/ComputedScalarsHelene/expAE02/shelfmelt/computed_shelfmelt_AIS_UTAS_ElmerIce_expAE02.nc,0.891823620074142,2.9724271599260326,0.7377575568444025,1.2039446301255186,0.9172169448181333,0.9578334502839689,4.508427878929662,0.4439020204205782,1.0798832899836408
25,expAE02,VUB_AISMPALEO,/Volumes/FMac/computing/data/antarctica/ismip6/hackathon/ComputedScalarsHelene/expAE02/shelfmelt/computed_shelfmelt_AIS_VUB_AISMPALEO_expAE02.nc,0.21917609715677006,1.3794653879395555,0.13759917880207384,0.5199995153663066,0.45166174821537014,0.19780030211031283,3.462510752690695,3.8426678320106094,4.752010650043684
26,expAE02,VUW_PISM1,/Volumes/FMac/computing/data/antarctica/ismip6/hackathon/ComputedScalarsHelene/expAE02/shelfmelt/computed_shelfmelt_AIS_VUW_PISM1_expAE02.nc,1.15536234018013,1.872728025964316,1.6513387800962898,1.1355690829274239,1.0123825671521407,1.334545153294704,1.0200836013761017,0.9120423392554023,1.0217700024117629
27,expAE02,VUW_PISM1_s1,/Volumes/FMac/computing/data/antarctica/ismip6/hackathon/ComputedScalarsHelene/expAE02/shelfmelt/computed_shelfmelt_AIS_VUW_PISM1_s1_expAE02.nc,3.8846436849615342,4.922403838265256,4.09290225572227,3.66117979367147,3.9586366474279524,3.7349996699901045,3.9408342634855003,3.895140379355095,4.194495500150157
28,expAE02,VUW_PISM1_s2,/Volumes/FMac/computing/data/antarctica/ismip6/hackathon/ComputedScalarsHelene/expAE02/shelfmelt/computed_shelfmelt_AIS_VUW_PISM1_s2_expAE02.nc,1.2367919981737732,1.804397926625691,1.6877320800424929,1.2381018818054108,1.0697837127490155,1.4966826545106608,1.031548536074017,1.2000267524231136,2.2176818873250252
29,expAE02,VUW_PISM1_s3,/Volumes/FMac/computing/data/antarctica/ismip6/hackathon/ComputedScalarsHelene/expAE02/shelfmelt/computed_shelfmelt_AIS_VUW_PISM1_s3_expAE02.nc,1.367351057904215,1.6433748807809714,2.0931350500702615,1.3725293413433939,1.2723181911641497,1.5188124154156852,1.2235236735784065,0.9082917270188954,0.6721953609402962
30,expAE02,VUW_PISM1_s4,/Volumes/FMac/computing/data/antarctica/ismip6/hackathon/ComputedScalarsHelene/expAE02/shelfmelt/computed_shelfmelt_AIS_VUW_PISM1_s4_expAE02.nc,1.1324827130955308,1.3116067571707226,1.567436293630223,1.0861395973812278,0.9431212797020175,1.3896428722072562,1.0706809913538793,0.9657313542941975,1.3998156580139158
31,expAE02,VUW_PISM2,/Volumes/FMac/computing/data/antarctica/ismip6/hackathon/ComputedScalarsHelene/expAE02/shelfmelt/computed_shelfmelt_AIS_VUW_PISM2_expAE02.nc,1.1826322117140522,1.06427345200048,1.7231862850558246,1.0457410041987147,1.0406026700116164,1.4216865022402208,1.066193133091585,1.1149058816901525,0.797063604224867
32,expAE02,VUW_PISM2_s1,/Volumes/FMac/computing/data/antarctica/ismip6/hackathon/ComputedScalarsHelene/expAE02/shelfmelt/computed_shelfmelt_AIS_VUW_PISM2_s1_expAE02.nc,1.1704723659820264,1.3389292629714242,1.6404952250770581,0.9458903497477708,1.0486217019693327,1.381104504821735,0.9478881969542866,0.9887050046181461,1.2562602916498486
33,expAE02,VUW_PISM2_s2,/Volumes/FMac/computing/data/antarctica/ismip6/hackathon/ComputedScalarsHelene/expAE02/shelfmelt/computed_shelfmelt_AIS_VUW_PISM2_s2_expAE02.nc,1.1607114295258858,1.4840687302086935,1.737705998986034,1.079900391550295,1.0450524681467832,1.3413374046388638,1.0991010394843757,0.9041142244312437,0.6263290959138557
34,expAE02,VUW_PISM2_s3,/Volumes/FMac/computing/data/antarctica/ismip6/hackathon/ComputedScalarsHelene/expAE02/shelfmelt/computed_shelfmelt_AIS_VUW_PISM2_s3_expAE02.nc,1.2820535120866188,1.5186346176779508,2.074636582009766,1.262806193960025,1.1570211395263517,1.4819965399406139,1.2470560797373225,0.8952839110671591,0.38790915640188656
35,expAE02,VUW_PISM2_s4,/Volumes/FMac/computing/data/antarctica/ismip6/hackathon/ComputedScalarsHelene/expAE02/shelfmelt/computed_shelfmelt_AIS_VUW_PISM2_s4_expAE02.nc,1.2034536388672443,1.21061279625227,1.679176972222992,1.01398260235532,1.1163952933743548,1.3722911546523067,0.9444973602872957,1.0767054911955833,0.6451175148983196
36,expAE03,DC_ISSM,/Volumes/FMac/computing/data/antarctica/ismip6/hackathon/ComputedScalarsHelene/expAE03/shelfmelt/computed_shelfmelt_AIS_DC_ISSM_expAE03.nc,1.0026472295412991,0.9745605980748124,1.733520505017785,1.0824851371627309,1.067355608903612,1.137237832031265,1.9191563043442446,0.22677732141057422,0.7635290499858643
37,expAE03,IGE_ElmerIce,/Volumes/FMac/computing/data/antarctica/ismip6/hackathon/ComputedScalarsHelene/expAE03/shelfmelt/computed_shelfmelt_AIS_IGE_ElmerIce_expAE03.nc,0.6375333442900974,1.1004058367720104,0.8324848194717257,0.8405349254159851,0.8455532250148844,0.5395202719688352,2.3794678855805387,0.8086866477120798,1.055448135931537
38,expAE03,ILTS_SICOPOLIS,/Volumes/FMac/computing/data/antarctica/ismip6/hackathon/ComputedScalarsHelene/expAE03/shelfmelt/computed_shelfmelt_AIS_ILTS_SICOPOLIS_expAE03.nc,0.6037688764522159,0.45615275992626214,0.9194914052921705,0.5374715866411944,0.3924252385481798,1.0235050035352895,0.3684167704159151,0.34075251257981,0.9918604746512778
39,expAE03,LSCE_GRISLI2,/Volumes/FMac/computing/data/antarctica/ismip6/hackathon/ComputedScalarsHelene/expAE03/shelfmelt/computed_shelfmelt_AIS_LSCE_GRISLI2_expAE03.nc,1.2321471111824904,1.9763753264205504,1.4101459119613893,1.2695569766275878,1.2615587469618808,0.9794270494338758,2.4314069712092277,4.641742778964039,1.8977417297291594
40,expAE03,LSCE_GRISLI,/Volumes/FMac/computing/data/antarctica/ismip6/hackathon/ComputedScalarsHelene/expAE03/shelfmelt/computed_shelfmelt_AIS_LSCE_GRISLI_expAE03.nc,1.0617922166111515,0.26427399876279545,0.9858886979079307,1.2955211332476355,0.8605996859225186,1.6207178078448032,0.5315197218512682,0.6285962107142705,1.6029727901506463
41,expAE03,NCAR_CISM1,/Volumes/FMac/computing/data/antarctica/ismip6/hackathon/ComputedScalarsHelene/expAE03/shelfmelt/computed_shelfmelt_AIS_NCAR_CISM1_expAE03.nc,1.3073290461073563,1.1522050516832103,1.743502797724725,1.1194989355332583,1.1579526898846462,1.436650167655172,1.2476514158821164,1.821006875547087,1.5075361788852086
42,expAE03,NCAR_CISM2,/Volumes/FMac/computing/data/antarctica/ismip6/hackathon/ComputedScalarsHelene/expAE03/shelfmelt/computed_shelfmelt_AIS_NCAR_CISM2_expAE03.nc,0.9005202995741326,0.47538185379894626,1.303689217785823,1.1307510994629415,0.7769591162973062,1.0996864232210872,0.6705017708842957,0.46478643283522625,0.4546584707158438
43,expAE03,NORCE_CISM2-MAR364-ERA-t1,/Volumes/FMac/computing/data/antarctica/ismip6/hackathon/ComputedScalarsHelene/expAE03/shelfmelt/computed_shelfmelt_AIS_NORCE_CISM2-MAR364-ERA-t1_expAE03.nc,1.0575564193243423,0.31873814901544645,1.0967532520306462,0.9800374062362177,0.9613873459356661,1.1607216015833417,3.272328558808177,0.5353378397572709,0.47507453446801845
44,expAE03,NORCE_CISM3-MAR364-ERA-t1-local,/Volumes/FMac/computing/data/antarctica/ismip6/hackathon/ComputedScalarsHelene/expAE03/shelfmelt/computed_shelfmelt_AIS_NORCE_CISM3-MAR364-ERA-t1-local_expAE03.nc,1.2191892100913087,0.7475069651795441,1.4549865449766648,1.1281597400692651,1.101100049496358,1.4128628550116455,1.826561255822077,0.8542369129231986,0.40162822777685614
45,expAE03,NORCE_CISM3-MAR364-ERA-t1-nonlocal,/Volumes/FMac/computing/data/antarctica/ismip6/hackathon/ComputedScalarsHelene/expAE03/shelfmelt/computed_shelfmelt_AIS_NORCE_CISM3-MAR364-ERA-t1-nonlocal_expAE03.nc,1.407955801545667,0.881352914257326,1.647367871625881,1.2867814039593604,1.2358163619270077,1.6671558770916701,2.0849536245174756,1.1704097342326467,0.5081086890188635
46,expAE03,NORCE_CISM3-MAR364-ERA-t1,/Volumes/FMac/computing/data/antarctica/ismip6/hackathon/ComputedScalarsHelene/expAE03/shelfmelt/computed_shelfmelt_AIS_NORCE_CISM3-MAR364-ERA-t1_expAE03.nc,1.0723163107904903,0.3050843960520614,1.3618180064090597,0.958580557323392,0.9483840189277211,1.1929810525228064,1.5794003904425244,0.4168382498668506,0.6865675289054637
47,expAE03,NORCE_CISM4-MAR364-ERA-t1-local,/Volumes/FMac/computing/data/antarctica/ismip6/hackathon/ComputedScalarsHelene/expAE03/shelfmelt/computed_shelfmelt_AIS_NORCE_CISM4-MAR364-ERA-t1-local_expAE03.nc,1.1591209090183885,0.8658340498141477,1.4359749432984952,0.9311555235726358,1.0140366631241122,1.3527863855646447,1.5275061436009802,0.8655185080117422,0.9769575091336601
48,expAE03,NORCE_CISM4-MAR364-ERA-t1-nonlocal,/Volumes/FMac/computing/data/antarctica/ismip6/hackathon/ComputedScalarsHelene/expAE03/shelfmelt/computed_shelfmelt_AIS_NORCE_CISM4-MAR364-ERA-t1-nonlocal_expAE03.nc,1.335295206703036,0.7997369226431081,1.6334135257412057,1.1303001357983027,1.1110591528172822,1.612514531919878,1.6488281141998036,0.9976993198857509,0.9346537288873275
49,expAE03,NORCE_CISM4-MAR364-ERA-t1,/Volumes/FMac/computing/data/antarctica/ismip6/hackathon/ComputedScalarsHelene/expAE03/shelfmelt/computed_shelfmelt_AIS_NORCE_CISM4-MAR364-ERA-t1_expAE03.nc,1.140773501659238,0.4949392084371246,1.473774130745979,0.9222567666237016,1.0288887062411136,1.2462485040206037,1.153156865139668,0.5132777186541573,1.4336072091578733
50,expAE03,NORCE_CISM4-MAR364-JRA-t1,/Volumes/FMac/computing/data/antarctica/ismip6/hackathon/ComputedScalarsHelene/expAE03/shelfmelt/computed_shelfmelt_AIS_NORCE_CISM4-MAR364-JRA-t1_expAE03.nc,1.0860701137389215,0.57168199909791,1.2595437502678373,0.9228346694858551,0.9655704736666597,1.2205636142507545,1.3234901792615728,0.48282066877029145,1.446286637914285
51,expAE03,NORCE_CISM5-MAR364-ERA-t1-local,/Volumes/FMac/computing/data/antarctica/ismip6/hackathon/ComputedScalarsHelene/expAE03/shelfmelt/computed_shelfmelt_AIS_NORCE_CISM5-MAR364-ERA-t1-local_expAE03.nc,1.0996988621139032,0.9969525581933191,1.3333869912546128,0.94866540570965,1.015935972139791,1.1999220456882422,1.4497828852248746,0.32450766258717856,1.6728858961613444
52,expAE03,NORCE_CISM5-MAR364-ERA-t1-nonlocal,/Volumes/FMac/computing/data/antarctica/ismip6/hackathon/ComputedScalarsHelene/expAE03/shelfmelt/computed_shelfmelt_AIS_NORCE_CISM5-MAR364-ERA-t1-nonlocal_expAE03.nc,1.211293161464102,0.7028790318901958,1.6445741021810587,1.1979714859079766,1.065008516633805,1.3894438518612875,1.6290411590501703,0.43032755576002657,2.5423787600514327
53,expAE03,NORCE_CISM5-MAR364-ERA-t1,/Volumes/FMac/computing/data/antarctica/ismip6/hackathon/ComputedScalarsHelene/expAE03/shelfmelt/computed_shelfmelt_AIS_NORCE_CISM5-MAR364-ERA-t1_expAE03.nc,1.059977985456187,0.8554303889948717,1.1971428982057009,0.8742069086532199,0.8587234883554242,1.2983132919267717,1.366777113646651,0.9204604576571398,2.526368185444806
54,expAE03,PIK_PISM,/Volumes/FMac/computing/data/antarctica/ismip6/hackathon/ComputedScalarsHelene/expAE03/shelfmelt/computed_shelfmelt_AIS_PIK_PISM_expAE03.nc,1.0941124489684542,1.084410175135527,1.3679375209722946,1.8309551653193745,1.239622605041871,0.963419701486896,4.825917711772838,0.6262252858407755,0.13431743805683405
55,expAE03,UCM_Yelmo,/Volumes/FMac/computing/data/antarctica/ismip6/hackathon/ComputedScalarsHelene/expAE03/shelfmelt/computed_shelfmelt_AIS_UCM_Yelmo_expAE03.nc,1.7252559336480504,2.0211670787858234,2.1712557064047355,1.5029807134562134,1.4632469199282314,2.289581805440441,4.728788688468954,2.539055927723736,0.7092778591826527
56,expAE03,UCSD_ISSM,/Volumes/FMac/computing/data/antarctica/ismip6/hackathon/ComputedScalarsHelene/expAE03/shelfmelt/computed_shelfmelt_AIS_UCSD_ISSM_expAE03.nc,0.7573040644640576,1.5426896859253707,0.4546296058424218,0.5371269855265193,1.1328325304210027,0.25915770982617903,0.21951999913914208,0.3185709207246097,0.40271971366791287
57,expAE03,ULB_fETISh-KoriBU1,/Volumes/FMac/computing/data/antarctica/ismip6/hackathon/ComputedScalarsHelene/expAE03/shelfmelt/computed_shelfmelt_AIS_ULB_fETISh-KoriBU1_expAE03.nc,0.8101381102841796,0.7556496734904505,0.34707935412662755,0.7526368745194743,0.8134373058837286,0.6274204527879534,3.055813101479437,0.8027741744810919,0.3439475632000504
58,expAE03,ULB_fETISh-KoriBU2,/Volumes/FMac/computing/data/antarctica/ismip6/hackathon/ComputedScalarsHelene/expAE03/shelfmelt/computed_shelfmelt_AIS_ULB_fETISh-KoriBU2_expAE03.nc,0.5658642165862573,0.594105285636004,1.9190196608729428,0.9605577028640854,0.35551604897173444,1.098268230745756,1.5043796686215578,0.7269972888437416,0.6842091833955369
59,expAE03,UNN_Ua,/Volumes/FMac/computing/data/antarctica/ismip6/hackathon/ComputedScalarsHelene/expAE03/shelfmelt/computed_shelfmelt_AIS_UNN_Ua_expAE03.nc,1.0269888518992112,0.40439289940788276,1.5006265811677075,0.9363557677844923,1.002342262082589,0.9617911377130313,1.1957256933924811,0.24209591644918932,0.8630410917645017
60,expAE03,UTAS_ElmerIce,/Volumes/FMac/computing/data/antarctica/ismip6/hackathon/ComputedScalarsHelene/expAE03/shelfmelt/computed_shelfmelt_AIS_UTAS_ElmerIce_expAE03.nc,0.9906812345552536,2.068161235552528,1.673007797031492,1.098912194310233,1.1777185706756743,0.8704779790338929,2.0797024041690824,0.4858172650572889,1.2939838080073534
61,expAE03,VUB_AISMPALEO,/Volumes/FMac/computing/data/antarctica/ismip6/hackathon/ComputedScalarsHelene/expAE03/shelfmelt/computed_shelfmelt_AIS_VUB_AISMPALEO_expAE03.nc,0.5361960812549105,5.43144507333933,0.21680292875298376,0.4589901417382829,0.42527122739523837,2.770771196467753,5.877250527824491,4.112857206089992,4.564960368396158
62,expAE03,VUW_PISM1,/Volumes/FMac/computing/data/antarctica/ismip6/hackathon/ComputedScalarsHelene/expAE03/shelfmelt/computed_shelfmelt_AIS_VUW_PISM1_expAE03.nc,1.0040907907590033,0.9990433252131607,1.6050203272812174,1.1455695527839733,0.8980265251722117,1.250754798285044,0.5743551078982844,0.8968021582382727,1.5851744330592523
63,expAE03,VUW_PISM1_s1,/Volumes/FMac/computing/data/antarctica/ismip6/hackathon/ComputedScalarsHelene/expAE03/shelfmelt/computed_shelfmelt_AIS_VUW_PISM1_s1_expAE03.nc,0.9263182516668652,0.8516092808382608,1.5700057160055716,1.0758231490794,0.8195832726777205,1.1413322340434018,0.5038508756731006,0.4936412124562317,1.3775047924663657
64,expAE03,VUW_PISM1_s2,/Volumes/FMac/computing/data/antarctica/ismip6/hackathon/ComputedScalarsHelene/expAE03/shelfmelt/computed_shelfmelt_AIS_VUW_PISM1_s2_expAE03.nc,1.0807702126980268,1.0914637098698865,1.668011819256808,1.2441151528808696,0.9413232418343831,1.4078463242150487,0.4993739965629942,1.3605381664440326,1.8693841750719313
65,expAE03,VUW_PISM1_s3,/Volumes/FMac/computing/data/antarctica/ismip6/hackathon/ComputedScalarsHelene/expAE03/shelfmelt/computed_shelfmelt_AIS_VUW_PISM1_s3_expAE03.nc,1.1512500929995788,1.0927083347561701,2.2061421629552544,1.4143035412724037,1.0690931537553914,1.3830331632407293,0.44650807774465584,0.5747111934839724,1.8716609120646444
66,expAE03,VUW_PISM1_s4,/Volumes/FMac/computing/data/antarctica/ismip6/hackathon/ComputedScalarsHelene/expAE03/shelfmelt/computed_shelfmelt_AIS_VUW_PISM1_s4_expAE03.nc,1.014974734604023,1.0329351629798507,1.5574035871165606,1.1624709951600622,0.9112169706925765,1.2603869360515718,0.539264518007387,0.6210059452937248,0.8854233483183849
67,expAE03,VUW_PISM2,/Volumes/FMac/computing/data/antarctica/ismip6/hackathon/ComputedScalarsHelene/expAE03/shelfmelt/computed_shelfmelt_AIS_VUW_PISM2_expAE03.nc,0.9464077640479626,0.28252626614585796,1.7954865546621326,1.082927393228596,0.7637343902490877,1.3936223705161679,0.6759919415345278,0.8956149311920026,1.7570977253179152
68,expAE03,VUW_PISM2_s1,/Volumes/FMac/computing/data/antarctica/ismip6/hackathon/ComputedScalarsHelene/expAE03/shelfmelt/computed_shelfmelt_AIS_VUW_PISM2_s1_expAE03.nc,0.9341493267047912,0.34757850562387715,1.7788883346351376,1.0694140865633637,0.7394225847833982,1.3802818901626865,0.7112895751952888,0.9451857752342674,1.5293882531177168
69,expAE03,VUW_PISM2_s2,/Volumes/FMac/computing/data/antarctica/ismip6/hackathon/ComputedScalarsHelene/expAE03/shelfmelt/computed_shelfmelt_AIS_VUW_PISM2_s2_expAE03.nc,1.011179519821001,0.3648213163986302,1.776359367991617,1.203913048383634,0.8273272649325569,1.4622789729475854,0.5876343188218366,1.0608933663021844,1.413884857095504
70,expAE03,VUW_PISM2_s3,/Volumes/FMac/computing/data/antarctica/ismip6/hackathon/ComputedScalarsHelene/expAE03/shelfmelt/computed_shelfmelt_AIS_VUW_PISM2_s3_expAE03.nc,1.1629124835406608,0.8906841824864876,2.0007190126505003,1.3103766616861277,1.0570718949598983,1.488088131089708,0.6268067587841178,0.8685946685746926,1.327559561370681
71,expAE03,VUW_PISM2_s4,/Volumes/FMac/computing/data/antarctica/ismip6/hackathon/ComputedScalarsHelene/expAE03/shelfmelt/computed_shelfmelt_AIS_VUW_PISM2_s4_expAE03.nc,0.8950864646926987,0.33162597597942367,1.7687025302719688,1.0607380880745378,0.7017404234443905,1.37058665076201,0.6447183871498913,0.8708336821421137,1.4199957021402885
72,expAE04,DC_ISSM,/Volumes/FMac/computing/data/antarctica/ismip6/hackathon/ComputedScalarsHelene/expAE04/shelfmelt/computed_shelfmelt_AIS_DC_ISSM_expAE04.nc,0.5003944831287931,1.0155342053233438,1.9642708222607559,1.2230041022861948,1.0333885682277828,0.855984298072662,2.602454641566877,0.25715408800812706,1.0521260291749968
73,expAE04,IGE_ElmerIce,/Volumes/FMac/computing/data/antarctica/ismip6/hackathon/ComputedScalarsHelene/expAE04/shelfmelt/computed_shelfmelt_AIS_IGE_ElmerIce_expAE04.nc,0.5551952437910698,1.3184229796937281,0.9474411253062152,0.7267035710511903,0.512527028356087,0.6314413699934723,2.730097362187709,1.5944846113883502,1.2048568695676896
74,expAE04,ILTS_SICOPOLIS,/Volumes/FMac/computing/data/antarctica/ismip6/hackathon/ComputedScalarsHelene/expAE04/shelfmelt/computed_shelfmelt_AIS_ILTS_SICOPOLIS_expAE04.nc,0.8439684329378583,0.41966519911146477,1.0905959646561199,0.5376278261758718,0.6674064643939046,1.1350336479711016,1.095169369468622,0.6663919259331442,1.2452540092312443
75,expAE04,LSCE_GRISLI2,/Volumes/FMac/computing/data/antarctica/ismip6/hackathon/ComputedScalarsHelene/expAE04/shelfmelt/computed_shelfmelt_AIS_LSCE_GRISLI2_expAE04.nc,1.2224836639588328,1.8627977109659977,1.5493797188448453,1.4712749792095554,1.2648740523171802,1.8462141625185686,2.858297309413767,5.649227401346583,1.4295269265897061
76,expAE04,LSCE_GRISLI,/Volumes/FMac/computing/data/antarctica/ismip6/hackathon/ComputedScalarsHelene/expAE04/shelfmelt/computed_shelfmelt_AIS_LSCE_GRISLI_expAE04.nc,1.4738494178934733,0.382573188471612,1.2134296128030286,1.741497816704781,1.2407396809305042,2.1051228978314387,1.0455492326052245,1.3873791291005138,0.7827038364527077
77,expAE04,NCAR_CISM1,/Volumes/FMac/computing/data/antarctica/ismip6/hackathon/ComputedScalarsHelene/expAE04/shelfmelt/computed_shelfmelt_AIS_NCAR_CISM1_expAE04.nc,1.3112025381850354,1.353881188089074,1.9533252842621667,1.4119826677573353,1.3093639012156104,1.1340366206113133,2.3020674429245673,1.803545656664056,5.474473052098061
78,expAE04,NCAR_CISM2,/Volumes/FMac/computing/data/antarctica/ismip6/hackathon/ComputedScalarsHelene/expAE04/shelfmelt/computed_shelfmelt_AIS_NCAR_CISM2_expAE04.nc,1.3796872464810854,1.384205041900763,1.610641541628376,1.1137688695960732,1.2802865916028954,1.5661273638870894,1.4683539071611356,0.8183895356161094,1.1941146645099665
79,expAE04,NORCE_CISM2-MAR364-ERA-t1,/Volumes/FMac/computing/data/antarctica/ismip6/hackathon/ComputedScalarsHelene/expAE04/shelfmelt/computed_shelfmelt_AIS_NORCE_CISM2-MAR364-ERA-t1_expAE04.nc,1.2499447130248829,0.7242390379270559,1.3836389555594382,1.0562118544196624,1.0984081767562617,1.438398378301937,3.234478958278233,0.7555606786824347,1.161475272388074
80,expAE04,NORCE_CISM3-MAR364-ERA-t1-local,/Volumes/FMac/computing/data/antarctica/ismip6/hackathon/ComputedScalarsHelene/expAE04/shelfmelt/computed_shelfmelt_AIS_NORCE_CISM3-MAR364-ERA-t1-local_expAE04.nc,1.5815212172832538,1.4286001769963965,1.7774985216964838,1.5190669766658274,1.4289730013485766,1.764052267137612,2.805220218551305,1.4336315332267127,1.5896638418970357
81,expAE04,NORCE_CISM3-MAR364-ERA-t1-nonlocal,/Volumes/FMac/computing/data/antarctica/ismip6/hackathon/ComputedScalarsHelene/expAE04/shelfmelt/computed_shelfmelt_AIS_NORCE_CISM3-MAR364-ERA-t1-nonlocal_expAE04.nc,1.6873429583766455,1.2315339307454585,1.9352875069905553,1.6123555806466066,1.5249569393396314,1.8577653872501245,2.9213115212616905,1.3037306598413174,1.5595170103538902
82,expAE04,NORCE_CISM3-MAR364-ERA-t1,/Volumes/FMac/computing/data/antarctica/ismip6/hackathon/ComputedScalarsHelene/expAE04/shelfmelt/computed_shelfmelt_AIS_NORCE_CISM3-MAR364-ERA-t1_expAE04.nc,1.337940968069811,0.7516277605893688,1.6597098322798032,1.0476864416192226,1.1630475432066891,1.5618947557259808,2.5612630855521745,0.7577937996193977,1.4255193281014078
83,expAE04,NORCE_CISM4-MAR364-ERA-t1-local,/Volumes/FMac/computing/data/antarctica/ismip6/hackathon/ComputedScalarsHelene/expAE04/shelfmelt/computed_shelfmelt_AIS_NORCE_CISM4-MAR364-ERA-t1-local_expAE04.nc,1.6355748612153935,1.3932850391858478,1.7875417256721653,1.3581526412085614,1.3979390681595891,1.8875445999564193,2.5351933180860327,1.1876793124716432,2.3072504960366538
84,expAE04,NORCE_CISM4-MAR364-ERA-t1-nonlocal,/Volumes/FMac/computing/data/antarctica/ismip6/hackathon/ComputedScalarsHelene/expAE04/shelfmelt/computed_shelfmelt_AIS_NORCE_CISM4-MAR364-ERA-t1-nonlocal_expAE04.nc,1.7095664545629334,1.1664069061912856,1.946269549597587,1.4943426964533804,1.4732475516647616,1.9662404911219913,2.711041654216277,1.108657560035774,2.3684005663773697
85,expAE04,NORCE_CISM4-MAR364-ERA-t1,/Volumes/FMac/computing/data/antarctica/ismip6/hackathon/ComputedScalarsHelene/expAE04/shelfmelt/computed_shelfmelt_AIS_NORCE_CISM4-MAR364-ERA-t1_expAE04.nc,1.404137309121626,1.2507599066796171,1.7676047759470306,0.9610946418357514,1.194220088873435,1.7098241200331135,2.03143596700287,0.805468881330312,1.9085472598069337
86,expAE04,NORCE_CISM4-MAR364-JRA-t1,/Volumes/FMac/computing/data/antarctica/ismip6/hackathon/ComputedScalarsHelene/expAE04/shelfmelt/computed_shelfmelt_AIS_NORCE_CISM4-MAR364-JRA-t1_expAE04.nc,1.3383528702508642,1.2644565397506256,1.6074142096521822,0.9192955159588113,1.1176335630403513,1.6619094371406054,2.1931747954211573,0.7502966101801027,1.918203858181639
87,expAE04,NORCE_CISM5-MAR364-ERA-t1-local,/Volumes/FMac/computing/data/antarctica/ismip6/hackathon/ComputedScalarsHelene/expAE04/shelfmelt/computed_shelfmelt_AIS_NORCE_CISM5-MAR364-ERA-t1-local_expAE04.nc,1.5599485669034627,1.4681530249985701,1.7960757724957797,1.3725985592846581,1.4269349078004847,1.6700557814633445,1.5020443894817952,0.5867424566174514,2.6859782490230084
88,expAE04,NORCE_CISM5-MAR364-ERA-t1-nonlocal,/Volumes/FMac/computing/data/antarctica/ismip6/hackathon/ComputedScalarsHelene/expAE04/shelfmelt/computed_shelfmelt_AIS_NORCE_CISM5-MAR364-ERA-t1-nonlocal_expAE04.nc,1.5860461978256055,1.2139765763414574,2.035796887639487,1.4678267722769414,1.4303638980064401,1.7175935325393639,1.6065183498734055,0.6897225135560768,2.7038950466932032
89,expAE04,NORCE_CISM5-MAR364-ERA-t1,/Volumes/FMac/computing/data/antarctica/ismip6/hackathon/ComputedScalarsHelene/expAE04/shelfmelt/computed_shelfmelt_AIS_NORCE_CISM5-MAR364-ERA-t1_expAE04.nc,1.4428758987553745,1.9396917047581703,1.7908243628711091,1.0938999561973115,1.2669622914865173,1.6770692850773679,1.8050070739809323,0.9393782344233546,3.1292982993874148
90,expAE04,PIK_PISM,/Volumes/FMac/computing/data/antarctica/ismip6/hackathon/ComputedScalarsHelene/expAE04/shelfmelt/computed_shelfmelt_AIS_PIK_PISM_expAE04.nc,1.1271612916434914,1.2578462798216974,1.6526932034116815,1.693295691493943,1.3806188350688626,0.8976392302592857,3.141303515945955,0.7078948120124751,0.24854089818389583
91,expAE04,UCM_Yelmo,/Volumes/FMac/computing/data/antarctica/ismip6/hackathon/ComputedScalarsHelene/expAE04/shelfmelt/computed_shelfmelt_AIS_UCM_Yelmo_expAE04.nc,1.1682940720254218,2.3834999831849504,1.7328557477191104,1.8464494969601435,1.5494085246095601,1.8845236322490595,3.431977751623251,4.483664286542738,3.1494320262010564
92,expAE04,UCSD_ISSM,/Volumes/FMac/computing/data/antarctica/ismip6/hackathon/ComputedScalarsHelene/expAE04/shelfmelt/computed_shelfmelt_AIS_UCSD_ISSM_expAE04.nc,0.7579326982781722,0.8804764166458988,0.2138106420119682,0.6093183242042659,0.6905011256017838,0.6051741959666272,3.249808387821106,0.10209194214330783,0.4135800502236675
93,expAE04,ULB_fETISh-KoriBU1,/Volumes/FMac/computing/data/antarctica/ismip6/hackathon/ComputedScalarsHelene/expAE04/shelfmelt/computed_shelfmelt_AIS_ULB_fETISh-KoriBU1_expAE04.nc,0.43612445838198216,0.9877481775208462,0.41034805444277705,0.40548445177469905,0.5189145865026328,0.5011263117516334,2.934658886213523,0.93839758149067,0.9924735069700853
94,expAE04,ULB_fETISh-KoriBU2,/Volumes/FMac/computing/data/antarctica/ismip6/hackathon/ComputedScalarsHelene/expAE04/shelfmelt/computed_shelfmelt_AIS_ULB_fETISh-KoriBU2_expAE04.nc,0.950969170406723,0.3905782623829266,1.5633381108237259,1.0760538415900052,0.7964857933412863,1.0979341443536805,2.5819116830973172,0.8733027514851777,1.0797370160248447
95,expAE04,UNN_Ua,/Volumes/FMac/computing/data/antarctica/ismip6/hackathon/ComputedScalarsHelene/expAE04/shelfmelt/computed_shelfmelt_AIS_UNN_Ua_expAE04.nc,1.1682835985719364,1.0165156634899075,1.7837997205009937,1.2028238462078455,1.0874195566128173,1.4433819772124985,0.9091342656229002,0.35865719912334226,0.7767420295581523
96,expAE04,UTAS_ElmerIce,/Volumes/FMac/computing/data/antarctica/ismip6/hackathon/ComputedScalarsHelene/expAE04/shelfmelt/computed_shelfmelt_AIS_UTAS_ElmerIce_expAE04.nc,1.0417858418324413,1.977385822596648,1.7486081336486774,1.4923743649264338,1.205150184224362,1.1324477589745492,3.3273160806208693,0.6581761420723211,2.0557825835456742
97,expAE04,VUB_AISMPALEO,/Volumes/FMac/computing/data/antarctica/ismip6/hackathon/ComputedScalarsHelene/expAE04/shelfmelt/computed_shelfmelt_AIS_VUB_AISMPALEO_expAE04.nc,2.3995325050354235,3.61236003864928,1.0143982716586346,0.6269729352137312,1.646658138083696,2.570034501487145,3.718413771030655,3.6278698728349754,3.2016290956628453
98,expAE04,VUW_PISM1,/Volumes/FMac/computing/data/antarctica/ismip6/hackathon/ComputedScalarsHelene/expAE04/shelfmelt/computed_shelfmelt_AIS_VUW_PISM1_expAE04.nc,0.9756682765200346,1.0319748304642864,2.095387515216429,0.8456873448426552,0.8566401724059751,1.2176187401966032,0.7317624542236408,0.9494910748716877,0.9356867799631485
99,expAE04,VUW_PISM1_s1,/Volumes/FMac/computing/data/antarctica/ismip6/hackathon/ComputedScalarsHelene/expAE04/shelfmelt/computed_shelfmelt_AIS_VUW_PISM1_s1_expAE04.nc,0.9806702661995268,1.2368633726944638,2.0626532019099515,0.7817927299577427,0.8511423135729254,1.2301660626710784,0.7988004860660665,0.7914873693407974,1.1788917212709964
100,expAE04,VUW_PISM1_s2,/Volumes/FMac/computing/data/antarctica/ismip6/hackathon/ComputedScalarsHelene/expAE04/shelfmelt/computed_shelfmelt_AIS_VUW_PISM1_s2_expAE04.nc,1.0272630315163307,1.046534790343142,2.1341894945051414,0.9155746888376162,0.916317229450431,1.2597421954365322,0.5766968392660108,0.9510014958896383,0.8004832926254866
101,expAE04,VUW_PISM1_s3,/Volumes/FMac/computing/data/antarctica/ismip6/hackathon/ComputedScalarsHelene/expAE04/shelfmelt/computed_shelfmelt_AIS_VUW_PISM1_s3_expAE04.nc,1.0829993509507525,1.5998989049477916,2.2051085066333544,1.0660624633797005,0.971176104655527,1.3202053174009643,0.49593353221594083,0.8961879590843299,3.0235729718735236
102,expAE04,VUW_PISM1_s4,/Volumes/FMac/computing/data/antarctica/ismip6/hackathon/ComputedScalarsHelene/expAE04/shelfmelt/computed_shelfmelt_AIS_VUW_PISM1_s4_expAE04.nc,1.0475597586331016,1.0333416606296977,1.897001706156854,0.8913432664883264,0.9284151722074523,1.3143721717752461,0.7124152824870855,0.8850409009035929,0.48664417402472365
103,expAE04,VUW_PISM2,/Volumes/FMac/computing/data/antarctica/ismip6/hackathon/ComputedScalarsHelene/expAE04/shelfmelt/computed_shelfmelt_AIS_VUW_PISM2_expAE04.nc,1.0699072185235852,1.1268059575894167,2.0113573188042,0.8186103497179665,0.9726094140113631,1.324729820935768,0.793388727093735,1.3881194357348339,1.3959220688143998
104,expAE04,VUW_PISM2_s1,/Volumes/FMac/computing/data/antarctica/ismip6/hackathon/ComputedScalarsHelene/expAE04/shelfmelt/computed_shelfmelt_AIS_VUW_PISM2_s1_expAE04.nc,1.1016551571596696,0.6905327405010269,2.03702217687693,0.773236361907036,1.0079511869029683,1.338985845035803,0.8360887869028949,1.302586494803681,1.142270741709422
105,expAE04,VUW_PISM2_s2,/Volumes/FMac/computing/data/antarctica/ismip6/hackathon/ComputedScalarsHelene/expAE04/shelfmelt/computed_shelfmelt_AIS_VUW_PISM2_s2_expAE04.nc,1.0983911672445141,0.8498593982222534,2.1050611082290884,0.865909428874641,1.030624681489437,1.2943205229523016,0.7863068750532214,1.012432635974486,1.4246777080339832
106,expAE04,VUW_PISM2_s3,/Volumes/FMac/computing/data/antarctica/ismip6/hackathon/ComputedScalarsHelene/expAE04/shelfmelt/computed_shelfmelt_AIS_VUW_PISM2_s3_expAE04.nc,1.107067860586523,1.0452804728589773,2.2130794462138907,1.0333357555041194,0.9631163442700388,1.3998037179437082,0.8351256751398828,1.1581306236510978,1.1395697797300646
107,expAE04,VUW_PISM2_s4,/Volumes/FMac/computing/data/antarctica/ismip6/hackathon/ComputedScalarsHelene/expAE04/shelfmelt/computed_shelfmelt_AIS_VUW_PISM2_s4_expAE04.nc,0.9801441322576419,1.0563797114028237,2.000076992528482,0.8289636544598057,0.8596828574984443,1.2741686585465113,0.7875451373051474,1.1813464266995057,1.0518552423885765
108,expAE05,DC_ISSM,/Volumes/FMac/computing/data/antarctica/ismip6/hackathon/ComputedScalarsHelene/expAE05/shelfmelt/computed_shelfmelt_AIS_DC_ISSM_expAE05.nc,1.4014501772351664,1.0237615383918497,1.8223536308175943,1.3952907744536012,1.2436379099098762,1.6544715064754882,1.522360020808321,0.6484900737640571,0.7094769879327267
109,expAE05,IGE_ElmerIce,/Volumes/FMac/computing/data/antarctica/ismip6/hackathon/ComputedScalarsHelene/expAE05/shelfmelt/computed_shelfmelt_AIS_IGE_ElmerIce_expAE05.nc,0.7327518397311177,1.0503201676621725,1.2980530448442311,0.9870740777566546,0.9671155051936213,0.7801516304448609,2.898850446560605,0.7666510912879096,0.8189728440057685
110,expAE05,ILTS_SICOPOLIS,/Volumes/FMac/computing/data/antarctica/ismip6/hackathon/ComputedScalarsHelene/expAE05/shelfmelt/computed_shelfmelt_AIS_ILTS_SICOPOLIS_expAE05.nc,0.742757783432331,0.43067916532392336,0.8393260254847693,0.5400817634856724,0.5523408119735219,1.0920383142967802,2.0118783220838643,0.781414493650843,0.3064602464651642
111,expAE05,LSCE_GRISLI2,/Volumes/FMac/computing/data/antarctica/ismip6/hackathon/ComputedScalarsHelene/expAE05/shelfmelt/computed_shelfmelt_AIS_LSCE_GRISLI2_expAE05.nc,1.0811166254486182,1.9951772323147647,1.3436615045010465,1.2227947046076062,1.0681274205246902,1.170274468008209,2.553328387713993,5.5621038506396445,0.7413921352725841
112,expAE05,LSCE_GRISLI,/Volumes/FMac/computing/data/antarctica/ismip6/hackathon/ComputedScalarsHelene/expAE05/shelfmelt/computed_shelfmelt_AIS_LSCE_GRISLI_expAE05.nc,1.2199885790510612,0.29764014578333553,1.1608910583313328,1.3157872555628567,0.9530572413813727,1.916117422394405,0.9754336340441708,1.1749784628172573,0.7168853600387621
113,expAE05,NCAR_CISM1,/Volumes/FMac/computing/data/antarctica/ismip6/hackathon/ComputedScalarsHelene/expAE05/shelfmelt/computed_shelfmelt_AIS_NCAR_CISM1_expAE05.nc,1.5455693435019033,1.3701084618782127,1.8902826398764154,1.41446535195856,1.397103266023638,1.7574220048473865,1.6160342906635532,1.4482483187921762,0.38039662080832926
114,expAE05,NCAR_CISM2,/Volumes/FMac/computing/data/antarctica/ismip6/hackathon/ComputedScalarsHelene/expAE05/shelfmelt/computed_shelfmelt_AIS_NCAR_CISM2_expAE05.nc,1.0122024272145482,0.5221645001624321,1.0927045149660475,0.9932974626374214,0.8617991571776908,1.237189457523975,1.2477161951574138,0.5883152971081638,0.13739888247676124
115,expAE05,NORCE_CISM2-MAR364-ERA-t1,/Volumes/FMac/computing/data/antarctica/ismip6/hackathon/ComputedScalarsHelene/expAE05/shelfmelt/computed_shelfmelt_AIS_NORCE_CISM2-MAR364-ERA-t1_expAE05.nc,1.1255423665445916,0.9502231710187735,1.1118213764091718,0.8839034831708701,1.01424219511002,1.2867249422533868,1.7926109820674183,0.6231740302564598,0.7482507978591042
116,expAE05,NORCE_CISM3-MAR364-ERA-t1-local,/Volumes/FMac/computing/data/antarctica/ismip6/hackathon/ComputedScalarsHelene/expAE05/shelfmelt/computed_shelfmelt_AIS_NORCE_CISM3-MAR364-ERA-t1-local_expAE05.nc,1.4414296111764016,0.9575341595660432,1.688106643584561,1.3699336679752512,1.3206427591494967,1.6165695175833001,2.0160361593353433,0.7772799778993644,0.7117144960914912
117,expAE05,NORCE_CISM3-MAR364-ERA-t1-nonlocal,/Volumes/FMac/computing/data/antarctica/ismip6/hackathon/ComputedScalarsHelene/expAE05/shelfmelt/computed_shelfmelt_AIS_NORCE_CISM3-MAR364-ERA-t1-nonlocal_expAE05.nc,1.631417638949865,1.045246714443281,1.8197621866858404,1.618685307392291,1.443536502315291,1.8767193065575665,2.1487130420043727,1.0094681159709293,0.883991843436018
118,expAE05,NORCE_CISM3-MAR364-ERA-t1,/Volumes/FMac/computing/data/antarctica/ismip6/hackathon/ComputedScalarsHelene/expAE05/shelfmelt/computed_shelfmelt_AIS_NORCE_CISM3-MAR364-ERA-t1_expAE05.nc,1.1390762648624628,0.8851109222994357,1.24932878170942,0.9291665129753355,0.9887426217959199,1.3405739393729958,1.9512114480499536,0.5508395978652768,0.7401711409242677
119,expAE05,NORCE_CISM4-MAR364-ERA-t1-local,/Volumes/FMac/computing/data/antarctica/ismip6/hackathon/ComputedScalarsHelene/expAE05/shelfmelt/computed_shelfmelt_AIS_NORCE_CISM4-MAR364-ERA-t1-local_expAE05.nc,1.379906355317961,1.0423912563530737,1.6830918096759517,1.1379535634721714,1.220578957143579,1.5948086098853538,2.246966372907236,0.8939670813930067,1.9250793249998157
120,expAE05,NORCE_CISM4-MAR364-ERA-t1-nonlocal,/Volumes/FMac/computing/data/antarctica/ismip6/hackathon/ComputedScalarsHelene/expAE05/shelfmelt/computed_shelfmelt_AIS_NORCE_CISM4-MAR364-ERA-t1-nonlocal_expAE05.nc,1.5522086932486978,0.8911534118906085,1.8367458786485509,1.413243992638221,1.3540993587124857,1.7888415124692147,2.3793498059979936,0.9870887660675401,1.6996349444594425
121,expAE05,NORCE_CISM4-MAR364-ERA-t1,/Volumes/FMac/computing/data/antarctica/ismip6/hackathon/ComputedScalarsHelene/expAE05/shelfmelt/computed_shelfmelt_AIS_NORCE_CISM4-MAR364-ERA-t1_expAE05.nc,1.2727732813451498,0.9454023904305631,1.4097973293804746,1.0001420344333445,1.079891803254345,1.4781287904669862,2.0916619368690568,0.6956690124638717,1.466708661863894
122,expAE05,NORCE_CISM4-MAR364-JRA-t1,/Volumes/FMac/computing/data/antarctica/ismip6/hackathon/ComputedScalarsHelene/expAE05/shelfmelt/computed_shelfmelt_AIS_NORCE_CISM4-MAR364-JRA-t1_expAE05.nc,1.2297226607184897,0.9935744762095524,1.3016346614341083,1.0002300723774653,1.044684110934307,1.4300576895025137,2.1511160286545303,0.6596824603614538,1.6252139233134746
123,expAE05,NORCE_CISM5-MAR364-ERA-t1-local,/Volumes/FMac/computing/data/antarctica/ismip6/hackathon/ComputedScalarsHelene/expAE05/shelfmelt/computed_shelfmelt_AIS_NORCE_CISM5-MAR364-ERA-t1-local_expAE05.nc,1.3439571086000857,1.1528270709297335,1.616704205804219,1.1263127538974829,1.2194901341723163,1.50651931802978,2.803688565950534,1.0327412411120795,1.6236945568445211
124,expAE05,NORCE_CISM5-MAR364-ERA-t1-nonlocal,/Volumes/FMac/computing/data/antarctica/ismip6/hackathon/ComputedScalarsHelene/expAE05/shelfmelt/computed_shelfmelt_AIS_NORCE_CISM5-MAR364-ERA-t1-nonlocal_expAE05.nc,1.4330610486800364,0.9533758480962082,1.8071707630144958,1.4203338591343404,1.2809009320399376,1.61223673529657,2.860580737678361,1.0276929008383893,1.5319815117990487
125,expAE05,NORCE_CISM5-MAR364-ERA-t1,/Volumes/FMac/computing/data/antarctica/ismip6/hackathon/ComputedScalarsHelene/expAE05/shelfmelt/computed_shelfmelt_AIS_NORCE_CISM5-MAR364-ERA-t1_expAE05.nc,1.3033268941960618,1.215633660865803,1.5049094698879668,1.0108286142373368,1.113610525286387,1.51072634408078,2.835714300931879,1.1938345426183927,2.3887063841319143
126,expAE05,PIK_PISM,/Volumes/FMac/computing/data/antarctica/ismip6/hackathon/ComputedScalarsHelene/expAE05/shelfmelt/computed_shelfmelt_AIS_PIK_PISM_expAE05.nc,1.1495915329275828,1.392573105049459,1.4809521908523768,1.93369632492703,1.2669484851654993,1.0906584067293694,5.123756412547141,0.5845239405470392,0.38148723260720563
127,expAE05,UCM_Yelmo,/Volumes/FMac/computing/data/antarctica/ismip6/hackathon/ComputedScalarsHelene/expAE05/shelfmelt/computed_shelfmelt_AIS_UCM_Yelmo_expAE05.nc,1.8196472948934295,2.2530317552951895,2.101200523625775,1.656274996915836,1.4215872397847638,2.384123296350322,2.6733510354342522,3.4543465737165393,2.739865070062464
128,expAE05,UCSD_ISSM,/Volumes/FMac/computing/data/antarctica/ismip6/hackathon/ComputedScalarsHelene/expAE05/shelfmelt/computed_shelfmelt_AIS_UCSD_ISSM_expAE05.nc,0.6690639735887755,1.081453023260538,0.044459597041957864,0.23953460311230027,0.716619792412877,0.5539109933369425,0.560685110638977,0.5291380422797544,0.20782803241130568
129,expAE05,ULB_fETISh-KoriBU1,/Volumes/FMac/computing/data/antarctica/ismip6/hackathon/ComputedScalarsHelene/expAE05/shelfmelt/computed_shelfmelt_AIS_ULB_fETISh-KoriBU1_expAE05.nc,0.8081194992553778,1.386381004599976,0.5127404959518185,0.8161403263772993,0.9697965249302793,0.6475914005122224,2.2501716186431078,0.790673374071958,0.30819073984986123
130,expAE05,ULB_fETISh-KoriBU2,/Volumes/FMac/computing/data/antarctica/ismip6/hackathon/ComputedScalarsHelene/expAE05/shelfmelt/computed_shelfmelt_AIS_ULB_fETISh-KoriBU2_expAE05.nc,0.823883748226917,0.4762824031827982,1.5093460203377267,1.2145222450419502,0.6288589583036319,1.2139672073841867,1.3553240369732826,0.7900406408403822,0.4435491628141844
131,expAE05,UNN_Ua,/Volumes/FMac/computing/data/antarctica/ismip6/hackathon/ComputedScalarsHelene/expAE05/shelfmelt/computed_shelfmelt_AIS_UNN_Ua_expAE05.nc,1.2127024283846213,0.8215208256490155,1.638720626348979,1.0807216596811713,1.0954911998199808,1.412185859081392,0.6062852730024326,1.101044581878369,0.3510582744756681
132,expAE05,UTAS_ElmerIce,/Volumes/FMac/computing/data/antarctica/ismip6/hackathon/ComputedScalarsHelene/expAE05/shelfmelt/computed_shelfmelt_AIS_UTAS_ElmerIce_expAE05.nc,1.1583591282261412,1.4434901156600204,1.67510767025137,1.2879163329895762,1.2212640089521587,1.2580316251366157,2.4460375153984955,0.8090190855553415,0.5317747843544338
133,expAE05,VUB_AISMPALEO,/Volumes/FMac/computing/data/antarctica/ismip6/hackathon/ComputedScalarsHelene/expAE05/shelfmelt/computed_shelfmelt_AIS_VUB_AISMPALEO_expAE05.nc,1.123162973223283,2.7456774900534766,0.676316814078486,0.5055573898884475,0.5611990486919773,3.799438291605322,2.110154545338271,2.8228045485152506,3.777928152154992
134,expAE05,VUW_PISM1,/Volumes/FMac/computing/data/antarctica/ismip6/hackathon/ComputedScalarsHelene/expAE05/shelfmelt/computed_shelfmelt_AIS_VUW_PISM1_expAE05.nc,1.1390922966852806,1.3819829375242787,1.4837015161045697,1.2908699315991894,0.8945009587558376,1.6335015572955702,1.3752648057127932,1.6798652862114387,0.9187554758232186
135,expAE05,VUW_PISM1_s1,/Volumes/FMac/computing/data/antarctica/ismip6/hackathon/ComputedScalarsHelene/expAE05/shelfmelt/computed_shelfmelt_AIS_VUW_PISM1_s1_expAE05.nc,1.0202973147424084,1.6443469976570784,1.5536679688995005,1.1511872537809207,0.8236331046158918,1.3660030255483628,0.5490819061047336,0.679817928421683,1.448173879091546
136,expAE05,VUW_PISM1_s2,/Volumes/FMac/computing/data/antarctica/ismip6/hackathon/ComputedScalarsHelene/expAE05/shelfmelt/computed_shelfmelt_AIS_VUW_PISM1_s2_expAE05.nc,1.1045763736600531,1.5042331171857513,1.5330219883665612,1.3600721619130176,0.9403848400166877,1.425024599904137,1.6507282566748944,0.7147058495815034,0.3855991411390757
137,expAE05,VUW_PISM1_s3,/Volumes/FMac/computing/data/antarctica/ismip6/hackathon/ComputedScalarsHelene/expAE05/shelfmelt/computed_shelfmelt_AIS_VUW_PISM1_s3_expAE05.nc,1.2146410753493102,1.5496484598121152,1.9219551540216553,1.4688764531276082,1.0190224332105358,1.6250017870867957,3.0486946623038618,1.2024004553183294,0.9295367204019019
138,expAE05,VUW_PISM1_s4,/Volumes/FMac/computing/data/antarctica/ismip6/hackathon/ComputedScalarsHelene/expAE05/shelfmelt/computed_shelfmelt_AIS_VUW_PISM1_s4_expAE05.nc,1.1202173360385883,1.2626367116876385,1.4260839073970621,1.2715205137145384,0.8646170453502648,1.5992785966749228,0.5373128609622622,1.5049958763261233,0.9828590344343238
139,expAE05,VUW_PISM2,/Volumes/FMac/computing/data/antarctica/ismip6/hackathon/ComputedScalarsHelene/expAE05/shelfmelt/computed_shelfmelt_AIS_VUW_PISM2_expAE05.nc,1.1315284786594553,0.8222783588779912,1.4750054208329633,1.1633146528532183,0.9050381581822146,1.559910032478086,0.23248398360375377,1.0219404223124444,0.9155070061302885
140,expAE05,VUW_PISM2_s1,/Volumes/FMac/computing/data/antarctica/ismip6/hackathon/ComputedScalarsHelene/expAE05/shelfmelt/computed_shelfmelt_AIS_VUW_PISM2_s1_expAE05.nc,1.1256945556263371,1.0966640450732486,1.4383895258930464,1.0765355043752893,0.9564040918733063,1.4494659382293213,0.2706818284804882,0.9798689639977592,0.613739058768938
141,expAE05,VUW_PISM2_s2,/Volumes/FMac/computing/data/antarctica/ismip6/hackathon/ComputedScalarsHelene/expAE05/shelfmelt/computed_shelfmelt_AIS_VUW_PISM2_s2_expAE05.nc,1.1358704560098734,0.8100931620493419,1.5818369626347564,1.1990530396983354,0.8927778832235331,1.59145937987303,0.3351899339680248,1.1747061762564366,1.084457925182848
142,expAE05,VUW_PISM2_s3,/Volumes/FMac/computing/data/antarctica/ismip6/hackathon/ComputedScalarsHelene/expAE05/shelfmelt/computed_shelfmelt_AIS_VUW_PISM2_s3_expAE05.nc,1.2116921924391568,1.600852627819992,1.841977883349757,1.3662552280905016,0.9803621715715576,1.6305131428027777,0.5880820606265731,1.120317786839816,0.9331344929364963
143,expAE05,VUW_PISM2_s4,/Volumes/FMac/computing/data/antarctica/ismip6/hackathon/ComputedScalarsHelene/expAE05/shelfmelt/computed_shelfmelt_AIS_VUW_PISM2_s4_expAE05.nc,1.0587487220397533,0.8242478125191577,1.5268395086719218,1.1471614096091383,0.797094879975138,1.5493818461131132,0.2961022589761744,1.142613130270136,0.7886059961583737
