Experiment,Model,Path,sector_1,sector_2,sector_3,sector_4,sector_5,sector_6,sector_7,sector_8,sector_9,sector_10,sector_11,sector_12,sector_13,sector_14,sector_15,sector_16,sector_17,sector_18,AIS
expAE02,DC_ISSM,/Volumes/CrucialX8/computing/data/antarctica/ismip6_hackathon/ComputedScalarsHelene/expAE02/shelfmelt/computed_shelfmelt_AIS_DC_ISSM_expAE02.nc,6.284038066864014,2.615086555480957,8.469087600708008,20.309146881103516,4.584219455718994,1.5984522104263306,6.511013984680176,13.684121131896973,7.249021053314209,7.406066417694092,3.428431272506714,1.4595897197723389,6.895844459533691,10.180492401123047,3.8066768646240234,1.1722261905670166,3.624488353729248,8.94604206085205,4.3514723777771
expAE02,IGE_ElmerIce,/Volumes/CrucialX8/computing/data/antarctica/ismip6_hackathon/ComputedScalarsHelene/expAE02/shelfmelt/computed_shelfmelt_AIS_IGE_ElmerIce_expAE02.nc,9.308048248291016,1.3761667013168335,9.534123420715332,15.66618537902832,5.359795093536377,0.6638334393501282,13.291764259338379,15.989907264709473,9.385903358459473,4.9092841148376465,5.123345851898193,4.734307289123535,5.644570827484131,13.831363677978516,4.8442277908325195,3.949582099914551,8.636575698852539,12.688605308532715,4.145298004150391
expAE02,ILTS_SICOPOLIS,/Volumes/CrucialX8/computing/data/antarctica/ismip6_hackathon/ComputedScalarsHelene/expAE02/shelfmelt/computed_shelfmelt_AIS_ILTS_SICOPOLIS_expAE02.nc,22.78293800354004,3.2815911769866943,18.286447525024414,45.449607849121094,5.84508752822876,1.7110507488250732,7.997300148010254,19.84375,9.383858680725098,12.216876029968262,4.161715507507324,2.2491800785064697,12.821504592895508,17.838844299316406,6.862619876861572,1.2739094495773315,4.415701866149902,24.476680755615234,5.885225772857666
expAE02,LSCE_GRISLI2,/Volumes/CrucialX8/computing/data/antarctica/ismip6_hackathon/ComputedScalarsHelene/expAE02/shelfmelt/computed_shelfmelt_AIS_LSCE_GRISLI2_expAE02.nc,11.59582805633545,6.471953392028809,12.760713577270508,29.508493423461914,10.324764251708984,4.818602085113525,7.915358066558838,18.651691436767578,13.277164459228516,10.87999153137207,5.826730251312256,2.4855523109436035,13.19356632232666,15.615538597106934,7.5560150146484375,2.2969837188720703,4.436132907867432,15.290002822875977,8.417149543762207
expAE02,LSCE_GRISLI,/Volumes/CrucialX8/computing/data/antarctica/ismip6_hackathon/ComputedScalarsHelene/expAE02/shelfmelt/computed_shelfmelt_AIS_LSCE_GRISLI_expAE02.nc,12.704710960388184,7.198462009429932,11.703935623168945,32.14149856567383,12.89355754852295,5.556021690368652,8.318737030029297,20.656457901000977,12.913084030151367,12.9116849899292,3.3729991912841797,1.899448275566101,13.109794616699219,16.124526977539062,9.562615394592285,1.7979469299316406,7.947035789489746,15.825604438781738,8.992650985717773
expAE02,NCAR_CISM1,/Volumes/CrucialX8/computing/data/antarctica/ismip6_hackathon/ComputedScalarsHelene/expAE02/shelfmelt/computed_shelfmelt_AIS_NCAR_CISM1_expAE02.nc,4.786374568939209,2.8700950145721436,6.523591041564941,8.922418594360352,3.914130449295044,1.8814336061477661,5.174948692321777,0.8121038675308228,7.916736125946045,6.049736976623535,3.220451593399048,2.893639326095581,4.520353317260742,5.049783706665039,3.7590320110321045,2.868421792984009,3.1517319679260254,6.6493353843688965,3.719632863998413
expAE02,NCAR_CISM2,/Volumes/CrucialX8/computing/data/antarctica/ismip6_hackathon/ComputedScalarsHelene/expAE02/shelfmelt/computed_shelfmelt_AIS_NCAR_CISM2_expAE02.nc,4.920572280883789,3.4447033405303955,5.77676248550415,14.227148056030273,4.0945940017700195,1.7471003532409668,8.724440574645996,13.465807914733887,4.429379463195801,5.86436653137207,3.5561015605926514,3.224832773208618,4.873363494873047,4.422008037567139,3.740919351577759,2.108713150024414,2.5171191692352295,4.499651908874512,4.106295585632324
expAE02,NORCE_CISM2-MAR364-ERA-t1,/Volumes/CrucialX8/computing/data/antarctica/ismip6_hackathon/ComputedScalarsHelene/expAE02/shelfmelt/computed_shelfmelt_AIS_NORCE_CISM2-MAR364-ERA-t1_expAE02.nc,3.926910638809204,2.8456528186798096,6.14985990524292,12.433753967285156,4.221619129180908,1.8602746725082397,8.35107135772705,14.892645835876465,3.4164047241210938,5.59414529800415,3.3257017135620117,2.5550265312194824,3.2161951065063477,3.788156032562256,2.792234420776367,1.8392956256866455,1.7529988288879395,4.842989921569824,3.900084972381592
expAE02,NORCE_CISM3-MAR364-ERA-t1-local,/Volumes/CrucialX8/computing/data/antarctica/ismip6_hackathon/ComputedScalarsHelene/expAE02/shelfmelt/computed_shelfmelt_AIS_NORCE_CISM3-MAR364-ERA-t1-local_expAE02.nc,3.6839261054992676,3.3027563095092773,5.707142353057861,7.376709461212158,4.120579242706299,1.7093008756637573,3.698089361190796,5.5191192626953125,4.33536958694458,4.404559135437012,3.287790060043335,1.3466359376907349,2.1481292247772217,3.52304744720459,2.944606304168701,2.0279459953308105,2.5577142238616943,3.9410085678100586,3.486543655395508
expAE02,NORCE_CISM3-MAR364-ERA-t1-nonlocal,/Volumes/CrucialX8/computing/data/antarctica/ismip6_hackathon/ComputedScalarsHelene/expAE02/shelfmelt/computed_shelfmelt_AIS_NORCE_CISM3-MAR364-ERA-t1-nonlocal_expAE02.nc,3.695265769958496,3.178706645965576,6.2098774909973145,7.686700820922852,3.715397834777832,2.0373940467834473,4.25613260269165,6.11094856262207,5.708345890045166,5.072859287261963,3.3567256927490234,1.5617440938949585,2.2483956813812256,4.918972015380859,3.036503553390503,2.1401708126068115,3.213135242462158,4.225449562072754,3.5968236923217773
expAE02,NORCE_CISM3-MAR364-ERA-t1,/Volumes/CrucialX8/computing/data/antarctica/ismip6_hackathon/ComputedScalarsHelene/expAE02/shelfmelt/computed_shelfmelt_AIS_NORCE_CISM3-MAR364-ERA-t1_expAE02.nc,3.6596028804779053,2.84682559967041,5.080380916595459,13.691712379455566,4.399151802062988,1.7566205263137817,7.813504219055176,11.463340759277344,3.063629150390625,4.872729301452637,3.240302324295044,2.219731330871582,2.0555901527404785,3.710456371307373,2.8561508655548096,1.3922209739685059,1.686658263206482,3.6335034370422363,3.726954698562622
expAE02,NORCE_CISM4-MAR364-ERA-t1-local,/Volumes/CrucialX8/computing/data/antarctica/ismip6_hackathon/ComputedScalarsHelene/expAE02/shelfmelt/computed_shelfmelt_AIS_NORCE_CISM4-MAR364-ERA-t1-local_expAE02.nc,2.765824317932129,3.1111068725585938,5.206353664398193,8.098783493041992,4.395297527313232,1.8555842638015747,4.806530952453613,7.776261329650879,4.659170150756836,4.002090930938721,2.764538288116455,1.5279792547225952,1.2460132837295532,4.010232925415039,2.5143141746520996,1.6861770153045654,2.0063862800598145,3.1645901203155518,3.44964599609375
expAE02,NORCE_CISM4-MAR364-ERA-t1-nonlocal,/Volumes/CrucialX8/computing/data/antarctica/ismip6_hackathon/ComputedScalarsHelene/expAE02/shelfmelt/computed_shelfmelt_AIS_NORCE_CISM4-MAR364-ERA-t1-nonlocal_expAE02.nc,2.8219196796417236,2.8637490272521973,5.46225118637085,7.6202216148376465,4.135684967041016,2.0290956497192383,5.550994873046875,8.344886779785156,7.770031929016113,4.46063756942749,3.157353639602661,1.6600414514541626,1.3341896533966064,4.713669776916504,2.645606279373169,1.730220079421997,2.226071834564209,3.585847854614258,3.561727523803711
expAE02,NORCE_CISM4-MAR364-ERA-t1,/Volumes/CrucialX8/computing/data/antarctica/ismip6_hackathon/ComputedScalarsHelene/expAE02/shelfmelt/computed_shelfmelt_AIS_NORCE_CISM4-MAR364-ERA-t1_expAE02.nc,2.602032423019409,2.5831639766693115,5.308708667755127,9.717294692993164,3.907510280609131,1.5618805885314941,5.6295905113220215,10.891024589538574,2.6361842155456543,3.6218879222869873,2.7081494331359863,1.4878681898117065,1.5998948812484741,2.2417702674865723,2.034825563430786,1.299339771270752,1.3416298627853394,3.2483701705932617,3.1603734493255615
expAE02,NORCE_CISM4-MAR364-JRA-t1,/Volumes/CrucialX8/computing/data/antarctica/ismip6_hackathon/ComputedScalarsHelene/expAE02/shelfmelt/computed_shelfmelt_AIS_NORCE_CISM4-MAR364-JRA-t1_expAE02.nc,2.620351791381836,2.3911542892456055,5.378962516784668,9.779019355773926,4.190049171447754,1.6047223806381226,5.818881034851074,11.288195610046387,2.5689449310302734,3.1581435203552246,2.7490077018737793,1.4648356437683105,1.5921331644058228,2.4019622802734375,2.045346736907959,1.3446934223175049,1.4755094051361084,3.300480365753174,3.1983211040496826
expAE02,NORCE_CISM5-MAR364-ERA-t1-local,/Volumes/CrucialX8/computing/data/antarctica/ismip6_hackathon/ComputedScalarsHelene/expAE02/shelfmelt/computed_shelfmelt_AIS_NORCE_CISM5-MAR364-ERA-t1-local_expAE02.nc,2.629396677017212,3.077779769897461,3.609503984451294,6.630167484283447,4.821547985076904,1.5537712574005127,3.421715259552002,8.585600852966309,4.334348201751709,2.9908394813537598,3.325580358505249,1.2035397291183472,2.0679478645324707,2.4845235347747803,2.287971258163452,1.7506228685379028,1.3261445760726929,3.309774160385132,3.370035409927368
expAE02,NORCE_CISM5-MAR364-ERA-t1-nonlocal,/Volumes/CrucialX8/computing/data/antarctica/ismip6_hackathon/ComputedScalarsHelene/expAE02/shelfmelt/computed_shelfmelt_AIS_NORCE_CISM5-MAR364-ERA-t1-nonlocal_expAE02.nc,2.8902153968811035,2.9297938346862793,4.124375343322754,8.05566692352295,3.880373477935791,1.8763080835342407,3.396103620529175,8.381979942321777,8.37917709350586,3.7012553215026855,3.845545530319214,1.2833963632583618,1.9199135303497314,2.6914923191070557,2.362126588821411,2.1651768684387207,1.6364670991897583,2.929518222808838,3.4875571727752686
expAE02,NORCE_CISM5-MAR364-ERA-t1,/Volumes/CrucialX8/computing/data/antarctica/ismip6_hackathon/ComputedScalarsHelene/expAE02/shelfmelt/computed_shelfmelt_AIS_NORCE_CISM5-MAR364-ERA-t1_expAE02.nc,2.717904806137085,2.1534039974212646,4.330921173095703,8.425350189208984,4.012879848480225,1.4233121871948242,2.8858017921447754,7.31022834777832,3.025036096572876,2.6980929374694824,3.864267587661743,1.263584852218628,1.9078868627548218,1.92946195602417,1.6652696132659912,1.4267851114273071,1.2768514156341553,2.494269847869873,2.965571403503418
expAE02,PIK_PISM,/Volumes/CrucialX8/computing/data/antarctica/ismip6_hackathon/ComputedScalarsHelene/expAE02/shelfmelt/computed_shelfmelt_AIS_PIK_PISM_expAE02.nc,20.912965774536133,4.670145034790039,18.352018356323242,22.929323196411133,21.200706481933594,4.855158805847168,18.160768508911133,22.708698272705078,28.645225524902344,18.525657653808594,9.736248016357422,7.801218032836914,10.303194046020508,26.04178237915039,23.60494041442871,3.6019046306610107,15.428780555725098,13.088783264160156,9.789761543273926
expAE02,UCM_Yelmo,/Volumes/CrucialX8/computing/data/antarctica/ismip6_hackathon/ComputedScalarsHelene/expAE02/shelfmelt/computed_shelfmelt_AIS_UCM_Yelmo_expAE02.nc,4.317235946655273,2.293365240097046,9.997649192810059,17.50518226623535,5.977602958679199,1.4271938800811768,4.983445644378662,8.151412010192871,7.320979595184326,7.295164108276367,4.462738037109375,1.3691900968551636,5.395185947418213,6.8670196533203125,4.5605058670043945,0.9325379133224487,6.870970249176025,5.4447736740112305,4.12264347076416
expAE02,UCSD_ISSM,/Volumes/CrucialX8/computing/data/antarctica/ismip6_hackathon/ComputedScalarsHelene/expAE02/shelfmelt/computed_shelfmelt_AIS_UCSD_ISSM_expAE02.nc,27.756113052368164,0.1848062127828598,14.318628311157227,24.702394485473633,2.2773141860961914,0.035320624709129333,7.754281997680664,13.26496696472168,1.0858855247497559,1.0596247911453247,1.0425539016723633,0.37669244408607483,1.737718939781189,3.52710223197937,2.428805112838745,0.908707320690155,1.7585411071777344,24.064693450927734,3.373202323913574
expAE02,ULB_fETISh-KoriBU1,/Volumes/CrucialX8/computing/data/antarctica/ismip6_hackathon/ComputedScalarsHelene/expAE02/shelfmelt/computed_shelfmelt_AIS_ULB_fETISh-KoriBU1_expAE02.nc,4.996529579162598,0.5130114555358887,4.7584099769592285,12.66245174407959,2.107187271118164,0.16143262386322021,8.952776908874512,9.696186065673828,4.989930629730225,7.409167766571045,2.770587205886841,0.8220579624176025,0.6590373516082764,5.320041179656982,7.376719951629639,1.7932218313217163,1.502608060836792,4.659159183502197,2.9307804107666016
expAE02,ULB_fETISh-KoriBU2,/Volumes/CrucialX8/computing/data/antarctica/ismip6_hackathon/ComputedScalarsHelene/expAE02/shelfmelt/computed_shelfmelt_AIS_ULB_fETISh-KoriBU2_expAE02.nc,6.375311374664307,2.0375096797943115,5.771205902099609,22.756357192993164,3.366921901702881,1.4230096340179443,6.0237627029418945,10.56001091003418,12.065703392028809,8.316388130187988,3.019183397293091,0.5579898357391357,1.508647084236145,5.590065956115723,5.490903854370117,1.9555450677871704,1.8819557428359985,5.134527206420898,4.154081344604492
expAE02,UNN_Ua,/Volumes/CrucialX8/computing/data/antarctica/ismip6_hackathon/ComputedScalarsHelene/expAE02/shelfmelt/computed_shelfmelt_AIS_UNN_Ua_expAE02.nc,2.853303909301758,3.0535523891448975,6.0120625495910645,17.133991241455078,5.308151721954346,1.4940532445907593,6.439188480377197,15.411710739135742,3.8543505668640137,4.869056224822998,2.703646659851074,0.9203689694404602,4.6338605880737305,4.5007781982421875,2.392993211746216,0.6180678606033325,1.9576762914657593,4.125690460205078,3.92612361907959
expAE02,UTAS_ElmerIce,/Volumes/CrucialX8/computing/data/antarctica/ismip6_hackathon/ComputedScalarsHelene/expAE02/shelfmelt/computed_shelfmelt_AIS_UTAS_ElmerIce_expAE02.nc,7.734471321105957,3.096479654312134,10.247201919555664,29.204578399658203,5.057995319366455,1.6118130683898926,6.624298095703125,17.17081069946289,4.471161365509033,5.370168685913086,2.882239818572998,2.031912088394165,8.113302230834961,11.567095756530762,2.997857093811035,1.3778387308120728,1.9389854669570923,9.719608306884766,4.0365166664123535
expAE02,VUB_AISMPALEO,/Volumes/CrucialX8/computing/data/antarctica/ismip6_hackathon/ComputedScalarsHelene/expAE02/shelfmelt/computed_shelfmelt_AIS_VUB_AISMPALEO_expAE02.nc,,3.9733171463012695,,,9.200882911682129,2.490614175796509,,,12.394438743591309,,6.562626361846924,0.13708552718162537,,,0.7556794285774231,0.9257618188858032,,,5.631283760070801
expAE02,VUW_PISM1,/Volumes/CrucialX8/computing/data/antarctica/ismip6_hackathon/ComputedScalarsHelene/expAE02/shelfmelt/computed_shelfmelt_AIS_VUW_PISM1_expAE02.nc,19.13934898376465,8.722805976867676,16.400951385498047,26.465505599975586,44.586181640625,-0.4094555675983429,24.182340621948242,44.45191192626953,9.503186225891113,3.2545642852783203,13.47404956817627,-2.094052791595459,8.38176155090332,9.265114784240723,12.374452590942383,2.685467481613159,1.6436834335327148,20.315977096557617,14.261487007141113
expAE02,VUW_PISM1_s1,/Volumes/CrucialX8/computing/data/antarctica/ismip6_hackathon/ComputedScalarsHelene/expAE02/shelfmelt/computed_shelfmelt_AIS_VUW_PISM1_s1_expAE02.nc,0.0,0.0,0.0,0.0,0.0,0.0,0.0,0.0,0.0,0.0,0.0,0.0,0.0,0.0,0.0,0.0,0.0,0.0,0.0
expAE02,VUW_PISM1_s2,/Volumes/CrucialX8/computing/data/antarctica/ismip6_hackathon/ComputedScalarsHelene/expAE02/shelfmelt/computed_shelfmelt_AIS_VUW_PISM1_s2_expAE02.nc,20.141708374023438,8.440970420837402,16.72275733947754,26.737253189086914,42.588104248046875,-0.6131534576416016,23.781282424926758,44.9608039855957,9.21057415008545,3.1013987064361572,13.704755783081055,-1.4627305269241333,9.52543830871582,8.880949974060059,12.366305351257324,7.14452600479126,1.913689374923706,20.70333480834961,13.86465072631836
expAE02,VUW_PISM1_s3,/Volumes/CrucialX8/computing/data/antarctica/ismip6_hackathon/ComputedScalarsHelene/expAE02/shelfmelt/computed_shelfmelt_AIS_VUW_PISM1_s3_expAE02.nc,19.102306365966797,9.570491790771484,16.9381103515625,26.810335159301758,44.2249755859375,-0.3307678997516632,24.25048828125,47.06959533691406,10.55860424041748,3.1209499835968018,13.418351173400879,-2.0400919914245605,8.767498970031738,10.844446182250977,11.40208625793457,3.1564419269561768,2.312086343765259,19.796628952026367,14.502521514892578
expAE02,VUW_PISM1_s4,/Volumes/CrucialX8/computing/data/antarctica/ismip6_hackathon/ComputedScalarsHelene/expAE02/shelfmelt/computed_shelfmelt_AIS_VUW_PISM1_s4_expAE02.nc,20.19928550720215,8.974666595458984,16.530237197875977,26.94437026977539,44.957130432128906,-0.8322809934616089,24.70867347717285,45.22351837158203,9.749011039733887,3.645075798034668,13.934699058532715,-0.813927173614502,9.488410949707031,9.397747993469238,11.866644859313965,3.459413528442383,2.0678279399871826,20.387378692626953,14.598871231079102
expAE02,VUW_PISM2,/Volumes/CrucialX8/computing/data/antarctica/ismip6_hackathon/ComputedScalarsHelene/expAE02/shelfmelt/computed_shelfmelt_AIS_VUW_PISM2_expAE02.nc,20.54606819152832,8.738349914550781,15.966014862060547,27.23526382446289,54.59047317504883,0.13502605259418488,20.375425338745117,40.8707275390625,9.703560829162598,3.5168023109436035,14.91646671295166,-0.9428765773773193,6.337689399719238,10.210097312927246,10.694777488708496,3.02929949760437,1.4833296537399292,20.430845260620117,15.615636825561523
expAE02,VUW_PISM2_s1,/Volumes/CrucialX8/computing/data/antarctica/ismip6_hackathon/ComputedScalarsHelene/expAE02/shelfmelt/computed_shelfmelt_AIS_VUW_PISM2_s1_expAE02.nc,21.149965286254883,9.72148609161377,15.884138107299805,26.916736602783203,57.72077560424805,0.08237109333276749,20.90434455871582,40.30886459350586,10.899242401123047,3.684419631958008,15.6063232421875,-1.690474271774292,7.334886074066162,9.051871299743652,11.26098346710205,3.1372241973876953,1.4093495607376099,19.643505096435547,16.392541885375977
expAE02,VUW_PISM2_s2,/Volumes/CrucialX8/computing/data/antarctica/ismip6_hackathon/ComputedScalarsHelene/expAE02/shelfmelt/computed_shelfmelt_AIS_VUW_PISM2_s2_expAE02.nc,19.71063232421875,8.314875602722168,15.918375968933105,25.14096450805664,53.10909652709961,0.479183167219162,20.810026168823242,40.0979118347168,8.999990463256836,3.595933437347412,14.42857837677002,-0.6486108899116516,6.075587749481201,9.625923156738281,10.503335952758789,3.344630718231201,1.4071682691574097,20.367708206176758,14.57845687866211
expAE02,VUW_PISM2_s3,/Volumes/CrucialX8/computing/data/antarctica/ismip6_hackathon/ComputedScalarsHelene/expAE02/shelfmelt/computed_shelfmelt_AIS_VUW_PISM2_s3_expAE02.nc,18.967912673950195,9.053322792053223,15.812126159667969,27.632116317749023,49.767173767089844,-0.0670163556933403,20.150503158569336,39.43458557128906,10.209527969360352,3.504856586456299,14.214685440063477,-0.8651120066642761,6.094796657562256,9.275270462036133,9.356376647949219,2.7481720447540283,1.6878143548965454,19.863628387451172,14.664109230041504
expAE02,VUW_PISM2_s4,/Volumes/CrucialX8/computing/data/antarctica/ismip6_hackathon/ComputedScalarsHelene/expAE02/shelfmelt/computed_shelfmelt_AIS_VUW_PISM2_s4_expAE02.nc,20.566991806030273,8.737071990966797,15.660454750061035,27.9510440826416,55.72383499145508,0.2020520567893982,20.567977905273438,41.604366302490234,9.410239219665527,3.3884291648864746,15.351311683654785,-1.2355295419692993,6.1904683113098145,13.907586097717285,10.935257911682129,3.5083560943603516,1.4357465505599976,20.45979881286621,15.899824142456055
expAE03,DC_ISSM,/Volumes/CrucialX8/computing/data/antarctica/ismip6_hackathon/ComputedScalarsHelene/expAE03/shelfmelt/computed_shelfmelt_AIS_DC_ISSM_expAE03.nc,13.368998527526855,13.739633560180664,21.79940414428711,36.064823150634766,6.430353164672852,6.604322910308838,10.029365539550781,17.60240936279297,7.285475730895996,9.702999114990234,4.697668075561523,2.53186297416687,6.171313285827637,12.702569961547852,11.142695426940918,1.4631600379943848,1.661985993385315,12.045475006103516,8.135738372802734
expAE03,IGE_ElmerIce,/Volumes/CrucialX8/computing/data/antarctica/ismip6_hackathon/ComputedScalarsHelene/expAE03/shelfmelt/computed_shelfmelt_AIS_IGE_ElmerIce_expAE03.nc,15.1346435546875,3.4016454219818115,15.205445289611816,27.877347946166992,7.506194591522217,1.3404688835144043,29.525094985961914,26.30124282836914,19.345829010009766,9.228550910949707,7.236698627471924,13.082633972167969,8.709208488464355,17.62767791748047,14.52769947052002,3.189784526824951,5.919820308685303,14.806370735168457,6.539521217346191
expAE03,ILTS_SICOPOLIS,/Volumes/CrucialX8/computing/data/antarctica/ismip6_hackathon/ComputedScalarsHelene/expAE03/shelfmelt/computed_shelfmelt_AIS_ILTS_SICOPOLIS_expAE03.nc,58.077030181884766,32.03224563598633,57.61381530761719,96.29901885986328,8.511558532714844,25.724979400634766,12.165096282958984,29.30613899230957,14.031949043273926,20.16040802001953,6.04581880569458,5.118347644805908,12.962181091308594,27.446670532226562,22.84663963317871,1.5901565551757812,2.020940065383911,46.77980422973633,14.554195404052734
expAE03,LSCE_GRISLI2,/Volumes/CrucialX8/computing/data/antarctica/ismip6_hackathon/ComputedScalarsHelene/expAE03/shelfmelt/computed_shelfmelt_AIS_LSCE_GRISLI2_expAE03.nc,40.625362396240234,29.66534996032715,37.3314208984375,64.05045318603516,24.37249755859375,14.427603721618652,13.130545616149902,22.649864196777344,22.076913833618164,24.37987518310547,18.632112503051758,5.298501491546631,14.16409683227539,19.622684478759766,24.620288848876953,2.545828342437744,,,23.57838249206543
expAE03,LSCE_GRISLI,/Volumes/CrucialX8/computing/data/antarctica/ismip6_hackathon/ComputedScalarsHelene/expAE03/shelfmelt/computed_shelfmelt_AIS_LSCE_GRISLI_expAE03.nc,,29.01297950744629,45.703189849853516,95.32827758789062,27.562633514404297,13.899232864379883,11.62048625946045,27.72838592529297,22.524009704589844,26.27525520324707,20.702877044677734,6.325860977172852,18.36232566833496,25.475688934326172,33.02162551879883,2.661008834838867,10.544587135314941,36.927581787109375,35.99338912963867
expAE03,NCAR_CISM1,/Volumes/CrucialX8/computing/data/antarctica/ismip6_hackathon/ComputedScalarsHelene/expAE03/shelfmelt/computed_shelfmelt_AIS_NCAR_CISM1_expAE03.nc,6.695727825164795,13.980085372924805,6.663883686065674,17.854894638061523,5.84316349029541,3.273376226425171,9.439184188842773,5.52304744720459,6.850810527801514,8.343029022216797,4.661136150360107,5.428576946258545,4.17418098449707,7.953502655029297,4.7443060874938965,2.734536647796631,1.9302829504013062,12.240764617919922,6.497480392456055
expAE03,NCAR_CISM2,/Volumes/CrucialX8/computing/data/antarctica/ismip6_hackathon/ComputedScalarsHelene/expAE03/shelfmelt/computed_shelfmelt_AIS_NCAR_CISM2_expAE03.nc,9.97532844543457,7.515851974487305,9.7391939163208,36.170494079589844,6.350732803344727,1.8292405605316162,14.816397666931152,20.183839797973633,5.618632793426514,8.449052810668945,5.304676532745361,4.912342071533203,7.212853908538818,5.629256248474121,17.432029724121094,2.9048049449920654,2.4006669521331787,11.064803123474121,7.026754379272461
expAE03,NORCE_CISM2-MAR364-ERA-t1,/Volumes/CrucialX8/computing/data/antarctica/ismip6_hackathon/ComputedScalarsHelene/expAE03/shelfmelt/computed_shelfmelt_AIS_NORCE_CISM2-MAR364-ERA-t1_expAE03.nc,2.5465543270111084,4.602407455444336,4.877291679382324,24.224668502807617,6.006496429443359,2.6973776817321777,8.6865234375,19.619661331176758,5.599203109741211,7.268195152282715,5.012485980987549,4.149607181549072,3.4957048892974854,6.985254287719727,4.175886631011963,2.8824880123138428,2.252139091491699,3.8447511196136475,5.449441909790039
expAE03,NORCE_CISM3-MAR364-ERA-t1-local,/Volumes/CrucialX8/computing/data/antarctica/ismip6_hackathon/ComputedScalarsHelene/expAE03/shelfmelt/computed_shelfmelt_AIS_NORCE_CISM3-MAR364-ERA-t1-local_expAE03.nc,3.307344436645508,8.20694637298584,4.546683311462402,15.85800552368164,5.3547492027282715,1.931118130683899,6.160626411437988,9.567449569702148,4.56900691986084,5.982253074645996,4.184584617614746,2.582955837249756,2.126214027404785,5.339802265167236,3.399472713470459,1.949302077293396,2.036877393722534,4.4080634117126465,4.8873291015625
expAE03,NORCE_CISM3-MAR364-ERA-t1-nonlocal,/Volumes/CrucialX8/computing/data/antarctica/ismip6_hackathon/ComputedScalarsHelene/expAE03/shelfmelt/computed_shelfmelt_AIS_NORCE_CISM3-MAR364-ERA-t1-nonlocal_expAE03.nc,3.7629692554473877,15.146430969238281,5.161498069763184,19.557964324951172,5.802333831787109,4.399892807006836,6.797093391418457,10.219371795654297,5.72642183303833,8.148491859436035,4.985017776489258,2.8473141193389893,2.3134028911590576,6.343372344970703,4.1680803298950195,2.294161319732666,2.4737958908081055,4.50327730178833,6.406732082366943
expAE03,NORCE_CISM3-MAR364-ERA-t1,/Volumes/CrucialX8/computing/data/antarctica/ismip6_hackathon/ComputedScalarsHelene/expAE03/shelfmelt/computed_shelfmelt_AIS_NORCE_CISM3-MAR364-ERA-t1_expAE03.nc,2.832073926925659,3.9915082454681396,4.0825934410095215,23.00655746459961,6.196051597595215,1.8970967531204224,9.162674903869629,14.270423889160156,4.4362711906433105,7.934582710266113,4.838475704193115,2.609062671661377,2.303515672683716,5.074848651885986,3.215627431869507,1.811327338218689,2.0745601654052734,2.8800604343414307,5.027311325073242
expAE03,NORCE_CISM4-MAR364-ERA-t1-local,/Volumes/CrucialX8/computing/data/antarctica/ismip6_hackathon/ComputedScalarsHelene/expAE03/shelfmelt/computed_shelfmelt_AIS_NORCE_CISM4-MAR364-ERA-t1-local_expAE03.nc,2.2476437091827393,7.6140594482421875,4.299753189086914,13.119518280029297,5.760347366333008,1.7208242416381836,5.965160369873047,12.688982963562012,4.456608772277832,5.801631450653076,3.7719242572784424,2.1460907459259033,1.2240325212478638,4.328850746154785,3.128591299057007,1.833659291267395,1.890092372894287,3.4944863319396973,4.692968845367432
expAE03,NORCE_CISM4-MAR364-ERA-t1-nonlocal,/Volumes/CrucialX8/computing/data/antarctica/ismip6_hackathon/ComputedScalarsHelene/expAE03/shelfmelt/computed_shelfmelt_AIS_NORCE_CISM4-MAR364-ERA-t1-nonlocal_expAE03.nc,2.208346128463745,12.270726203918457,3.923388719558716,14.724428176879883,6.164948463439941,3.2548117637634277,6.929105281829834,13.2139310836792,6.438949108123779,7.198465824127197,4.7712507247924805,2.2810378074645996,1.2909890413284302,4.744686603546143,3.884674549102783,2.279218912124634,1.9232091903686523,3.680938482284546,6.007721424102783
expAE03,NORCE_CISM4-MAR364-ERA-t1,/Volumes/CrucialX8/computing/data/antarctica/ismip6_hackathon/ComputedScalarsHelene/expAE03/shelfmelt/computed_shelfmelt_AIS_NORCE_CISM4-MAR364-ERA-t1_expAE03.nc,2.226123094558716,3.654548168182373,2.958359956741333,14.927865982055664,5.340829372406006,1.5952016115188599,6.219587802886963,13.65485954284668,3.6365818977355957,5.9282636642456055,4.198251724243164,1.9578698873519897,1.5178873538970947,2.3106207847595215,3.2907533645629883,1.6706795692443848,1.5859962701797485,3.0252554416656494,4.1943488121032715
expAE03,NORCE_CISM4-MAR364-JRA-t1,/Volumes/CrucialX8/computing/data/antarctica/ismip6_hackathon/ComputedScalarsHelene/expAE03/shelfmelt/computed_shelfmelt_AIS_NORCE_CISM4-MAR364-JRA-t1_expAE03.nc,2.141957998275757,3.9814069271087646,2.9232892990112305,14.795073509216309,5.549590110778809,1.5719608068466187,6.1082682609558105,14.029144287109375,3.5444462299346924,5.9695658683776855,4.2643046379089355,1.7853541374206543,1.5019478797912598,3.37072491645813,3.2618579864501953,1.719424843788147,1.67026948928833,3.0980193614959717,4.33024787902832
expAE03,NORCE_CISM5-MAR364-ERA-t1-local,/Volumes/CrucialX8/computing/data/antarctica/ismip6_hackathon/ComputedScalarsHelene/expAE03/shelfmelt/computed_shelfmelt_AIS_NORCE_CISM5-MAR364-ERA-t1-local_expAE03.nc,2.1956048011779785,6.698268413543701,3.3185863494873047,9.113494873046875,5.862559795379639,1.5980770587921143,3.5030157566070557,13.260720252990723,4.10111665725708,3.941601514816284,4.077606678009033,1.2486183643341064,1.802235722541809,3.193084955215454,2.182525634765625,1.9602913856506348,2.2419545650482178,3.304387331008911,4.417978286743164
expAE03,NORCE_CISM5-MAR364-ERA-t1-nonlocal,/Volumes/CrucialX8/computing/data/antarctica/ismip6_hackathon/ComputedScalarsHelene/expAE03/shelfmelt/computed_shelfmelt_AIS_NORCE_CISM5-MAR364-ERA-t1-nonlocal_expAE03.nc,2.486091375350952,10.517996788024902,3.287759304046631,11.351300239562988,5.69144868850708,2.476520299911499,3.6028990745544434,9.346309661865234,11.732523918151855,5.0504631996154785,5.300203800201416,1.3121716976165771,1.878670334815979,3.212742567062378,2.5910112857818604,2.1256520748138428,2.7767035961151123,3.3222508430480957,5.475094318389893
expAE03,NORCE_CISM5-MAR364-ERA-t1,/Volumes/CrucialX8/computing/data/antarctica/ismip6_hackathon/ComputedScalarsHelene/expAE03/shelfmelt/computed_shelfmelt_AIS_NORCE_CISM5-MAR364-ERA-t1_expAE03.nc,2.2668843269348145,3.726876974105835,2.909271717071533,10.741813659667969,5.58526611328125,1.5320122241973877,3.360691785812378,10.110572814941406,3.6472721099853516,4.526031970977783,4.979548454284668,1.2572182416915894,1.7576062679290771,2.134939432144165,2.851516008377075,1.639373779296875,1.7023059129714966,2.4748692512512207,3.9843034744262695
expAE03,PIK_PISM,/Volumes/CrucialX8/computing/data/antarctica/ismip6_hackathon/ComputedScalarsHelene/expAE03/shelfmelt/computed_shelfmelt_AIS_PIK_PISM_expAE03.nc,21.625104904174805,27.241687774658203,20.04842758178711,34.24771499633789,16.685644149780273,15.095178604125977,46.54853439331055,35.71023178100586,35.9733772277832,19.88640785217285,11.198758125305176,8.875751495361328,6.543996334075928,32.98881530761719,19.452144622802734,8.876166343688965,12.362796783447266,14.286238670349121,19.63750648498535
expAE03,UCM_Yelmo,/Volumes/CrucialX8/computing/data/antarctica/ismip6_hackathon/ComputedScalarsHelene/expAE03/shelfmelt/computed_shelfmelt_AIS_UCM_Yelmo_expAE03.nc,3.1438956260681152,21.47453498840332,23.435802459716797,26.926616668701172,9.353018760681152,9.769927024841309,4.963729381561279,10.53325366973877,10.919976234436035,9.312568664550781,6.189493179321289,2.512716770172119,6.871457576751709,7.872673511505127,7.169498443603516,1.0029546022415161,1.2134047746658325,10.1181001663208,8.297637939453125
expAE03,UCSD_ISSM,/Volumes/CrucialX8/computing/data/antarctica/ismip6_hackathon/ComputedScalarsHelene/expAE03/shelfmelt/computed_shelfmelt_AIS_UCSD_ISSM_expAE03.nc,41.531803131103516,1.2450047731399536,32.142635345458984,33.19239807128906,2.6627092361450195,0.17235180735588074,20.852800369262695,18.461729049682617,2.34073805809021,4.7237420082092285,1.732373833656311,2.3805181980133057,12.233701705932617,7.357572078704834,6.951434135437012,1.652847170829773,2.5515027046203613,32.63749313354492,6.957146644592285
expAE03,ULB_fETISh-KoriBU1,/Volumes/CrucialX8/computing/data/antarctica/ismip6_hackathon/ComputedScalarsHelene/expAE03/shelfmelt/computed_shelfmelt_AIS_ULB_fETISh-KoriBU1_expAE03.nc,6.675863742828369,1.4801239967346191,6.104422092437744,19.49822998046875,2.4862608909606934,0.6496099233627319,16.891515731811523,13.219521522521973,10.531842231750488,4.639141082763672,2.7481775283813477,1.861916422843933,0.21501387655735016,6.835113048553467,9.852193832397461,0.9084827303886414,1.6021934747695923,5.617928504943848,3.672760009765625
expAE03,ULB_fETISh-KoriBU2,/Volumes/CrucialX8/computing/data/antarctica/ismip6_hackathon/ComputedScalarsHelene/expAE03/shelfmelt/computed_shelfmelt_AIS_ULB_fETISh-KoriBU2_expAE03.nc,7.840038299560547,22.340654373168945,6.180451393127441,60.66353225708008,5.6659016609191895,8.119584083557129,10.787158012390137,15.17261791229248,11.877553939819336,11.985069274902344,4.96626615524292,1.6720833778381348,0.7152314782142639,6.754449844360352,10.836506843566895,1.6316461563110352,1.5193626880645752,5.429507732391357,11.496623039245605
expAE03,UNN_Ua,/Volumes/CrucialX8/computing/data/antarctica/ismip6_hackathon/ComputedScalarsHelene/expAE03/shelfmelt/computed_shelfmelt_AIS_UNN_Ua_expAE03.nc,3.172135353088379,9.723278045654297,4.143597602844238,31.736547470092773,6.548784255981445,2.2794620990753174,8.654988288879395,15.786518096923828,4.52561616897583,5.386919975280762,3.802185297012329,1.6285518407821655,4.606927394866943,5.886627197265625,2.298560380935669,1.3205747604370117,1.3339941501617432,6.9030351638793945,5.851165771484375
expAE03,UTAS_ElmerIce,/Volumes/CrucialX8/computing/data/antarctica/ismip6_hackathon/ComputedScalarsHelene/expAE03/shelfmelt/computed_shelfmelt_AIS_UTAS_ElmerIce_expAE03.nc,17.313533782958984,18.40802764892578,22.858867645263672,51.704742431640625,6.106220245361328,3.4039320945739746,7.730937957763672,24.937744140625,5.588995456695557,8.140268325805664,3.946375608444214,3.9433810710906982,8.238770484924316,15.559762954711914,11.859712600708008,1.9226137399673462,1.7325786352157593,17.04974365234375,6.674637794494629
expAE03,VUB_AISMPALEO,/Volumes/CrucialX8/computing/data/antarctica/ismip6_hackathon/ComputedScalarsHelene/expAE03/shelfmelt/computed_shelfmelt_AIS_VUB_AISMPALEO_expAE03.nc,,11.955863952636719,,,11.445784568786621,8.049033164978027,1.4378873109817505,,18.96402359008789,,8.524372100830078,0.45623552799224854,,,0.7932995557785034,1.3762977123260498,3.612700939178467,,9.238436698913574
expAE03,VUW_PISM1,/Volumes/CrucialX8/computing/data/antarctica/ismip6_hackathon/ComputedScalarsHelene/expAE03/shelfmelt/computed_shelfmelt_AIS_VUW_PISM1_expAE03.nc,62.97521209716797,9.98144817352295,20.088882446289062,53.3030891418457,40.3437614440918,0.8638900518417358,47.77491760253906,57.04408645629883,9.32370662689209,3.479642629623413,13.702159881591797,6.344710826873779,7.207192897796631,9.924328804016113,10.88720417022705,5.145941734313965,1.983908772468567,44.09981918334961,17.966947555541992
expAE03,VUW_PISM1_s1,/Volumes/CrucialX8/computing/data/antarctica/ismip6_hackathon/ComputedScalarsHelene/expAE03/shelfmelt/computed_shelfmelt_AIS_VUW_PISM1_s1_expAE03.nc,64.67571258544922,11.055662155151367,19.722972869873047,53.383968353271484,40.35062789916992,0.8338487148284912,43.620513916015625,55.55305480957031,10.04593276977539,3.561608076095581,13.959372520446777,7.938720703125,7.316580772399902,10.764741897583008,9.729509353637695,6.226406574249268,1.2349940538406372,41.95052719116211,18.270048141479492
expAE03,VUW_PISM1_s2,/Volumes/CrucialX8/computing/data/antarctica/ismip6_hackathon/ComputedScalarsHelene/expAE03/shelfmelt/computed_shelfmelt_AIS_VUW_PISM1_s2_expAE03.nc,52.78092956542969,9.409256935119629,20.183622360229492,49.78278732299805,36.30457305908203,0.6107619404792786,44.221675872802734,56.96443557739258,8.478367805480957,3.1134133338928223,14.31087875366211,5.843677043914795,6.130111217498779,11.029298782348633,10.37420654296875,5.8277788162231445,2.0338120460510254,41.66455078125,16.919160842895508
expAE03,VUW_PISM1_s3,/Volumes/CrucialX8/computing/data/antarctica/ismip6_hackathon/ComputedScalarsHelene/expAE03/shelfmelt/computed_shelfmelt_AIS_VUW_PISM1_s3_expAE03.nc,49.62294006347656,9.22508716583252,20.306396484375,53.84166717529297,38.89242172241211,0.6065826416015625,48.30726623535156,56.7868766784668,9.257543563842773,3.303372383117676,12.806336402893066,5.705695152282715,6.119433403015137,10.145488739013672,9.711538314819336,4.879948139190674,1.8991482257843018,44.99118423461914,16.59249496459961
expAE03,VUW_PISM1_s4,/Volumes/CrucialX8/computing/data/antarctica/ismip6_hackathon/ComputedScalarsHelene/expAE03/shelfmelt/computed_shelfmelt_AIS_VUW_PISM1_s4_expAE03.nc,62.65534973144531,10.662823677062988,18.08244514465332,52.39702224731445,38.70647430419922,0.6768509149551392,44.24473571777344,55.1053581237793,8.875020027160645,3.2446768283843994,13.967944145202637,6.510684490203857,6.736490726470947,9.797086715698242,9.455111503601074,6.040206432342529,1.8462294340133667,43.78791809082031,17.589107513427734
expAE03,VUW_PISM2,/Volumes/CrucialX8/computing/data/antarctica/ismip6_hackathon/ComputedScalarsHelene/expAE03/shelfmelt/computed_shelfmelt_AIS_VUW_PISM2_expAE03.nc,49.48625564575195,12.877836227416992,18.317434310913086,75.04732513427734,44.91240692138672,0.6861577033996582,41.92070007324219,52.913089752197266,9.193516731262207,3.6559224128723145,15.808475494384766,2.40789794921875,7.087991714477539,15.522455215454102,10.545892715454102,5.392553806304932,1.4478733539581299,34.12334060668945,22.066810607910156
expAE03,VUW_PISM2_s1,/Volumes/CrucialX8/computing/data/antarctica/ismip6_hackathon/ComputedScalarsHelene/expAE03/shelfmelt/computed_shelfmelt_AIS_VUW_PISM2_s1_expAE03.nc,52.8374137878418,14.220037460327148,16.814085006713867,73.8777084350586,46.664852142333984,0.6486939191818237,42.228759765625,51.42387390136719,10.147268295288086,3.558222532272339,15.892723083496094,3.2024598121643066,8.25451374053955,16.471208572387695,14.15554141998291,4.7063446044921875,1.6248139142990112,27.216327667236328,22.378446578979492
expAE03,VUW_PISM2_s2,/Volumes/CrucialX8/computing/data/antarctica/ismip6_hackathon/ComputedScalarsHelene/expAE03/shelfmelt/computed_shelfmelt_AIS_VUW_PISM2_s2_expAE03.nc,47.871376037597656,11.641789436340332,16.437170028686523,68.90101623535156,42.663780212402344,0.7735832929611206,42.085636138916016,55.27602767944336,8.929298400878906,3.2932627201080322,15.36757755279541,2.7634599208831787,6.730368137359619,10.22590160369873,10.104032516479492,4.970135688781738,1.4318363666534424,38.40361404418945,20.147930145263672
expAE03,VUW_PISM2_s3,/Volumes/CrucialX8/computing/data/antarctica/ismip6_hackathon/ComputedScalarsHelene/expAE03/shelfmelt/computed_shelfmelt_AIS_VUW_PISM2_s3_expAE03.nc,50.04885482788086,10.977604866027832,14.61862850189209,55.83525848388672,41.595401763916016,0.599593997001648,40.25821304321289,56.51252365112305,9.739568710327148,3.353905439376831,14.751877784729004,2.7938504219055176,7.681088924407959,10.692957878112793,8.922266006469727,4.373526096343994,1.4492027759552002,41.00825119018555,18.080644607543945
expAE03,VUW_PISM2_s4,/Volumes/CrucialX8/computing/data/antarctica/ismip6_hackathon/ComputedScalarsHelene/expAE03/shelfmelt/computed_shelfmelt_AIS_VUW_PISM2_s4_expAE03.nc,48.1261100769043,13.3297700881958,16.951305389404297,76.65620422363281,43.981239318847656,0.7601968050003052,40.53022003173828,52.98402404785156,8.671772956848145,3.4078447818756104,16.082231521606445,2.6601762771606445,7.865328311920166,12.908056259155273,11.270709991455078,5.026129722595215,1.329572319984436,31.86580467224121,22.69043731689453
expAE04,DC_ISSM,/Volumes/CrucialX8/computing/data/antarctica/ismip6_hackathon/ComputedScalarsHelene/expAE04/shelfmelt/computed_shelfmelt_AIS_DC_ISSM_expAE04.nc,17.39226722717285,21.587766647338867,19.937196731567383,34.64292907714844,24.312320709228516,12.312625885009766,14.320317268371582,28.26535415649414,15.829792976379395,23.454448699951172,18.978755950927734,4.907655239105225,13.860828399658203,23.665353775024414,19.781827926635742,6.89863395690918,3.8427584171295166,17.609891891479492,21.132654190063477
expAE04,IGE_ElmerIce,/Volumes/CrucialX8/computing/data/antarctica/ismip6_hackathon/ComputedScalarsHelene/expAE04/shelfmelt/computed_shelfmelt_AIS_IGE_ElmerIce_expAE04.nc,9.276280403137207,4.573924541473389,11.592157363891602,15.127033233642578,6.120242118835449,1.9037466049194336,20.14421272277832,22.788938522338867,8.379427909851074,11.53232479095459,5.518588066101074,11.830222129821777,7.977421760559082,19.31711769104004,9.353901863098145,3.3432838916778564,11.872936248779297,12.196634292602539,5.864144325256348
expAE04,ILTS_SICOPOLIS,/Volumes/CrucialX8/computing/data/antarctica/ismip6_hackathon/ComputedScalarsHelene/expAE04/shelfmelt/computed_shelfmelt_AIS_ILTS_SICOPOLIS_expAE04.nc,56.25490951538086,36.64945983886719,42.73155212402344,62.4912109375,50.61283493041992,31.025772094726562,21.58740997314453,43.82963562011719,29.497047424316406,45.1417350769043,50.749847412109375,13.21536922454834,42.1942253112793,47.570648193359375,43.50551223754883,,,56.75936508178711,42.21907043457031
expAE04,LSCE_GRISLI2,/Volumes/CrucialX8/computing/data/antarctica/ismip6_hackathon/ComputedScalarsHelene/expAE04/shelfmelt/computed_shelfmelt_AIS_LSCE_GRISLI2_expAE04.nc,40.12342834472656,31.494455337524414,29.573204040527344,53.955810546875,43.853477478027344,29.243289947509766,20.608501434326172,40.78658676147461,20.939697265625,28.904335021972656,42.662742614746094,17.350221633911133,29.39570426940918,45.66034698486328,30.748319625854492,,,,33.40355682373047
expAE04,LSCE_GRISLI,/Volumes/CrucialX8/computing/data/antarctica/ismip6_hackathon/ComputedScalarsHelene/expAE04/shelfmelt/computed_shelfmelt_AIS_LSCE_GRISLI_expAE04.nc,37.705955505371094,31.488985061645508,29.65497398376465,49.10023880004883,45.42683792114258,,24.09195327758789,38.17359161376953,29.058977127075195,26.150400161743164,41.969417572021484,16.011032104492188,,34.35414123535156,29.836240768432617,,,43.27373504638672,35.728336334228516
expAE04,NCAR_CISM1,/Volumes/CrucialX8/computing/data/antarctica/ismip6_hackathon/ComputedScalarsHelene/expAE04/shelfmelt/computed_shelfmelt_AIS_NCAR_CISM1_expAE04.nc,13.631909370422363,24.476633071899414,17.335609436035156,18.227041244506836,26.115652084350586,12.801939964294434,12.04345703125,4.089262962341309,19.02688980102539,18.840229034423828,25.684141159057617,10.14047908782959,20.710041046142578,19.137996673583984,18.912187576293945,20.368106842041016,8.006256103515625,19.647361755371094,19.903667449951172
expAE04,NCAR_CISM2,/Volumes/CrucialX8/computing/data/antarctica/ismip6_hackathon/ComputedScalarsHelene/expAE04/shelfmelt/computed_shelfmelt_AIS_NCAR_CISM2_expAE04.nc,20.227060317993164,33.92109298706055,15.534884452819824,26.143009185791016,26.014745712280273,7.23037052154541,14.463286399841309,27.41231346130371,16.017345428466797,23.363405227661133,26.86733055114746,7.3790507316589355,13.732041358947754,19.348697662353516,17.183700561523438,5.385044097900391,3.4190378189086914,20.913166046142578,21.171329498291016
expAE04,NORCE_CISM2-MAR364-ERA-t1,/Volumes/CrucialX8/computing/data/antarctica/ismip6_hackathon/ComputedScalarsHelene/expAE04/shelfmelt/computed_shelfmelt_AIS_NORCE_CISM2-MAR364-ERA-t1_expAE04.nc,21.21822166442871,26.485515594482422,32.24872970581055,49.282047271728516,7.02454948425293,27.047327041625977,30.748098373413086,58.93709182739258,53.162628173828125,39.74604415893555,9.065438270568848,16.406892776489258,24.866558074951172,32.47549819946289,62.348445892333984,12.915013313293457,3.5282983779907227,14.119327545166016,11.795437812805176
expAE04,NORCE_CISM3-MAR364-ERA-t1-local,/Volumes/CrucialX8/computing/data/antarctica/ismip6_hackathon/ComputedScalarsHelene/expAE04/shelfmelt/computed_shelfmelt_AIS_NORCE_CISM3-MAR364-ERA-t1-local_expAE04.nc,6.4473042488098145,17.851116180419922,10.877938270568848,14.059062004089355,11.803001403808594,5.027752876281738,8.470455169677734,11.93112564086914,12.749274253845215,12.145109176635742,13.734902381896973,4.40272331237793,5.573389053344727,11.05469036102295,11.224793434143066,12.190983772277832,2.490510940551758,7.215742588043213,10.994894027709961
expAE04,NORCE_CISM3-MAR364-ERA-t1-nonlocal,/Volumes/CrucialX8/computing/data/antarctica/ismip6_hackathon/ComputedScalarsHelene/expAE04/shelfmelt/computed_shelfmelt_AIS_NORCE_CISM3-MAR364-ERA-t1-nonlocal_expAE04.nc,8.604252815246582,23.275434494018555,10.133167266845703,17.879764556884766,24.195615768432617,12.86471939086914,10.590593338012695,15.193745613098145,15.531134605407715,14.596953392028809,20.947771072387695,5.401876449584961,6.253134727478027,13.03564739227295,13.471306800842285,13.138587951660156,2.2168357372283936,7.06239652633667,17.922958374023438
expAE04,NORCE_CISM3-MAR364-ERA-t1,/Volumes/CrucialX8/computing/data/antarctica/ismip6_hackathon/ComputedScalarsHelene/expAE04/shelfmelt/computed_shelfmelt_AIS_NORCE_CISM3-MAR364-ERA-t1_expAE04.nc,13.876021385192871,9.042671203613281,16.87668228149414,43.799861907958984,6.408791542053223,4.080489158630371,24.36705207824707,40.63471221923828,20.5798282623291,28.07362937927246,7.549002170562744,8.558664321899414,7.557821750640869,18.22138786315918,30.94013023376465,7.476706504821777,2.282252311706543,10.860851287841797,8.948479652404785
expAE04,NORCE_CISM4-MAR364-ERA-t1-local,/Volumes/CrucialX8/computing/data/antarctica/ismip6_hackathon/ComputedScalarsHelene/expAE04/shelfmelt/computed_shelfmelt_AIS_NORCE_CISM4-MAR364-ERA-t1-local_expAE04.nc,3.2273828983306885,16.940256118774414,6.602061748504639,13.885787010192871,9.600743293762207,4.099725246429443,7.773588180541992,13.548547744750977,11.301043510437012,9.850262641906738,9.639702796936035,2.4436540603637695,3.1505374908447266,5.456303596496582,8.248029708862305,2.1988444328308105,1.6698977947235107,5.791780471801758,9.350533485412598
expAE04,NORCE_CISM4-MAR364-ERA-t1-nonlocal,/Volumes/CrucialX8/computing/data/antarctica/ismip6_hackathon/ComputedScalarsHelene/expAE04/shelfmelt/computed_shelfmelt_AIS_NORCE_CISM4-MAR364-ERA-t1-nonlocal_expAE04.nc,3.437227487564087,21.44504737854004,5.581670761108398,17.426054000854492,18.710065841674805,7.812986373901367,8.524882316589355,16.686704635620117,13.459199905395508,11.615039825439453,13.580171585083008,2.5213990211486816,3.271724224090576,6.0666327476501465,9.555731773376465,2.2240185737609863,1.265269160270691,5.590078830718994,14.39716911315918
expAE04,NORCE_CISM4-MAR364-ERA-t1,/Volumes/CrucialX8/computing/data/antarctica/ismip6_hackathon/ComputedScalarsHelene/expAE04/shelfmelt/computed_shelfmelt_AIS_NORCE_CISM4-MAR364-ERA-t1_expAE04.nc,4.539732933044434,10.382540702819824,5.797741413116455,26.0511531829834,5.526991844177246,4.641475677490234,8.843881607055664,22.609251022338867,5.063725471496582,13.894722938537598,5.851583003997803,2.989473342895508,3.233569383621216,6.392807960510254,9.654096603393555,4.93177604675293,1.3891150951385498,5.37436580657959,7.049001693725586
expAE04,NORCE_CISM4-MAR364-JRA-t1,/Volumes/CrucialX8/computing/data/antarctica/ismip6_hackathon/ComputedScalarsHelene/expAE04/shelfmelt/computed_shelfmelt_AIS_NORCE_CISM4-MAR364-JRA-t1_expAE04.nc,3.970552682876587,10.75967788696289,5.634631633758545,26.04494857788086,5.7431135177612305,4.351013660430908,8.613617897033691,23.579370498657227,5.288834095001221,12.503888130187988,6.092564105987549,2.8857779502868652,3.2132303714752197,8.381662368774414,9.534466743469238,5.215381622314453,1.6240699291229248,5.6052703857421875,7.2927703857421875
expAE04,NORCE_CISM5-MAR364-ERA-t1-local,/Volumes/CrucialX8/computing/data/antarctica/ismip6_hackathon/ComputedScalarsHelene/expAE04/shelfmelt/computed_shelfmelt_AIS_NORCE_CISM5-MAR364-ERA-t1-local_expAE04.nc,3.099663019180298,15.63524055480957,5.351261615753174,13.502923011779785,10.642176628112793,3.5380892753601074,3.4854736328125,16.366788864135742,9.376440048217773,7.2932209968566895,8.010903358459473,0.9368425607681274,3.5997252464294434,4.848876953125,6.465397357940674,1.5038764476776123,0.4439581632614136,3.594273090362549,9.027156829833984
expAE04,NORCE_CISM5-MAR364-ERA-t1-nonlocal,/Volumes/CrucialX8/computing/data/antarctica/ismip6_hackathon/ComputedScalarsHelene/expAE04/shelfmelt/computed_shelfmelt_AIS_NORCE_CISM5-MAR364-ERA-t1-nonlocal_expAE04.nc,3.9570581912994385,17.998023986816406,5.972052574157715,19.196504592895508,20.202491760253906,4.772755146026611,3.1897034645080566,13.650259971618652,16.27561378479004,8.13461685180664,11.132320404052734,0.9129780530929565,4.094250679016113,5.066134929656982,7.119211196899414,1.526318907737732,0.1507875770330429,3.812093496322632,12.645048141479492
expAE04,NORCE_CISM5-MAR364-ERA-t1,/Volumes/CrucialX8/computing/data/antarctica/ismip6_hackathon/ComputedScalarsHelene/expAE04/shelfmelt/computed_shelfmelt_AIS_NORCE_CISM5-MAR364-ERA-t1_expAE04.nc,3.646696090698242,8.055511474609375,5.371182441711426,16.10542106628418,5.741669178009033,3.066427707672119,2.8841166496276855,17.40101432800293,6.16522741317749,8.51736831665039,6.398042678833008,0.9892392754554749,3.496386766433716,4.300388813018799,6.047869682312012,1.4320168495178223,0.6928302049636841,2.650838613510132,6.413094997406006
expAE04,PIK_PISM,/Volumes/CrucialX8/computing/data/antarctica/ismip6_hackathon/ComputedScalarsHelene/expAE04/shelfmelt/computed_shelfmelt_AIS_PIK_PISM_expAE04.nc,14.814881324768066,24.220300674438477,20.20156478881836,20.428640365600586,18.286855697631836,20.337278366088867,29.37266731262207,27.91823387145996,28.874853134155273,21.965625762939453,12.702230453491211,11.29198169708252,13.806303977966309,29.52155876159668,21.648094177246094,10.676822662353516,10.414815902709961,9.737676620483398,18.413043975830078
expAE04,UCM_Yelmo,/Volumes/CrucialX8/computing/data/antarctica/ismip6_hackathon/ComputedScalarsHelene/expAE04/shelfmelt/computed_shelfmelt_AIS_UCM_Yelmo_expAE04.nc,6.359732627868652,26.389394760131836,19.069074630737305,22.629728317260742,33.68313217163086,14.771821022033691,9.99266529083252,15.0469331741333,21.30210304260254,22.45005226135254,30.75884246826172,4.157662868499756,7.834360122680664,15.593302726745605,10.969058990478516,2.93410062789917,12.16379165649414,17.163930892944336,22.070629119873047
expAE04,UCSD_ISSM,/Volumes/CrucialX8/computing/data/antarctica/ismip6_hackathon/ComputedScalarsHelene/expAE04/shelfmelt/computed_shelfmelt_AIS_UCSD_ISSM_expAE04.nc,25.409578323364258,1.5310635566711426,21.020301818847656,28.68431854248047,4.407852649688721,0.21934013068675995,14.395805358886719,17.998096466064453,1.0379246473312378,1.6732293367385864,1.655574917793274,2.300877809524536,17.067432403564453,6.963755130767822,4.51319694519043,1.5771305561065674,1.6027177572250366,22.81328582763672,5.098811626434326
expAE04,ULB_fETISh-KoriBU1,/Volumes/CrucialX8/computing/data/antarctica/ismip6_hackathon/ComputedScalarsHelene/expAE04/shelfmelt/computed_shelfmelt_AIS_ULB_fETISh-KoriBU1_expAE04.nc,5.531963348388672,2.0753700733184814,4.674219608306885,12.380400657653809,2.2745749950408936,1.1532821655273438,10.230307579040527,11.958672523498535,5.1284098625183105,6.297928810119629,2.4277472496032715,2.111649751663208,0.5108221769332886,5.235734462738037,8.156237602233887,3.3725674152374268,2.244748830795288,4.813275337219238,3.3225300312042236
expAE04,ULB_fETISh-KoriBU2,/Volumes/CrucialX8/computing/data/antarctica/ismip6_hackathon/ComputedScalarsHelene/expAE04/shelfmelt/computed_shelfmelt_AIS_ULB_fETISh-KoriBU2_expAE04.nc,10.619110107421875,27.23795509338379,6.305846214294434,30.468629837036133,32.311161041259766,12.474909782409668,9.806730270385742,15.490598678588867,17.38862419128418,10.521953582763672,18.491453170776367,2.108551502227783,1.3027664422988892,7.87267541885376,11.05867862701416,1.816393256187439,3.711613178253174,8.960026741027832,15.603682518005371
expAE04,UNN_Ua,/Volumes/CrucialX8/computing/data/antarctica/ismip6_hackathon/ComputedScalarsHelene/expAE04/shelfmelt/computed_shelfmelt_AIS_UNN_Ua_expAE04.nc,15.044588088989258,7.916707515716553,15.13737678527832,33.71464157104492,4.820937633514404,3.6601288318634033,12.779515266418457,30.598251342773438,9.850125312805176,14.333283424377441,8.596752166748047,3.8799185752868652,16.204545974731445,20.338499069213867,10.488524436950684,4.866189956665039,,5.268617630004883,7.400169849395752
expAE04,UTAS_ElmerIce,/Volumes/CrucialX8/computing/data/antarctica/ismip6_hackathon/ComputedScalarsHelene/expAE04/shelfmelt/computed_shelfmelt_AIS_UTAS_ElmerIce_expAE04.nc,23.35405158996582,23.92577362060547,21.921457290649414,39.80929946899414,30.01280403137207,6.926792144775391,13.866949081420898,31.415544509887695,17.357158660888672,21.873172760009766,26.92552375793457,7.870169639587402,24.8116397857666,24.702266693115234,21.60846710205078,9.763848304748535,18.28473472595215,27.899831771850586,21.96772003173828
expAE04,VUB_AISMPALEO,/Volumes/CrucialX8/computing/data/antarctica/ismip6_hackathon/ComputedScalarsHelene/expAE04/shelfmelt/computed_shelfmelt_AIS_VUB_AISMPALEO_expAE04.nc,,22.650850296020508,,,34.92321014404297,,,,28.432247161865234,,,,,,,,,,26.555891036987305
expAE04,VUW_PISM1,/Volumes/CrucialX8/computing/data/antarctica/ismip6_hackathon/ComputedScalarsHelene/expAE04/shelfmelt/computed_shelfmelt_AIS_VUW_PISM1_expAE04.nc,38.44670104980469,10.189403533935547,20.090808868408203,29.149614334106445,71.71500396728516,0.8178210258483887,37.59511184692383,57.24032974243164,9.4310941696167,3.568613290786743,15.849794387817383,7.910157680511475,11.01419734954834,10.505254745483398,11.76224422454834,1.568730115890503,2.9575490951538086,25.047077178955078,19.726903915405273
expAE04,VUW_PISM1_s1,/Volumes/CrucialX8/computing/data/antarctica/ismip6_hackathon/ComputedScalarsHelene/expAE04/shelfmelt/computed_shelfmelt_AIS_VUW_PISM1_s1_expAE04.nc,40.37680435180664,10.675251960754395,20.971729278564453,28.99831771850586,76.76361846923828,1.0701230764389038,39.76710891723633,56.8315544128418,10.817407608032227,3.9841887950897217,16.72941017150879,6.815100193023682,11.386857986450195,10.833199501037598,12.86864185333252,2.003960371017456,3.0209121704101562,26.829185485839844,20.672277450561523
expAE04,VUW_PISM1_s2,/Volumes/CrucialX8/computing/data/antarctica/ismip6_hackathon/ComputedScalarsHelene/expAE04/shelfmelt/computed_shelfmelt_AIS_VUW_PISM1_s2_expAE04.nc,35.28598403930664,9.803354263305664,20.263011932373047,27.382604598999023,70.07304382324219,0.9385476112365723,38.90848922729492,57.9664306640625,9.15966510772705,3.1465654373168945,16.3409366607666,6.723574638366699,10.109498977661133,8.260149002075195,11.383913040161133,1.9836021661758423,4.45723819732666,22.002086639404297,18.13393783569336
expAE04,VUW_PISM1_s3,/Volumes/CrucialX8/computing/data/antarctica/ismip6_hackathon/ComputedScalarsHelene/expAE04/shelfmelt/computed_shelfmelt_AIS_VUW_PISM1_s3_expAE04.nc,37.63936996459961,10.29794979095459,19.593482971191406,29.357450485229492,69.72737121582031,1.0009679794311523,38.91573715209961,59.102787017822266,9.715401649475098,3.2293572425842285,16.28954315185547,5.27754020690918,9.876299858093262,9.753578186035156,11.895857810974121,1.5158692598342896,2.881462812423706,22.22955894470215,18.303274154663086
expAE04,VUW_PISM1_s4,/Volumes/CrucialX8/computing/data/antarctica/ismip6_hackathon/ComputedScalarsHelene/expAE04/shelfmelt/computed_shelfmelt_AIS_VUW_PISM1_s4_expAE04.nc,37.708396911621094,10.16326904296875,19.997814178466797,30.983257293701172,70.11630249023438,0.9898785352706909,37.53871536254883,57.373130798339844,9.611912727355957,4.345604419708252,15.503414154052734,7.897775173187256,11.168827056884766,12.541257858276367,12.212257385253906,1.5321186780929565,2.517360210418701,25.924272537231445,20.4193058013916
expAE04,VUW_PISM2,/Volumes/CrucialX8/computing/data/antarctica/ismip6_hackathon/ComputedScalarsHelene/expAE04/shelfmelt/computed_shelfmelt_AIS_VUW_PISM2_expAE04.nc,43.62395477294922,10.505727767944336,20.83211898803711,30.92708969116211,61.24063491821289,0.7994185090065002,32.55183029174805,53.559303283691406,9.363883972167969,3.571648597717285,18.993074417114258,3.451334238052368,13.110257148742676,11.030789375305176,12.021991729736328,1.82420015335083,0.775151789188385,31.123262405395508,19.23708152770996
expAE04,VUW_PISM2_s1,/Volumes/CrucialX8/computing/data/antarctica/ismip6_hackathon/ComputedScalarsHelene/expAE04/shelfmelt/computed_shelfmelt_AIS_VUW_PISM2_s1_expAE04.nc,43.57632064819336,11.897066116333008,21.41243553161621,33.59307098388672,61.05180358886719,0.8297199606895447,33.025779724121094,54.20406723022461,9.602306365966797,3.513282537460327,19.095836639404297,3.066983938217163,12.679876327514648,13.744654655456543,12.481219291687012,2.103628158569336,0.9125669598579407,32.794124603271484,19.67821502685547
expAE04,VUW_PISM2_s2,/Volumes/CrucialX8/computing/data/antarctica/ismip6_hackathon/ComputedScalarsHelene/expAE04/shelfmelt/computed_shelfmelt_AIS_VUW_PISM2_s2_expAE04.nc,40.245155334472656,9.836864471435547,19.234237670898438,30.723241806030273,60.094757080078125,0.6034777760505676,32.513816833496094,52.922996520996094,8.530577659606934,3.1676039695739746,18.248165130615234,4.133234977722168,10.387625694274902,10.327411651611328,10.762413024902344,1.8602721691131592,0.9541828632354736,30.966205596923828,18.37185287475586
expAE04,VUW_PISM2_s3,/Volumes/CrucialX8/computing/data/antarctica/ismip6_hackathon/ComputedScalarsHelene/expAE04/shelfmelt/computed_shelfmelt_AIS_VUW_PISM2_s3_expAE04.nc,36.14140701293945,10.17290210723877,18.26494789123535,32.187904357910156,63.28695297241211,0.7679426074028015,33.00103759765625,54.16257858276367,9.136198043823242,3.6343884468078613,17.1480655670166,4.8668694496154785,13.255668640136719,10.575161933898926,10.859769821166992,1.7195757627487183,1.010758638381958,30.171886444091797,18.298789978027344
expAE04,VUW_PISM2_s4,/Volumes/CrucialX8/computing/data/antarctica/ismip6_hackathon/ComputedScalarsHelene/expAE04/shelfmelt/computed_shelfmelt_AIS_VUW_PISM2_s4_expAE04.nc,45.71949005126953,10.722318649291992,20.125450134277344,33.43560028076172,60.35603332519531,0.9623256325721741,33.182838439941406,54.9341926574707,8.933586120605469,3.4086248874664307,18.95633888244629,4.260991096496582,13.185271263122559,10.745734214782715,14.875737190246582,1.819237470626831,1.3110004663467407,31.871109008789062,19.791942596435547
expAE05,DC_ISSM,/Volumes/CrucialX8/computing/data/antarctica/ismip6_hackathon/ComputedScalarsHelene/expAE05/shelfmelt/computed_shelfmelt_AIS_DC_ISSM_expAE05.nc,14.601977348327637,22.769872665405273,28.036277770996094,29.743207931518555,11.2966947555542,12.791363716125488,19.209877014160156,26.319595336914062,19.677400588989258,13.376978874206543,9.582691192626953,4.696839332580566,8.436532974243164,19.49260902404785,13.810184478759766,3.7748472690582275,5.3797760009765625,3.9679532051086426,12.858610153198242
expAE05,IGE_ElmerIce,/Volumes/CrucialX8/computing/data/antarctica/ismip6_hackathon/ComputedScalarsHelene/expAE05/shelfmelt/computed_shelfmelt_AIS_IGE_ElmerIce_expAE05.nc,11.239741325378418,4.299211502075195,15.431108474731445,24.527631759643555,8.224266052246094,1.9944262504577637,36.34538650512695,37.33448791503906,25.83779525756836,13.579963684082031,8.365403175354004,11.68525505065918,12.052950859069824,25.2186279296875,14.928826332092285,3.037294626235962,8.799628257751465,14.745824813842773,7.732959270477295
expAE05,ILTS_SICOPOLIS,/Volumes/CrucialX8/computing/data/antarctica/ismip6_hackathon/ComputedScalarsHelene/expAE05/shelfmelt/computed_shelfmelt_AIS_ILTS_SICOPOLIS_expAE05.nc,91.6384048461914,72.17639923095703,85.23172760009766,61.21149826049805,15.364182472229004,55.42450714111328,43.428497314453125,48.25470733642578,36.13454818725586,30.24623680114746,13.108046531677246,22.991357803344727,24.114042282104492,51.18387222290039,35.62742233276367,3.2945475578308105,4.175832271575928,5.256521701812744,24.62537384033203
expAE05,LSCE_GRISLI2,/Volumes/CrucialX8/computing/data/antarctica/ismip6_hackathon/ComputedScalarsHelene/expAE05/shelfmelt/computed_shelfmelt_AIS_LSCE_GRISLI2_expAE05.nc,59.32724380493164,70.47391510009766,,47.81214904785156,26.962120056152344,,26.532276153564453,39.22636413574219,40.4640998840332,33.60404968261719,23.011558532714844,20.85238265991211,21.199243545532227,48.52968215942383,36.530643463134766,3.9814178943634033,5.455358028411865,5.369045734405518,31.754270553588867
expAE05,LSCE_GRISLI,/Volumes/CrucialX8/computing/data/antarctica/ismip6_hackathon/ComputedScalarsHelene/expAE05/shelfmelt/computed_shelfmelt_AIS_LSCE_GRISLI_expAE05.nc,,71.98773193359375,,58.80531311035156,33.4443473815918,,44.59439468383789,53.887908935546875,26.995502471923828,37.14643859863281,28.742910385131836,20.74351692199707,26.886640548706055,62.26363754272461,42.61464309692383,4.45431661605835,3.972348690032959,6.968802452087402,38.20932388305664
expAE05,NCAR_CISM1,/Volumes/CrucialX8/computing/data/antarctica/ismip6_hackathon/ComputedScalarsHelene/expAE05/shelfmelt/computed_shelfmelt_AIS_NCAR_CISM1_expAE05.nc,12.372735977172852,35.49228286743164,15.55182933807373,16.48348617553711,9.520395278930664,22.02718162536621,16.180692672729492,10.40101432800293,22.614627838134766,14.870699882507324,8.022771835327148,11.896309852600098,7.205783843994141,17.262361526489258,16.943025588989258,4.40564489364624,4.265454292297363,6.830519676208496,11.225802421569824
expAE05,NCAR_CISM2,/Volumes/CrucialX8/computing/data/antarctica/ismip6_hackathon/ComputedScalarsHelene/expAE05/shelfmelt/computed_shelfmelt_AIS_NCAR_CISM2_expAE05.nc,27.881784439086914,60.269187927246094,27.285085678100586,24.162607192993164,9.999917030334473,18.755661010742188,22.60231590270996,26.239213943481445,19.667821884155273,24.389368057250977,8.918846130371094,6.76820182800293,7.785091400146484,16.861839294433594,24.45833969116211,3.3234548568725586,4.431045055389404,6.150998115539551,15.425655364990234
expAE05,NORCE_CISM2-MAR364-ERA-t1,/Volumes/CrucialX8/computing/data/antarctica/ismip6_hackathon/ComputedScalarsHelene/expAE05/shelfmelt/computed_shelfmelt_AIS_NORCE_CISM2-MAR364-ERA-t1_expAE05.nc,15.07984447479248,34.326412200927734,5.12943172454834,29.92770004272461,8.910998344421387,28.663694381713867,25.27898597717285,35.168434143066406,11.863332748413086,9.968313217163086,7.800687789916992,8.818924903869629,5.419743537902832,20.513713836669922,31.93175506591797,5.616720676422119,3.9488844871520996,5.056641578674316,12.115889549255371
expAE05,NORCE_CISM3-MAR364-ERA-t1-local,/Volumes/CrucialX8/computing/data/antarctica/ismip6_hackathon/ComputedScalarsHelene/expAE05/shelfmelt/computed_shelfmelt_AIS_NORCE_CISM3-MAR364-ERA-t1-local_expAE05.nc,6.770968914031982,22.21573829650879,8.11815071105957,13.613381385803223,8.544548988342285,9.751702308654785,10.064539909362793,14.53877067565918,10.79332160949707,9.623931884765625,7.082972526550293,3.99424409866333,2.476623773574829,10.658245086669922,11.155387878417969,3.1782290935516357,2.956378698348999,3.558972120285034,8.839662551879883
expAE05,NORCE_CISM3-MAR364-ERA-t1-nonlocal,/Volumes/CrucialX8/computing/data/antarctica/ismip6_hackathon/ComputedScalarsHelene/expAE05/shelfmelt/computed_shelfmelt_AIS_NORCE_CISM3-MAR364-ERA-t1-nonlocal_expAE05.nc,6.651426315307617,27.319467544555664,10.036445617675781,16.69341468811035,9.528582572937012,16.267301559448242,12.84807300567627,16.857343673706055,17.47493553161621,12.532438278198242,8.74753475189209,4.59060525894165,2.851065158843994,12.549637794494629,12.682652473449707,3.172382116317749,4.381481647491455,3.7805726528167725,10.566010475158691
expAE05,NORCE_CISM3-MAR364-ERA-t1,/Volumes/CrucialX8/computing/data/antarctica/ismip6_hackathon/ComputedScalarsHelene/expAE05/shelfmelt/computed_shelfmelt_AIS_NORCE_CISM3-MAR364-ERA-t1_expAE05.nc,7.224698543548584,26.886995315551758,5.142427444458008,27.875307083129883,8.955686569213867,37.181514739990234,21.13535499572754,24.984840393066406,9.136661529541016,11.313753128051758,7.690564155578613,4.92526912689209,3.471968650817871,12.33867073059082,14.876670837402344,2.6785271167755127,3.1141600608825684,3.791049003601074,10.42496395111084
expAE05,NORCE_CISM4-MAR364-ERA-t1-local,/Volumes/CrucialX8/computing/data/antarctica/ismip6_hackathon/ComputedScalarsHelene/expAE05/shelfmelt/computed_shelfmelt_AIS_NORCE_CISM4-MAR364-ERA-t1-local_expAE05.nc,2.3091647624969482,16.723712921142578,6.7666730880737305,13.401166915893555,8.815757751464844,6.258550643920898,7.197987079620361,17.7054443359375,9.159465789794922,7.752074241638184,6.347451210021973,2.2496912479400635,1.4987120628356934,6.900125980377197,8.034906387329102,2.3589890003204346,3.0342371463775635,3.1811163425445557,8.184431076049805
expAE05,NORCE_CISM4-MAR364-ERA-t1-nonlocal,/Volumes/CrucialX8/computing/data/antarctica/ismip6_hackathon/ComputedScalarsHelene/expAE05/shelfmelt/computed_shelfmelt_AIS_NORCE_CISM4-MAR364-ERA-t1-nonlocal_expAE05.nc,2.505441188812256,20.423810958862305,6.066347122192383,15.881017684936523,9.866286277770996,9.096932411193848,8.682173728942871,18.829788208007812,11.834959030151367,9.711474418640137,7.950361728668213,2.4525222778320312,1.6125328540802002,6.048196792602539,8.919894218444824,2.192534923553467,3.4044675827026367,3.7003870010375977,9.569604873657227
expAE05,NORCE_CISM4-MAR364-ERA-t1,/Volumes/CrucialX8/computing/data/antarctica/ismip6_hackathon/ComputedScalarsHelene/expAE05/shelfmelt/computed_shelfmelt_AIS_NORCE_CISM4-MAR364-ERA-t1_expAE05.nc,3.037774085998535,15.772844314575195,3.1922447681427,20.24002456665039,8.444271087646484,5.5633158683776855,7.5071821212768555,19.389732360839844,5.9091362953186035,6.874562740325928,6.470585823059082,2.2886900901794434,1.6236225366592407,5.135921955108643,7.21747350692749,1.9098479747772217,1.9010876417160034,3.974365234375,7.664553642272949
expAE05,NORCE_CISM4-MAR364-JRA-t1,/Volumes/CrucialX8/computing/data/antarctica/ismip6_hackathon/ComputedScalarsHelene/expAE05/shelfmelt/computed_shelfmelt_AIS_NORCE_CISM4-MAR364-JRA-t1_expAE05.nc,3.0535566806793213,14.023295402526855,3.121903657913208,20.99445915222168,8.679123878479004,4.79702615737915,8.117877960205078,20.062484741210938,5.799740791320801,7.266725063323975,6.5568623542785645,2.256720781326294,1.591139793395996,7.480335235595703,7.084695816040039,1.9843641519546509,2.051309823989868,4.076953411102295,7.655220985412598
expAE05,NORCE_CISM5-MAR364-ERA-t1-local,/Volumes/CrucialX8/computing/data/antarctica/ismip6_hackathon/ComputedScalarsHelene/expAE05/shelfmelt/computed_shelfmelt_AIS_NORCE_CISM5-MAR364-ERA-t1-local_expAE05.nc,2.183988094329834,14.685327529907227,4.552547454833984,11.59575080871582,8.839245796203613,4.79580020904541,3.7682945728302,17.83732032775879,7.568274974822998,4.041487693786621,6.622129917144775,1.3077162504196167,2.2593328952789307,4.020195960998535,5.235798358917236,2.2810134887695312,1.5896142721176147,4.242412090301514,7.665530681610107
expAE05,NORCE_CISM5-MAR364-ERA-t1-nonlocal,/Volumes/CrucialX8/computing/data/antarctica/ismip6_hackathon/ComputedScalarsHelene/expAE05/shelfmelt/computed_shelfmelt_AIS_NORCE_CISM5-MAR364-ERA-t1-nonlocal_expAE05.nc,2.8167645931243896,17.55843734741211,5.496241569519043,17.99104118347168,9.416823387145996,6.221354007720947,3.6885294914245605,12.683098793029785,12.596609115600586,4.124810695648193,8.422279357910156,1.3399741649627686,2.339365243911743,3.932136297225952,5.40952730178833,2.1173806190490723,1.5541595220565796,4.016992092132568,8.55082893371582
expAE05,NORCE_CISM5-MAR364-ERA-t1,/Volumes/CrucialX8/computing/data/antarctica/ismip6_hackathon/ComputedScalarsHelene/expAE05/shelfmelt/computed_shelfmelt_AIS_NORCE_CISM5-MAR364-ERA-t1_expAE05.nc,4.575284481048584,6.593786716461182,3.0368266105651855,13.56143569946289,7.8419718742370605,2.4261863231658936,3.6483285427093506,8.916614532470703,5.4277729988098145,4.388548851013184,7.283450126647949,1.1841986179351807,2.295947790145874,3.026334762573242,5.1812520027160645,2.0900721549987793,1.6061241626739502,3.340790271759033,5.845310211181641
expAE05,PIK_PISM,/Volumes/CrucialX8/computing/data/antarctica/ismip6_hackathon/ComputedScalarsHelene/expAE05/shelfmelt/computed_shelfmelt_AIS_PIK_PISM_expAE05.nc,16.055912017822266,29.712390899658203,21.596635818481445,31.330652236938477,26.595775604248047,18.210281372070312,52.505401611328125,41.80198287963867,32.77645492553711,21.71689796447754,12.043253898620605,10.961718559265137,10.771218299865723,34.90775680541992,16.027774810791016,9.102911949157715,17.527353286743164,9.483197212219238,22.234619140625
expAE05,UCM_Yelmo,/Volumes/CrucialX8/computing/data/antarctica/ismip6_hackathon/ComputedScalarsHelene/expAE05/shelfmelt/computed_shelfmelt_AIS_UCM_Yelmo_expAE05.nc,6.748315334320068,33.86233139038086,28.587936401367188,25.350135803222656,14.215163230895996,18.765949249267578,9.117851257324219,13.623411178588867,25.261037826538086,12.037424087524414,11.022773742675781,4.7601423263549805,7.569331645965576,12.223978996276855,8.804030418395996,2.9943227767944336,3.917832136154175,3.2276880741119385,12.970479965209961
expAE05,UCSD_ISSM,/Volumes/CrucialX8/computing/data/antarctica/ismip6_hackathon/ComputedScalarsHelene/expAE05/shelfmelt/computed_shelfmelt_AIS_UCSD_ISSM_expAE05.nc,32.606056213378906,7.4172539710998535,38.22800827026367,19.29345703125,5.8357110023498535,0.5468446612358093,28.669479370117188,26.9822940826416,12.637762069702148,7.306440830230713,2.5849201679229736,2.8421437740325928,15.798977851867676,12.358099937438965,9.91935920715332,1.100095272064209,1.7598989009857178,30.765962600708008,8.84447956085205
expAE05,ULB_fETISh-KoriBU1,/Volumes/CrucialX8/computing/data/antarctica/ismip6_hackathon/ComputedScalarsHelene/expAE05/shelfmelt/computed_shelfmelt_AIS_ULB_fETISh-KoriBU1_expAE05.nc,6.370363235473633,2.2266476154327393,5.825831413269043,17.31718635559082,3.3721680641174316,0.684160053730011,22.514585494995117,18.622846603393555,13.805371284484863,5.581408977508545,4.093371868133545,1.909226655960083,0.4799797832965851,7.804901123046875,14.151185989379883,2.1074535846710205,0.527088463306427,5.1105875968933105,4.375844478607178
expAE05,ULB_fETISh-KoriBU2,/Volumes/CrucialX8/computing/data/antarctica/ismip6_hackathon/ComputedScalarsHelene/expAE05/shelfmelt/computed_shelfmelt_AIS_ULB_fETISh-KoriBU2_expAE05.nc,7.885128498077393,40.42807388305664,5.651909828186035,48.5832633972168,11.596810340881348,4.865159511566162,23.52470588684082,20.946537017822266,20.258752822875977,18.565332412719727,10.781249046325684,1.6345298290252686,1.6517791748046875,7.711811065673828,16.299787521362305,2.42575740814209,2.329174518585205,3.3489558696746826,15.250804901123047
expAE05,UNN_Ua,/Volumes/CrucialX8/computing/data/antarctica/ismip6_hackathon/ComputedScalarsHelene/expAE05/shelfmelt/computed_shelfmelt_AIS_UNN_Ua_expAE05.nc,7.8270087242126465,20.50074577331543,5.42538595199585,28.519330978393555,7.996701240539551,5.488496780395508,14.175549507141113,27.436616897583008,8.649900436401367,8.194807052612305,6.386649131774902,3.194288730621338,5.582252025604248,11.145536422729492,8.911694526672363,2.974045753479004,2.6824886798858643,2.666612148284912,8.907487869262695
expAE05,UTAS_ElmerIce,/Volumes/CrucialX8/computing/data/antarctica/ismip6_hackathon/ComputedScalarsHelene/expAE05/shelfmelt/computed_shelfmelt_AIS_UTAS_ElmerIce_expAE05.nc,24.449790954589844,36.627925872802734,30.24616241455078,40.293785095214844,8.819528579711914,20.889907836914062,16.61203384399414,38.41788101196289,17.556251525878906,14.240809440612793,6.524293422698975,8.848491668701172,11.075281143188477,25.757532119750977,17.014184951782227,2.587385892868042,2.5866641998291016,3.905924081802368,10.15848159790039
expAE05,VUB_AISMPALEO,/Volumes/CrucialX8/computing/data/antarctica/ismip6_hackathon/ComputedScalarsHelene/expAE05/shelfmelt/computed_shelfmelt_AIS_VUB_AISMPALEO_expAE05.nc,,,,,20.45451545715332,,,,33.29243087768555,,16.20252227783203,,,,0.898304283618927,,,,16.909944534301758
expAE05,VUW_PISM1,/Volumes/CrucialX8/computing/data/antarctica/ismip6_hackathon/ComputedScalarsHelene/expAE05/shelfmelt/computed_shelfmelt_AIS_VUW_PISM1_expAE05.nc,73.9491195678711,9.84158992767334,20.559463500976562,35.73509216308594,35.35891342163086,0.5262592434883118,53.18537902832031,69.06394958496094,10.073107719421387,2.691962718963623,14.2710599899292,7.2099289894104,8.247313499450684,10.158592224121094,11.042603492736816,5.355517864227295,1.0484349727630615,10.347214698791504,16.650354385375977
expAE05,VUW_PISM1_s1,/Volumes/CrucialX8/computing/data/antarctica/ismip6_hackathon/ComputedScalarsHelene/expAE05/shelfmelt/computed_shelfmelt_AIS_VUW_PISM1_s1_expAE05.nc,73.2127914428711,10.699080467224121,23.58330726623535,41.353607177734375,37.92621994018555,0.924982488155365,54.59413528442383,68.31492614746094,10.908892631530762,3.3378546237945557,14.030898094177246,8.131896018981934,8.3836669921875,8.871294021606445,11.923614501953125,4.205108642578125,1.1244497299194336,9.80770492553711,18.27161979675293
expAE05,VUW_PISM1_s2,/Volumes/CrucialX8/computing/data/antarctica/ismip6_hackathon/ComputedScalarsHelene/expAE05/shelfmelt/computed_shelfmelt_AIS_VUW_PISM1_s2_expAE05.nc,66.30496215820312,9.508563041687012,18.4560546875,34.871681213378906,33.628990173339844,0.7519771456718445,52.55377960205078,68.53467559814453,9.459999084472656,2.6394076347351074,14.31517505645752,7.699553966522217,6.756863594055176,10.169702529907227,10.740567207336426,4.909822463989258,1.1277803182601929,11.430585861206055,15.33287239074707
expAE05,VUW_PISM1_s3,/Volumes/CrucialX8/computing/data/antarctica/ismip6_hackathon/ComputedScalarsHelene/expAE05/shelfmelt/computed_shelfmelt_AIS_VUW_PISM1_s3_expAE05.nc,73.59256744384766,9.219523429870605,17.309589385986328,39.23430633544922,34.70539855957031,1.010535717010498,52.4889030456543,82.04166412353516,10.352904319763184,2.7032971382141113,13.353715896606445,6.573587417602539,6.414782524108887,9.298806190490723,11.213563919067383,4.761655330657959,0.8324840068817139,10.896729469299316,16.104907989501953
expAE05,VUW_PISM1_s4,/Volumes/CrucialX8/computing/data/antarctica/ismip6_hackathon/ComputedScalarsHelene/expAE05/shelfmelt/computed_shelfmelt_AIS_VUW_PISM1_s4_expAE05.nc,73.51342010498047,10.026113510131836,21.65691375732422,36.23574447631836,33.82248306274414,0.7629037499427795,51.5377082824707,74.38279724121094,9.83115291595459,2.970414876937866,14.680513381958008,8.00075626373291,8.642035484313965,7.6278839111328125,11.909595489501953,5.314541339874268,1.4163577556610107,10.280683517456055,16.4571590423584
expAE05,VUW_PISM2,/Volumes/CrucialX8/computing/data/antarctica/ismip6_hackathon/ComputedScalarsHelene/expAE05/shelfmelt/computed_shelfmelt_AIS_VUW_PISM2_expAE05.nc,66.63153839111328,12.0823974609375,16.263051986694336,42.58422088623047,38.285911560058594,0.5351517200469971,51.82795333862305,64.66464233398438,9.49574089050293,3.2320430278778076,14.219525337219238,2.4339380264282227,7.894693374633789,9.241800308227539,11.309516906738281,4.738004207611084,0.9330480694770813,9.284658432006836,18.696062088012695
expAE05,VUW_PISM2_s1,/Volumes/CrucialX8/computing/data/antarctica/ismip6_hackathon/ComputedScalarsHelene/expAE05/shelfmelt/computed_shelfmelt_AIS_VUW_PISM2_s1_expAE05.nc,69.620361328125,13.251925468444824,16.150426864624023,40.62324905395508,41.90913391113281,0.565660297870636,54.99882888793945,62.57526397705078,10.318567276000977,3.326388359069824,14.28388500213623,2.7899203300476074,9.69637680053711,14.957812309265137,9.980207443237305,4.664859294891357,1.151381492614746,9.657552719116211,20.052597045898438
expAE05,VUW_PISM2_s2,/Volumes/CrucialX8/computing/data/antarctica/ismip6_hackathon/ComputedScalarsHelene/expAE05/shelfmelt/computed_shelfmelt_AIS_VUW_PISM2_s2_expAE05.nc,64.73501586914062,11.186617851257324,16.350830078125,42.61627960205078,36.17158508300781,0.722545862197876,48.89745330810547,65.13736724853516,9.20716667175293,3.068143606185913,14.324342727661133,2.7184882164001465,7.284520626068115,15.238639831542969,9.968300819396973,4.863199234008789,1.3189618587493896,9.362130165100098,18.43187713623047
expAE05,VUW_PISM2_s3,/Volumes/CrucialX8/computing/data/antarctica/ismip6_hackathon/ComputedScalarsHelene/expAE05/shelfmelt/computed_shelfmelt_AIS_VUW_PISM2_s3_expAE05.nc,60.032711029052734,10.842608451843262,15.41217041015625,39.4580078125,37.55958557128906,0.7485848665237427,45.228878021240234,70.20903778076172,9.869510650634766,3.2177886962890625,13.892007827758789,3.7803683280944824,7.604999542236328,9.900565147399902,9.447492599487305,4.671892166137695,1.4234623908996582,8.917320251464844,17.349714279174805
expAE05,VUW_PISM2_s4,/Volumes/CrucialX8/computing/data/antarctica/ismip6_hackathon/ComputedScalarsHelene/expAE05/shelfmelt/computed_shelfmelt_AIS_VUW_PISM2_s4_expAE05.nc,65.39801788330078,12.33824634552002,14.64247989654541,43.304874420166016,38.494998931884766,0.7688723206520081,55.14994430541992,66.63719940185547,9.74162769317627,3.1837997436523438,14.62981128692627,3.5775787830352783,7.710203170776367,12.975187301635742,10.267218589782715,4.395619869232178,1.0725963115692139,9.16839599609375,19.206809997558594
