,Model,mean-error,method,parameterization,melt_sensetivity_AIS,melt_sensetivity_intercept_AIS,melt_sensetivity_Amundsen,melt_sensetivity_intercept_Amundsen,melt_sensetivity_Ross,melt_sensetivity_intercept_Ross,melt_sensetivity_Filchner_Ronne,melt_sensetivity_intercept_Filchner_Ronne,melt_sensetivity_WestAntarctica,melt_sensetivity_intercept_WestAntarctica,melt_sensetivity_EastAntarctica,melt_sensetivity_intercept_EastAntarctica,melt_sensetivity_Peninsula,melt_sensetivity_intercept_Peninsula
0,DC_ISSM,1.85352356627263,df_maxbmb,Quad. Non-local,0.2797964739167077,0.0609073230490058,0.28813206115945866,1.0540215288679597,0.33482171446287834,-0.18686395987308296,0.36738287165469763,-0.03847749411097987,0.3292512608998267,0.011837522045448776,0.31808768879222654,0.024221569828688796,0.11787109616381035,0.11724244925677979
1,IGE_ElmerIce,5.124111576636815,df_maxbmb,PICO,0.5551689956332516,0.24147438195151447,0.250568528003235,2.0811133504676684,0.737996294094226,-0.1962613762717933,0.6187887913979297,-0.3644268194115095,0.42281235765782377,0.355277500087465,0.8962060266627585,-0.030202446279638445,1.226678759808972,-0.583977768884922
2,ILTS_SICOPOLIS,2.712474510390716,df_maxbmb_2100,Quad. Non-local,0.7982525679367963,-0.36355964170909144,1.640232269851935,-0.30677721948746545,0.5168201289203637,-0.27105463370352806,0.6186692052481341,-0.3188776525982798,0.7411884093669311,-0.28046851564495084,0.7983595552304837,-0.33278727931092356,0.6219738966445163,-0.44994710362396795
3,LSCE_GRISLI2,3.4400191961140623,df_maxbmb_2100,Quad. Non-local,0.3729836736893768,-0.19182243772415936,0.756686249677009,-0.09880745385015628,0.2528287850383458,-0.14632050165131935,0.2967522463208608,-0.1592053743940514,0.3233945297052757,-0.13828155834649505,0.3625618967659886,-0.14751160850074976,0.3416321464091094,-0.308723055653126
4,LSCE_GRISLI,3.5088887319244786,df_maxbmb_2100,Quad. Non-local,0.39915673287421943,-0.22241682523494907,0.7905643834836958,-0.15472053802727884,0.2653644815452906,-0.15889070524668017,0.3101946063913861,-0.1679506442186574,0.32685992400125263,-0.15417694010562044,0.3603662282588796,-0.15107417196086298,0.27696567618073137,-0.23011065651194124
5,NCAR_CISM1,1.8945770378190474,df_maxbmb_2k,Quad. Non-local,0.5980764526307327,-0.2316476841267634,0.9987071439228623,-1.2063914345935265,0.682192080937775,-0.472126342329771,0.9503602958790813,-0.5699101814866748,0.6914329822736924,-0.30133280997038825,0.5841665998838406,-0.23688312623449398,0.3050444461765693,0.0919669612362331
6,NCAR_CISM2,1.7672171518778794,df_maxbmb,Quad. Local,1.2294615615939357,-0.40425761971689445,1.850483797749241,-1.6570875346213867,1.184411138455458,-0.3548356898639607,2.105905436028266,-0.9223825086733841,1.5689618805910528,-0.72860569258295,1.0911907070335873,-0.15960756283100497,0.3726452127964464,0.12426255078480826
7,NORCE_CISM2-MAR364-ERA-t1,3.6362970263457313,df_maxbmb,Quad. Non-local Slope,1.3348026689732795,-0.5539237999874702,2.690584643446377,-3.1652388581927573,1.619931649317596,-1.1272886960443067,3.41731581249537,-2.3427737745922315,1.827121747913325,-1.0375231073500988,1.4684881225700088,-0.5073784912511153,0.5184177811297505,-0.216420033567383
8,NORCE_CISM3-MAR364-ERA-t1-local,1.924736525523673,df_maxbmb_2k,Quad. Local,0.18492072861225325,-0.05733848424287842,0.1913507453048815,0.007064113550248295,0.23924371770346364,-0.11829937486513875,0.4021366684343787,-0.2337920395843792,0.2384627167339995,-0.08590317102524046,0.1769828603822714,-0.04771039308727765,0.14401887154287676,-0.055561386791965726
9,NORCE_CISM3-MAR364-ERA-t1-nonlocal,1.9994651291864238,df_maxbmb,Quad. Non-local,0.2195796166088146,-0.10987887993652355,0.2960780057641931,-0.20294211621157396,0.2546415681004158,-0.19100896336591328,0.3071789280298896,-0.1423073303448011,0.2744196299494923,-0.16584198700715108,0.20980980325657123,-0.07682672247228413,0.13257139564590523,-0.040841807520078724
10,NORCE_CISM3-MAR364-ERA-t1,2.6838373728480476,df_maxbmb,Quad. Non-local Slope,0.4178499848784871,-0.1558882352825961,1.0050218006172418,-1.1235214953941868,0.5015697408392928,-0.2962578011957774,0.9262462780960568,-0.37457292020953903,0.6003160459535579,-0.3479798314417809,0.41700244104947537,-0.09775857019597109,0.15986861913517805,-0.03307356183533505
11,NORCE_CISM4-MAR364-ERA-t1-local,1.7419115959190858,df_maxbmb,Quad. Local,0.04092674253019583,0.0017501539815268955,0.06006919762879412,-0.0035104691965612504,0.05595820501589442,-0.0341644779106101,0.07812679974275794,-0.0456561366490776,0.057785372996010324,-0.022747161113773347,0.040028682338972596,0.0036970520436714997,0.03717776671841168,0.014513533675391873
12,NORCE_CISM4-MAR364-ERA-t1-nonlocal,1.911044223969633,df_maxbmb,Quad. Non-local,0.04387236029758372,-0.00862140690755255,0.0791765336257959,-0.07075625949169807,0.05426341766403338,-0.0395277037852058,0.06905471773563293,-0.0533411092166081,0.05905695898508227,-0.03699977950943405,0.04311049938684047,-0.002640364425642075,0.035586300465836926,0.005788412817665051
13,NORCE_CISM4-MAR364-ERA-t1,2.5097329988615056,df_maxbmb,Quad. Non-local Slope,0.06653771479891155,-0.009301250858473201,0.1803903107490574,-0.23547334604024328,0.0983490298486896,-0.06691014407056464,0.16123447525528783,-0.08982542291143675,0.10359384323267243,-0.06098992734125862,0.0565654450185503,0.009050470213966301,0.022829182499374677,0.03318407299763834
14,NORCE_CISM4-MAR364-JRA-t1,2.528566594261718,df_maxbmb_2k,Quad. Non-local Slope,0.06372384852667007,-0.011164390981300726,0.15449067805594144,-0.17085951381209386,0.08768159403407523,-0.04894255393456445,0.17170934709456712,-0.09994098602485882,0.0730787412624708,-0.024123484277452624,0.0753480651895859,-0.011811055316490276,0.025610834164207927,0.03135308686846317
15,NORCE_CISM5-MAR364-ERA-t1-local,2.818140056959648,df_maxbmb,Quad. Local,0.0163137249494387,0.012017834474835277,0.018465883223719573,0.027762595951091748,0.038200399740451044,-0.016227043170622176,0.043577982149959726,-0.020085857063044475,0.0228436139794135,-0.00066197545516045,0.018381395821438124,0.010360379174012125,0.008918684267942574,0.03770875692697565
16,NORCE_CISM5-MAR364-ERA-t1-nonlocal,2.935128698542665,df_maxbmb_2k,Quad. Non-local,0.016427617843151276,0.006848904393432975,0.01378918162324665,0.02862772349689475,0.04054241984101008,-0.018860033723152723,0.034071971413266976,-0.0178999732980237,0.0181806268930436,0.0026258287469475,0.01938696497878395,0.00492575029477645,0.019305915708372975,0.017013377150144473
17,NORCE_CISM5-MAR364-ERA-t1,3.530240736737569,df_maxbmb,Quad. Non-local Slope,0.017022306382921223,0.014244472295110699,0.0284959395209043,0.00558026269659615,0.0627262081970472,-0.02176647422182015,0.05603355660773035,-0.013492690299620825,0.02825456947120173,-0.003106234600001925,0.015295079937342,0.01997359970295285,0.016335276097074074,0.0237276289404041
18,PIK_PISM,3.9194503692146623,df_maxbmb,PICO,0.20810180050448324,0.36962518035649317,0.05147733405921663,1.0819124508460103,0.4689298343831356,-0.030310158671418723,0.6413457830528964,-0.3128255268452605,0.29607805513088314,0.3884193071874111,0.19654351246669416,0.3235746328248662,0.012469975402449325,0.4229834352525309
19,UCM_Yelmo,2.6044483262867635,df_maxbmb_2k,Quad. Non-local,0.24826405524512013,-0.19172344436702474,0.6937285692149369,-1.124973012790334,0.17787426264801431,-0.09176452382238792,0.2386887758688272,-0.16691372785346614,0.2568986402815269,-0.21447241278267018,0.1847667278459405,-0.0913611707589618,0.18180859673185784,-0.18725333136427413
20,UCSD_ISSM,2.2234964917304896,df_maxbmb,PICOP,0.2652729965051517,-0.04053791805451407,0.2476843208738743,1.414518576597899,0.20221868349018957,-0.24077745140470277,0.20053836774070438,-0.21832765307662075,0.358012068763066,0.06506807932974572,0.24143913161573116,-0.14180530425940702,0.1217575039423672,0.18886911713393678
21,ULB_fETISh-KoriBU1,4.767574133166038,df_maxbmb,PICO,0.10190346209666372,0.13824232805466966,0.06652340105132397,0.7011947790754331,0.14031600071460104,-0.035513516942562474,0.24932012190036612,-0.1311039778177283,0.08027191017948877,0.22167456602814684,0.2637461490089287,0.0017557760087355003,0.045327671515285356,0.1074956357667337
22,ULB_fETISh-KoriBU2,2.13287240160528,df_maxbmb,Quad. Non-local,0.2371199621529814,-0.05624106907557482,0.5912708304243015,-0.023687600344275805,0.2964855729069831,-0.20118277819106783,0.3807533036671174,-0.2608170330348321,0.3584259461464274,-0.1386455455363269,0.21257313040940506,2.2263309914203472e-05,0.041194681365406376,0.030948366549626398
23,UNN_Ua,2.058586339845054,df_maxbmb,Quad. Local,0.5738934029008101,-0.14163513072779427,1.1114340557025815,-0.174110216478702,0.5388909619754876,-0.30373459678818054,0.7630939796144274,-0.45854749104657017,0.6517903685153965,-0.21630245460582362,0.6121881660905636,-0.21091333460501663,0.2509441614050254,-0.1336821752884792
24,UTAS_ElmerIce,1.907917342358056,df_maxbmb_2100,Quad. Local,1.0239138557453635,-0.4729867952378107,0.8630944363211157,1.4166913479359617,0.761858531638377,-0.35701284826180885,0.8532812579862676,-0.4028435041670488,0.9850825716428736,-0.2896699474585376,0.9981942142153101,-0.39960282194604285,0.5517643637435538,-0.3753753413523544
25,VUB_AISMPALEO,4.83817159083563,df_maxbmb_2100,Quad. Non-local,0.1880847400191813,-0.08467863911425685,0.16732952374671223,-0.1278681101962466,0.13358141754226655,-0.05823910653913135,0.1532407228316665,-0.08467941752358453,0.16821661954928377,-0.08324755917237711,0.18746001083032263,-0.07275141743818048,0.18596216412863764,-0.05375106939629175
26,VUW_PISM1,5.973716233149185,df_maxbmb,Lin,0.9956330884289812,-0.09405707108636946,1.5060042984901847,-1.0033594611289445,0.9663320350305816,-0.35513282165919136,1.7619622814237799,-0.4893355566894018,1.1146753441041517,-0.27720165733398994,1.3784888362098016,-0.27173772101024124,1.1257023529272148,-1.4501667201143957
27,VUW_PISM1_s1,4.892082170838028,df_maxbmb,Lin,0.5794561197442615,0.3467735102822655,1.653729311479674,-1.2693601909526746,0.9301067691183845,-0.29737927638839334,1.7410339526722636,-0.40841543802148056,1.0309041027940358,-0.15429555333467612,1.3988810459403103,-0.26394731342825745,0.8167361834234118,-0.8560950624821766
28,VUW_PISM1_s2,6.169695924307147,df_maxbmb,Lin,1.031661895168507,-0.16101358765534268,1.416344907944279,-0.8092574972392439,1.0361533258819762,-0.39257443694986605,1.7098945056926014,-0.46566685190126583,1.064700113260655,-0.22524486918441525,1.369253935417925,-0.27942042758327706,1.0342135383124342,-1.3392044953144056
29,VUW_PISM1_s3,6.174549036116438,df_maxbmb,Lin,1.3008007129569135,-0.43542127847619827,1.4629355401234525,-0.8255902218242961,0.9540323150714738,-0.386733733033251,1.759822340763523,-0.5113427684322438,1.064238543658156,-0.2192880626633483,1.404486054699703,-0.28788599466990694,0.9373915887759163,-1.0888174649264981
30,VUW_PISM1_s4,5.392130225122943,df_maxbmb,Lin,0.7806886277873282,0.1181554402971816,1.5759590051365104,-1.1471303515630256,1.0035716211548342,-0.3711209937142189,1.777880963025044,-0.49479360805553874,1.1102779661276352,-0.26018720304609866,1.3869536592245435,-0.27463952679601966,0.9903380811867464,-1.2468998349332912
31,VUW_PISM2,4.231306347101952,df_maxbmb,Lin,0.6360877145958151,0.26329239470748195,1.973874569959332,-2.0073069207104437,0.8239205398348468,-0.19623630619185384,1.626985841186079,-0.41969716566911835,1.1307611297556102,-0.2635111753739522,1.2821519521248494,-0.2084563555324877,0.9450667581455348,-1.1193137248799285
32,VUW_PISM2_s1,3.7353868915874258,df_maxbmb,Lin,0.6823797009189253,0.23214174406813462,1.9109118001960823,-1.846857101405963,0.8322593740059192,-0.20208560735980927,1.6399401732622318,-0.43136535091794703,1.3740526155189914,-0.6049301298581434,1.0354174421109548,0.016730679157668543,0.8061905439418149,-0.8443570298221865
33,VUW_PISM2_s2,4.857615781617008,df_maxbmb,Lin,0.831673947979531,0.018789838658634504,1.9811742988907546,-2.1292995661614484,1.0034748805075582,-0.35365522585014725,1.6270499978352562,-0.4199972633640317,1.293837949491945,-0.5472675595726426,1.2684907693178247,-0.20760419986761286,0.740510942255117,-0.7122544716032747
34,VUW_PISM2_s3,5.3064314885629855,df_maxbmb,Lin,1.0543557414371003,-0.19929602879099745,1.6868867219183008,-1.4011931705489182,1.003848615193174,-0.3866757702134118,1.6486460029305925,-0.4529105333968424,1.2085255197177829,-0.4082876758446793,1.3428397686300957,-0.2438124043929351,0.7698080460239218,-0.741289706974577
35,VUW_PISM2_s4,3.8648518954912814,df_maxbmb,Lin,0.6793533598438904,0.21314175775328378,2.012032616454148,-2.088369939494039,0.8253794702128396,-0.1938135860562996,1.6367308000684704,-0.42606912746124076,1.1745247176011857,-0.3243936706817445,1.0869728595982826,-0.03841446759528144,0.8409427210170768,-0.8890123240844449
