,Model,mean-error,method,parameterization,melt_sensetivity_AIS,melt_sensetivity_intercept_AIS,melt_sensetivity_Amundsen,melt_sensetivity_intercept_Amundsen,melt_sensetivity_Ross,melt_sensetivity_intercept_Ross,melt_sensetivity_FilchnerRonne,melt_sensetivity_intercept_FilchnerRonne,melt_sensetivity_WestAntarctica,melt_sensetivity_intercept_WestAntarctica,melt_sensetivity_EastAntarctica,melt_sensetivity_intercept_EastAntarctica,melt_sensetivity_Peninsula,melt_sensetivity_intercept_Peninsula
0,DC_ISSM,1.9590972039903807,df_maxbmb,Quad. Non-local,3.8959593745613557,-1.398918548337093,9.183322539347074,-1.5822753581924518,3.7205313708635317,-1.7015583453654695,4.748895851382706,-2.198766483136989,4.348726772395838,-1.9006537774297285,4.213585823684133,-1.4792114867067432,1.8186097536268861,-0.3142514082752284
1,IGE_ElmerIce,2.9657074678921935,df_maxbmb,PICO,2.11039583317957,0.29622360184021546,2.831166622838139,9.863158707008296,1.744726914656821,-0.4222621209092971,2.0383700387148633,-1.1956532913196165,1.6910654692008715,0.27698737170435594,2.8725381356034623,-0.18410857239060674,4.932470291520098,-1.3614495270510552
2,ILTS_SICOPOLIS,2.761296020643575,df_maxbmb_2k,Quad. Non-local,5.297963744025406,-1.956685782792112,12.734657139584161,-0.7602241526886133,3.574501766120789,-1.451954269503866,5.267966478719219,-2.5938359093197416,5.262304843601811,-1.8459084521143585,5.07994388950021,-1.7455126680776785,3.4829759892038794,-1.4781056015685055
3,LSCE_GRISLI2,3.233606618427868,df_maxbmb_2100,Quad. Non-local,5.947404444135865,-2.765165723678235,12.105474525656861,-1.5737394344649305,3.9193173631021896,-1.7506114734004943,5.475568537997287,-2.567570170319182,5.6486052599015935,-2.55048446485866,5.641786097897815,-2.2522509367153507,4.520817601960454,-3.2698632096666223
4,LSCE_GRISLI,3.3985826305363465,df_maxbmb_2100,Quad. Non-local,6.10666335210274,-2.9003444036343353,12.65779391203042,-2.433292690790916,3.930029019976411,-1.7695651855543437,5.561222945682169,-2.6078988314900906,5.732382847622333,-2.6790519736245972,5.717829602404075,-2.309374665812194,4.130934514301975,-2.9082154164617995
5,NCAR_CISM1,2.3010103064939256,df_maxbmb_2k,Quad. Non-local,4.28164932255095,-1.6863882097220804,5.717033609048201,-6.741589668992116,3.1529828209906614,-1.302096906587068,4.7838037604398345,-2.4783970611194652,4.473627139247082,-1.9434886692071176,4.243671551206092,-1.5966072511579363,2.0480203040811085,0.5464054053847
6,NCAR_CISM2,2.6029646660199117,df_maxbmb_2k,Quad. Local,6.1478756398008585,-2.1384300243701935,7.597749656867764,-2.6895259853474576,4.204204528812352,-1.254058613893494,7.186804910389023,-2.8302205844828108,6.507815923443411,-2.319541350356088,6.134695285552038,-1.9470565786458671,2.77585222496844,-0.4378186229242925
7,NORCE_CISM2-MAR364-ERA-t1,4.299750857866553,df_maxbmb_2k,Quad. Non-local Slope,5.163647513224424,-2.4066842129110744,9.60782578971458,-7.581896921975904,1.9329149509917471,-0.7826673277495406,6.097992410471301,-3.9557129980161956,5.214456228668412,-2.647558414905452,5.4094195279180095,-2.233243974134985,3.0580809964004794,-1.1907775833934933
8,NORCE_CISM3-MAR364-ERA-t1-local,2.437814096983143,df_maxbmb_2k,Quad. Local,3.880806279306519,-1.3850359137581807,3.7556397115155855,-1.3100941011191147,3.0183157976257364,-0.9162472126123644,4.714712148301082,-2.0924136895944367,4.250862587938548,-1.6595393762260975,3.7217682042084994,-1.1692451329868014,2.3473448303311546,-0.6588520584787878
9,NORCE_CISM3-MAR364-ERA-t1-nonlocal,2.1671256855999284,df_maxbmb_2k,Quad. Non-local,4.038874829213242,-1.3149136544498101,4.557420003847262,-2.3326855755331177,3.3809040737670175,-0.998022611462257,4.730728735869029,-1.905327829983241,4.431299376798983,-1.5990520398445698,3.9425285186860064,-1.1373087686949013,2.6283386742389623,-0.6911429143214928
10,NORCE_CISM3-MAR364-ERA-t1,3.7914710057230905,df_maxbmb_2k,Quad. Non-local Slope,4.173235075867272,-1.7267854520610129,7.9255228865727805,-4.648358719967483,1.818977680903642,-0.6096743825399276,4.9336941529268055,-3.1731610545370224,4.198058959370945,-2.0042479972060625,4.598801335759534,-1.6604705085214346,2.2361484076502065,-0.5005905916367617
11,NORCE_CISM4-MAR364-ERA-t1-local,2.293738288245666,df_maxbmb,Quad. Local,3.636803332385903,-0.8757813990725938,3.5969862511594712,0.44244499771215096,3.7110826959309984,-1.2636581009843466,4.866619321441503,-2.0915317839510035,3.7320852361273946,-0.9737777170822708,3.531737498705558,-0.6475362560895381,1.3791240393471376,0.5178108273220002
12,NORCE_CISM4-MAR364-ERA-t1-nonlocal,1.8702616634289997,df_maxbmb_2k,Quad. Non-local,3.663866656805243,-0.8971038926613513,3.6305847756929577,0.38406325636405136,3.1832974975115826,-0.9631987422746972,4.394961939715054,-1.809575522589222,3.955082537917228,-1.1916221864894943,3.754948422603746,-0.7757109468447354,1.4090354332000103,0.5411479082415048
13,NORCE_CISM4-MAR364-ERA-t1,3.111033702228393,df_maxbmb_2k,Quad. Non-local Slope,3.178862568436684,-1.0483706401220176,4.375988612013096,-0.6176342186651356,1.5899066547823095,-0.48570513929791526,3.79775152890648,-2.1920422940951694,3.132235372087935,-1.3008628055279026,3.5341940168682506,-0.9744577089533102,0.9688514584116674,0.6633898853353961
14,NORCE_CISM4-MAR364-JRA-t1,3.085652857687358,df_maxbmb_2k,Quad. Non-local Slope,3.2091415319954386,-1.0323988053739843,4.396734203801504,-0.5863852437028787,1.5016308105190368,-0.41319594831546796,3.906280843656578,-2.1877490535043234,3.1755516964932626,-1.2774253568426408,3.5524203566088306,-0.972818114556134,0.9745706042139684,0.7279632935942756
15,NORCE_CISM5-MAR364-ERA-t1-local,2.478445749452621,df_maxbmb,Quad. Local,2.782640231111349,-0.19513175014593973,2.056183542839328,2.521652873827734,3.6194780035750553,-1.1818870058079938,4.534216211196564,-1.6656633020341935,3.277007055992459,-0.5510257768687278,3.027390043869347,-0.245938927966601,0.711172177112462,0.9970985518830218
16,NORCE_CISM5-MAR364-ERA-t1-nonlocal,2.0483176426693444,df_maxbmb,Quad. Non-local,2.9034669157548887,-0.23838520658058915,2.961624379485089,2.215577890335694,3.9237139424673058,-1.3954403822364096,4.7424973113446764,-1.6838104794320614,3.2647737300479043,-0.5096424915071281,3.189339986598678,-0.21455388332488856,1.019914197085241,0.7120850688823286
17,NORCE_CISM5-MAR364-ERA-t1,2.3896857917833842,df_maxbmb_2k,Quad. Non-local Slope,2.0828091441735017,-0.2400216643785863,2.8242656921704707,2.27312663033851,1.2978981347379133,-0.29857908368615027,2.7950736203358355,-1.3143360825788437,2.215504402218403,-0.4969236618210641,2.242726681963209,-0.1458093104819277,0.6004709101142764,0.9596436062068805
18,PIK_PISM,3.4654807879202267,df_maxbmb_2100,PICO,3.524566989847547,-0.33926238276130183,11.130462174250281,1.8446750844129616,1.588760057090535,-0.18856872924085488,2.2394131660276866,-0.61066600366256,3.9386731389222005,-0.9870508449404003,3.6801138368934914,-0.3324756973604842,6.6446314560967945,0.0500053967795363
19,UCM_Yelmo,4.113977526527363,df_maxbmb_2k,Quad. Non-local,3.4212157621401253,-2.6483492503125805,5.999634295528874,-6.316791289632207,2.0779476605961635,-0.8579154372223192,2.647382917849514,-0.9687833147858949,3.0184558352665167,-2.45594553788317,3.04432813593086,-1.4418285599918448,1.3789898861813046,-1.176066902429392
20,UCSD_ISSM,2.213739220126595,df_maxbmb,PICOP,1.9127538260785062,-0.06891698186907247,0.7813625744573983,24.890822469470084,0.6605094212565376,-0.581140663883621,1.2295667517610354,-0.9360289765680389,2.104725476248281,0.08924426344675251,1.4729371480397577,-0.6133736574546196,2.0670781136829346,4.055783502302554
21,ULB_fETISh-KoriBU1,7.427466591313506,df_maxbmb_2k,PICO,1.7384242711118134,0.5243491864675082,4.340303977580984,7.508115160460047,0.3582501532492169,0.05127470985405416,1.7137762157053007,-0.7402465093850678,1.2390929790163612,0.9260364625410549,2.722361668670695,-0.09034398125954968,2.559535503737696,0.2920809608323612
22,ULB_fETISh-KoriBU2,2.34496905464866,df_maxbmb,Quad. Non-local,4.6011018398087185,-1.4554621407862278,11.668598327645821,-3.4727237797207904,4.141378359845237,-1.8030263156381277,5.189339497315032,-2.1609046876856515,6.683901500372435,-3.1904020755680924,4.292949556041849,-1.2172671162078956,0.7323417376350964,0.4093793162782364
23,UNN_Ua,2.619616478176695,df_maxbmb,Quad. Local,3.9269167155132885,-1.2412069434634947,10.998066855672215,-4.269584373213048,3.6169716951442545,-1.5838179037043127,5.093951957665483,-2.4634047376252397,4.863319845567197,-2.2174074348234245,3.990213435113816,-1.3040781739330665,1.6717508955441918,-0.4424444467884004
24,UTAS_ElmerIce,2.3844094334406742,df_maxbmb,Quad. Local,4.576680383511206,-1.8415347996813316,9.313538589339743,0.7064380444732792,3.4815523014393683,-1.4001278200056044,5.010424258054162,-2.402330737209012,4.6716143678991475,-1.7425289726346571,4.424661003768408,-1.6328448749692324,2.5983805999895457,-1.3459861732291225
25,VUB_AISMPALEO,4.046136501380892,df_maxbmb_2100,Quad. Non-local,5.108774350828426,-2.397697619555238,2.029030824366777,-1.5758493861503888,4.382199280592375,-1.9517973531983452,4.245703298417757,-2.2155704048387523,5.2499901730623035,-2.750551614296313,4.745574295326591,-1.9332902842162019,4.853554643012355,-1.5919847377872327
26,VUW_PISM1,9.66334226046239,df_maxbmb_2100,Lin,20.239422306251907,-8.35399793003332,13.818902715959922,-8.86625876866514,10.023539832974068,-2.807618321056008,18.300260921272308,-3.417588975916587,15.3090117474934,-5.156725685723968,19.91201482372644,-6.338246038066072,9.75976245178011,-8.954858451470544
27,VUW_PISM1_s1,9.72799243955008,df_maxbmb_2100,Lin,21.93375810266477,-9.088435212631216,14.991803025189006,-10.018401413744835,10.972687269632344,-3.3054525609390732,19.879882811651644,-2.9970949066060917,14.650908271837272,-4.370236586857852,22.328212350469727,-7.260017692409498,6.261788112476971,-4.704829761770199
28,VUW_PISM1_s2,9.628095984762211,df_maxbmb_2100,Lin,20.153472588359776,-8.379551080993515,13.020984341455968,-7.982841397263993,10.079746623533897,-2.838967924254219,18.325498782295053,-3.4667157113193,15.239380955915543,-5.113826560306041,19.828800594656585,-6.434452008511962,9.32093700979138,-8.463428296357288
29,VUW_PISM1_s3,9.743145756777064,df_maxbmb_2100,Lin,20.197029380299156,-8.40816073018487,13.937738716503484,-8.95419844936292,9.957035813888332,-2.893938399087263,18.495901045881993,-3.6703587655323284,15.079040651678174,-5.1535326944052535,20.152900150705122,-6.426820385831485,9.85696423701465,-9.077647984332055
30,VUW_PISM1_s4,9.667760494963106,df_maxbmb_2100,Lin,20.31733266966359,-8.382945982723541,13.710916566565313,-8.687103799558171,10.10769134583003,-2.8348730271369997,18.5881910907818,-3.54965734141918,15.460110799142527,-5.233205636268126,19.943334077934246,-6.34221720875072,9.678308577861793,-8.862845446782655
31,VUW_PISM2,8.19337393428982,df_maxbmb_2100,Lin,15.855294890159241,-5.376102139746853,14.039431191968081,-9.018659179019668,10.38029245295219,-2.945573581258654,19.470529751853174,-4.344698639274668,13.353791155178863,-3.6727680965622085,19.564695147374316,-6.10754580871251,10.390274556297207,-9.513682055139709
32,VUW_PISM2_s1,7.79035627101473,df_maxbmb_2100,Lin,16.09638334306848,-5.425742869183406,13.771195300742033,-8.727458110236304,10.448919499980697,-2.9649728699029514,19.64770165357257,-4.464723624291499,13.463601118881778,-3.7338332150842235,20.184262060173943,-6.2193370044904785,7.998477791255526,-6.15889962899619
33,VUW_PISM2_s2,8.790687095403717,df_maxbmb_2100,Lin,19.603781580453322,-8.075231166231623,13.42322564829511,-8.686472316564142,10.304234499153008,-2.9136378156109806,19.24613933005044,-4.216643639219376,13.129007312882194,-3.5278587949038402,19.483361288583858,-6.175201283861438,10.338796860290799,-9.5265352426922
34,VUW_PISM2_s3,9.184935113799085,df_maxbmb_2100,Lin,19.802163000912792,-8.178524692630386,13.897126187802025,-8.835893352444074,10.386352254696964,-3.0320345943449984,19.5169302143041,-4.490288535943352,14.850856968185717,-4.966710154130733,20.123751690647943,-6.364428637033293,10.40336147409364,-9.579452994468467
35,VUW_PISM2_s4,7.602408264886361,df_maxbmb,Lin,15.166706070003677,-4.774861608551607,15.824245458184997,-14.57498987526114,10.543817399404848,-3.0025891373986466,19.639480225022925,-4.446211235408026,8.487093827594508,0.6041983596071825,19.74581860378361,-6.167845533607935,9.243222427749222,-8.396062887238909
