Experiment,Model,Path,sector_1,sector_2,sector_3,sector_4,sector_5,sector_6,sector_7,sector_8,sector_9,sector_10,sector_11,sector_12,sector_13,sector_14,sector_15,sector_16,sector_17,sector_18,region_1,region_2,region_3,AIS
expAE02,DC_ISSM,/Volumes/CrucialX8/computing/data/antarctica/ismip6_hackathon/ComputedScalarsHelene/expAE02/shelfmelt/computed_shelfmelt_AIS_DC_ISSM_expAE02.nc,463.6160583496094,3823.42724609375,1147.694580078125,3532.236572265625,22649.646484375,241.92637634277344,902.6729736328125,5377.361328125,1518.880126953125,3032.904052734375,11551.111328125,66.10224914550781,201.88975524902344,2393.286865234375,1233.45166015625,129.3987274169922,-1256.3770751953125,1690.043701171875,31616.611328125,26519.314453125,563.0661010742188,58699.48828125
expAE02,IGE_ElmerIce,/Volumes/CrucialX8/computing/data/antarctica/ismip6_hackathon/ComputedScalarsHelene/expAE02/shelfmelt/computed_shelfmelt_AIS_IGE_ElmerIce_expAE02.nc,520.2886962890625,1266.8507080078125,1712.1151123046875,2200.516357421875,12294.8583984375,-1.7546987533569336,1031.3284912109375,6508.1552734375,2131.02197265625,3070.24169921875,4461.21630859375,221.05831909179688,346.9769592285156,1098.688232421875,2507.391845703125,184.31298828125,-1422.754150390625,1479.614990234375,17994.640625,21374.10546875,241.17324829101562,39780.21484375
expAE02,ILTS_SICOPOLIS,/Volumes/CrucialX8/computing/data/antarctica/ismip6_hackathon/ComputedScalarsHelene/expAE02/shelfmelt/computed_shelfmelt_AIS_ILTS_SICOPOLIS_expAE02.nc,3264.49658203125,21819.662109375,7068.55078125,33788.546875,130396.1328125,1420.6005859375,1470.71728515625,23233.12109375,10401.1748046875,18784.044921875,46200.6640625,60.748497009277344,964.4119873046875,13096.8994140625,10108.9306640625,54.64570999145508,298.388671875,6080.63818359375,196337.390625,125741.3203125,6433.671875,328512.1875
expAE02,LSCE_GRISLI2,/Volumes/CrucialX8/computing/data/antarctica/ismip6_hackathon/ComputedScalarsHelene/expAE02/shelfmelt/computed_shelfmelt_AIS_LSCE_GRISLI2_expAE02.nc,406.1259460449219,15010.79296875,1158.3262939453125,1163.7647705078125,33990.4140625,-229.60067749023438,499.90643310546875,3096.628173828125,5040.6767578125,3306.27685546875,2459.543701171875,349.6324157714844,874.080810546875,-302.51129150390625,1404.9794921875,316.66363525390625,-2026.6396484375,736.269287109375,51729.4453125,16499.595703125,-973.707275390625,67255.375
expAE02,LSCE_GRISLI,/Volumes/CrucialX8/computing/data/antarctica/ismip6_hackathon/ComputedScalarsHelene/expAE02/shelfmelt/computed_shelfmelt_AIS_LSCE_GRISLI_expAE02.nc,1406.6270751953125,33374.4453125,3095.191162109375,11315.626953125,55171.796875,964.7987670898438,1668.655517578125,14970.59765625,9188.1875,13264.0390625,11457.0791015625,985.0106201171875,5746.20947265625,3898.23583984375,3984.271240234375,830.3133544921875,2504.560791015625,5062.83984375,104363.6953125,66127.1953125,8397.7158203125,178888.390625
expAE02,NCAR_CISM1,/Volumes/CrucialX8/computing/data/antarctica/ismip6_hackathon/ComputedScalarsHelene/expAE02/shelfmelt/computed_shelfmelt_AIS_NCAR_CISM1_expAE02.nc,1197.3367919921875,3541.525390625,2156.14892578125,565.9957275390625,27941.3359375,535.690185546875,521.2716674804688,-14.426260948181152,1948.9334716796875,3710.349609375,12206.8505859375,681.3488159179688,1547.8629150390625,529.8284912109375,1851.7926025390625,962.4498901367188,-1722.5313720703125,2872.7451171875,35402.34765625,23519.490234375,2112.6630859375,61029.625
expAE02,NCAR_CISM2,/Volumes/CrucialX8/computing/data/antarctica/ismip6_hackathon/ComputedScalarsHelene/expAE02/shelfmelt/computed_shelfmelt_AIS_NCAR_CISM2_expAE02.nc,4338.45361328125,20307.986328125,4358.6943359375,15313.169921875,59952.93359375,1344.0836181640625,1343.2001953125,8481.80078125,7800.37841796875,11754.5126953125,34962.16796875,410.517333984375,540.6206665039062,5092.28564453125,4226.77587890625,622.7384033203125,838.2096557617188,5537.0224609375,104271.234375,75956.359375,6997.97216796875,187195.546875
expAE02,NORCE_CISM2-MAR364-ERA-t1,/Volumes/CrucialX8/computing/data/antarctica/ismip6_hackathon/ComputedScalarsHelene/expAE02/shelfmelt/computed_shelfmelt_AIS_NORCE_CISM2-MAR364-ERA-t1_expAE02.nc,1827.40185546875,9943.8740234375,4572.578125,11424.486328125,63539.25,2584.346435546875,2764.571533203125,11467.6240234375,8422.73828125,6169.69775390625,37111.0078125,1077.9166259765625,1790.93359375,4062.08642578125,4034.42822265625,1022.4320068359375,-2002.7545166015625,5299.18359375,91307.6015625,79485.203125,4318.86181640625,175132.140625
expAE02,NORCE_CISM3-MAR364-ERA-t1-local,/Volumes/CrucialX8/computing/data/antarctica/ismip6_hackathon/ComputedScalarsHelene/expAE02/shelfmelt/computed_shelfmelt_AIS_NORCE_CISM3-MAR364-ERA-t1-local_expAE02.nc,1581.929443359375,8949.271484375,2638.755615234375,3345.56103515625,30224.9453125,1627.429443359375,881.6713256835938,2528.932373046875,4143.9814453125,3319.052734375,15527.0048828125,999.1500244140625,1584.572021484375,1994.0660400390625,2341.147216796875,1074.5927734375,-2032.2576904296875,4519.1650390625,46740.453125,34947.09375,3561.500244140625,85241.8984375
expAE02,NORCE_CISM3-MAR364-ERA-t1-nonlocal,/Volumes/CrucialX8/computing/data/antarctica/ismip6_hackathon/ComputedScalarsHelene/expAE02/shelfmelt/computed_shelfmelt_AIS_NORCE_CISM3-MAR364-ERA-t1-nonlocal_expAE02.nc,1470.7535400390625,8737.23046875,3030.201416015625,3507.329833984375,25554.5390625,1816.8084716796875,1061.4547119140625,2294.132568359375,3719.668701171875,3443.992919921875,12433.5458984375,983.6119384765625,1560.412841796875,1829.7476806640625,2156.98193359375,1027.9599609375,-1992.9853515625,4813.2548828125,42300.03515625,31300.193359375,3848.231689453125,77473.359375
expAE02,NORCE_CISM3-MAR364-ERA-t1,/Volumes/CrucialX8/computing/data/antarctica/ismip6_hackathon/ComputedScalarsHelene/expAE02/shelfmelt/computed_shelfmelt_AIS_NORCE_CISM3-MAR364-ERA-t1_expAE02.nc,2481.78564453125,10206.6708984375,4534.94189453125,17723.021484375,59505.7734375,2054.76904296875,3074.29638671875,10690.7216796875,10414.1142578125,5626.61279296875,34553.109375,934.3651733398438,1595.36328125,5457.92041015625,3528.036376953125,993.6237182617188,-1956.020751953125,4360.47119140625,94452.1796875,77929.484375,3398.076416015625,175796.125
expAE02,NORCE_CISM4-MAR364-ERA-t1-local,/Volumes/CrucialX8/computing/data/antarctica/ismip6_hackathon/ComputedScalarsHelene/expAE02/shelfmelt/computed_shelfmelt_AIS_NORCE_CISM4-MAR364-ERA-t1-local_expAE02.nc,1572.34912109375,9189.8271484375,3728.66650390625,5741.8291015625,38800.89453125,2058.070068359375,1321.9859619140625,4568.197265625,5407.59375,4214.5810546875,16729.3671875,915.1165161132812,1681.4534912109375,3652.720458984375,2701.47119140625,828.068115234375,-1893.05810546875,3120.4716796875,59033.57421875,43250.33203125,2055.48193359375,104302.3046875
expAE02,NORCE_CISM4-MAR364-ERA-t1-nonlocal,/Volumes/CrucialX8/computing/data/antarctica/ismip6_hackathon/ComputedScalarsHelene/expAE02/shelfmelt/computed_shelfmelt_AIS_NORCE_CISM4-MAR364-ERA-t1-nonlocal_expAE02.nc,1638.3865966796875,7517.66650390625,3881.92919921875,5167.2939453125,31741.173828125,2396.79345703125,1612.2950439453125,4222.97412109375,5162.7197265625,3611.1064453125,13676.287109375,932.779541015625,1721.704345703125,3322.567138671875,2354.282958984375,839.3338012695312,-1918.67236328125,3364.907470703125,49946.45703125,39013.48828125,2285.568359375,91252.1015625
expAE02,NORCE_CISM4-MAR364-ERA-t1,/Volumes/CrucialX8/computing/data/antarctica/ismip6_hackathon/ComputedScalarsHelene/expAE02/shelfmelt/computed_shelfmelt_AIS_NORCE_CISM4-MAR364-ERA-t1_expAE02.nc,1598.881103515625,7121.3017578125,4005.139892578125,9336.8603515625,60443.26171875,2017.62939453125,1795.326904296875,13195.447265625,8078.98974609375,4233.32373046875,27351.46484375,1025.8291015625,1717.3167724609375,2745.31689453125,2926.481689453125,797.9229736328125,-2246.924560546875,3156.750732421875,82505.421875,65087.37890625,1707.7503662109375,149220.359375
expAE02,NORCE_CISM4-MAR364-JRA-t1,/Volumes/CrucialX8/computing/data/antarctica/ismip6_hackathon/ComputedScalarsHelene/expAE02/shelfmelt/computed_shelfmelt_AIS_NORCE_CISM4-MAR364-JRA-t1_expAE02.nc,1611.654052734375,9212.123046875,3994.531494140625,9246.4169921875,64672.03125,2618.57958984375,1815.29248046875,13909.021484375,7345.03125,4142.97412109375,28054.27734375,954.9476928710938,1629.014892578125,4002.41943359375,2873.5087890625,836.9091186523438,-1982.93359375,3245.65625,88736.7578125,67345.0390625,2099.63037109375,158109.171875
expAE02,NORCE_CISM5-MAR364-ERA-t1-local,/Volumes/CrucialX8/computing/data/antarctica/ismip6_hackathon/ComputedScalarsHelene/expAE02/shelfmelt/computed_shelfmelt_AIS_NORCE_CISM5-MAR364-ERA-t1-local_expAE02.nc,1470.986083984375,9296.423828125,3415.968017578125,6717.345703125,39587.28125,2782.206787109375,1116.742431640625,10162.333984375,5271.962890625,3905.489501953125,25386.109375,574.8381958007812,2939.21337890625,2516.52587890625,2281.120849609375,777.3038940429688,-3435.744873046875,2993.847412109375,60487.99609375,56936.625,335.4063720703125,117766.8203125
expAE02,NORCE_CISM5-MAR364-ERA-t1-nonlocal,/Volumes/CrucialX8/computing/data/antarctica/ismip6_hackathon/ComputedScalarsHelene/expAE02/shelfmelt/computed_shelfmelt_AIS_NORCE_CISM5-MAR364-ERA-t1-nonlocal_expAE02.nc,1798.0120849609375,8358.01953125,3698.27587890625,9906.4072265625,31824.755859375,2079.650634765625,953.5554809570312,12506.970703125,4920.88037109375,4131.51123046875,19652.662109375,560.9212646484375,2894.700439453125,2222.482177734375,2334.137451171875,872.468994140625,-3181.47705078125,3289.357666015625,55585.453125,52257.54296875,980.3489990234375,108894.8359375
expAE02,NORCE_CISM5-MAR364-ERA-t1,/Volumes/CrucialX8/computing/data/antarctica/ismip6_hackathon/ComputedScalarsHelene/expAE02/shelfmelt/computed_shelfmelt_AIS_NORCE_CISM5-MAR364-ERA-t1_expAE02.nc,1368.09033203125,7614.10986328125,3600.611083984375,7236.5244140625,46354.703125,2618.90673828125,636.8378295898438,7052.78955078125,6321.3115234375,3722.016845703125,30229.771484375,596.2686767578125,3226.720458984375,2333.92822265625,2045.53564453125,850.3560180664062,-2696.0791015625,3187.10595703125,66174.03125,58784.0390625,1341.382080078125,126218.6640625
expAE02,PIK_PISM,/Volumes/CrucialX8/computing/data/antarctica/ismip6_hackathon/ComputedScalarsHelene/expAE02/shelfmelt/computed_shelfmelt_AIS_PIK_PISM_expAE02.nc,2137.8046875,5681.53173828125,8983.4248046875,8663.3046875,45054.70703125,666.8790283203125,2455.021484375,13099.9990234375,9771.2109375,7368.392578125,22877.9296875,183.65631103515625,2090.456787109375,6644.00439453125,6233.8291015625,381.36871337890625,2197.25634765625,3345.172607421875,70520.7578125,71391.4609375,5923.796875,147835.90625
expAE02,UCM_Yelmo,/Volumes/CrucialX8/computing/data/antarctica/ismip6_hackathon/ComputedScalarsHelene/expAE02/shelfmelt/computed_shelfmelt_AIS_UCM_Yelmo_expAE02.nc,2075.259033203125,3337.88232421875,2987.126953125,2231.75146484375,35394.203125,362.6307067871094,776.008056640625,754.023681640625,2070.57470703125,4925.21484375,18458.025390625,349.01861572265625,1832.3924560546875,1860.5330810546875,2833.307373046875,731.42138671875,-342.1918029785156,3586.914794921875,46026.23046875,34221.609375,3976.144287109375,84223.9375
expAE02,UCSD_ISSM,/Volumes/CrucialX8/computing/data/antarctica/ismip6_hackathon/ComputedScalarsHelene/expAE02/shelfmelt/computed_shelfmelt_AIS_UCSD_ISSM_expAE02.nc,-481.16790771484375,6.592914581298828,34.97550964355469,12245.7939453125,2204.76904296875,-37.47462463378906,930.91064453125,13717.728515625,677.9487915039062,442.02923583984375,3.9268035888671875,111.4924087524414,169.11077880859375,633.836181640625,1100.245361328125,108.89566040039062,-2483.806396484375,-326.6844787597656,14010.9677734375,17749.8046875,-2701.595947265625,29058.970703125
expAE02,ULB_fETISh-KoriBU1,/Volumes/CrucialX8/computing/data/antarctica/ismip6_hackathon/ComputedScalarsHelene/expAE02/shelfmelt/computed_shelfmelt_AIS_ULB_fETISh-KoriBU1_expAE02.nc,2029.490966796875,2183.82666015625,2450.13134765625,7826.7841796875,30543.935546875,-48.121299743652344,3810.890869140625,6215.1884765625,6059.7138671875,11799.2421875,13528.228515625,303.8359069824219,970.5545654296875,4389.666015625,8318.53515625,415.6946716308594,-2007.121826171875,2960.434326171875,45034.1640625,55347.7734375,1369.0079345703125,101751.390625
expAE02,ULB_fETISh-KoriBU2,/Volumes/CrucialX8/computing/data/antarctica/ismip6_hackathon/ComputedScalarsHelene/expAE02/shelfmelt/computed_shelfmelt_AIS_ULB_fETISh-KoriBU2_expAE02.nc,1257.4031982421875,4551.0361328125,2084.1123046875,40765.44140625,50224.65625,66.65766143798828,2754.03955078125,5596.45703125,5842.869140625,7590.26416015625,18420.216796875,303.4169006347656,1170.0699462890625,2303.60498046875,3128.033447265625,466.9145812988281,-2391.089111328125,1982.92822265625,98882.6640625,47175.515625,58.753665924072266,146116.328125
expAE02,UNN_Ua,/Volumes/CrucialX8/computing/data/antarctica/ismip6_hackathon/ComputedScalarsHelene/expAE02/shelfmelt/computed_shelfmelt_AIS_UNN_Ua_expAE02.nc,2045.46240234375,11476.513671875,2333.874267578125,6833.41845703125,45377.33203125,446.07244873046875,979.5599975585938,6894.8369140625,4579.34814453125,3545.166748046875,16401.498046875,-442.388671875,-280.8069763183594,2979.39794921875,2259.163818359375,-256.5032958984375,257.6763000488281,1518.684814453125,68066.5859375,37361.56640625,1519.8582763671875,106948.3125
expAE02,UTAS_ElmerIce,/Volumes/CrucialX8/computing/data/antarctica/ismip6_hackathon/ComputedScalarsHelene/expAE02/shelfmelt/computed_shelfmelt_AIS_UTAS_ElmerIce_expAE02.nc,902.1343994140625,5144.34423828125,1360.13525390625,55.906620025634766,21708.693359375,208.77247619628906,805.2029418945312,3766.739501953125,1326.4705810546875,1194.3172607421875,9475.7724609375,116.32913970947266,678.9429931640625,1028.671142578125,1321.92236328125,171.48980712890625,-740.6959838867188,1792.316162109375,29171.2109375,19922.88671875,1223.109375,50535.37890625
expAE02,VUB_AISMPALEO,/Volumes/CrucialX8/computing/data/antarctica/ismip6_hackathon/ComputedScalarsHelene/expAE02/shelfmelt/computed_shelfmelt_AIS_VUB_AISMPALEO_expAE02.nc,-630.5734252929688,12447.048828125,192.9495391845703,2199.49072265625,33565.5625,3404.814453125,-77.16487121582031,-1406.012451171875,8368.1943359375,287.45477294921875,24740.70703125,718.2698974609375,664.7406005859375,-917.9076538085938,1957.4278564453125,1060.301025390625,-4164.40380859375,270.5931701660156,47774.48046875,37740.53515625,-2833.505859375,82765.9609375
expAE02,VUW_PISM1,/Volumes/CrucialX8/computing/data/antarctica/ismip6_hackathon/ComputedScalarsHelene/expAE02/shelfmelt/computed_shelfmelt_AIS_VUW_PISM1_expAE02.nc,5609.1064453125,19663.703125,6530.44970703125,8769.1875,116678.484375,-207.08900451660156,1742.1611328125,13293.2978515625,9944.5849609375,10376.552734375,29788.064453125,-180.5141143798828,2950.728271484375,10230.4267578125,13568.970703125,264.08953857421875,-182.53997802734375,7643.1923828125,157250.921875,91506.9140625,7724.7412109375,256482.625
expAE02,VUW_PISM1_s1,/Volumes/CrucialX8/computing/data/antarctica/ismip6_hackathon/ComputedScalarsHelene/expAE02/shelfmelt/computed_shelfmelt_AIS_VUW_PISM1_s1_expAE02.nc,8263.4794921875,22754.47265625,6938.46923828125,7791.0419921875,130221.4296875,-197.64476013183594,2301.625732421875,16872.765625,14226.0185546875,11077.8740234375,31860.677734375,-66.12384796142578,3084.925048828125,10617.98828125,13911.7236328125,148.76083374023438,-295.6083068847656,8353.9560546875,175968.875,103690.0078125,8207.109375,287865.9375
expAE02,VUW_PISM1_s2,/Volumes/CrucialX8/computing/data/antarctica/ismip6_hackathon/ComputedScalarsHelene/expAE02/shelfmelt/computed_shelfmelt_AIS_VUW_PISM1_s2_expAE02.nc,4913.73681640625,17290.607421875,7039.14599609375,7335.8662109375,102431.2265625,59.32819747924805,424.2363586425781,7129.0146484375,8805.4267578125,7858.4619140625,28472.1171875,-223.88214111328125,2848.0458984375,7673.6474609375,12667.4951171875,117.9152603149414,-153.59841918945312,7166.693359375,139010.578125,75714.1015625,7131.01123046875,221855.703125
expAE02,VUW_PISM1_s3,/Volumes/CrucialX8/computing/data/antarctica/ismip6_hackathon/ComputedScalarsHelene/expAE02/shelfmelt/computed_shelfmelt_AIS_VUW_PISM1_s3_expAE02.nc,4669.65478515625,11740.224609375,6300.04150390625,9372.919921875,91403.46875,1253.1771240234375,2527.5205078125,10219.66015625,8963.0009765625,9329.5986328125,25917.822265625,308.028076171875,3084.126953125,8150.8955078125,12440.8642578125,237.6569061279297,-229.3319091796875,5852.177734375,123486.28125,82194.359375,5860.50390625,211541.5
expAE02,VUW_PISM1_s4,/Volumes/CrucialX8/computing/data/antarctica/ismip6_hackathon/ComputedScalarsHelene/expAE02/shelfmelt/computed_shelfmelt_AIS_VUW_PISM1_s4_expAE02.nc,6487.251953125,24588.173828125,6589.90087890625,17996.388671875,124234.3828125,1336.1719970703125,1020.4815063476562,14886.08984375,10651.5078125,11214.7744140625,35760.81640625,430.43768310546875,2918.0419921875,9307.595703125,14450.3837890625,238.82606506347656,-21.214767456054688,8171.63818359375,179896.0625,101976.03125,8389.248046875,290261.4375
expAE02,VUW_PISM2,/Volumes/CrucialX8/computing/data/antarctica/ismip6_hackathon/ComputedScalarsHelene/expAE02/shelfmelt/computed_shelfmelt_AIS_VUW_PISM2_expAE02.nc,10804.1298828125,22274.5234375,10638.9150390625,23311.232421875,144878.09375,-308.911376953125,3610.904296875,17629.2109375,12673.326171875,11495.3994140625,38435.7421875,351.3519287109375,4666.73046875,12273.8154296875,22833.671875,738.5594482421875,-518.190185546875,11718.6171875,211906.890625,123661.2734375,11938.9853515625,347506.8125
expAE02,VUW_PISM2_s1,/Volumes/CrucialX8/computing/data/antarctica/ismip6_hackathon/ComputedScalarsHelene/expAE02/shelfmelt/computed_shelfmelt_AIS_VUW_PISM2_s1_expAE02.nc,11808.505859375,25868.830078125,12323.626953125,14664.2431640625,160463.828125,-31.06377601623535,4724.83935546875,21981.654296875,14296.1572265625,13352.45703125,43457.24609375,321.91412353515625,5513.82470703125,14927.5205078125,26262.1796875,728.7147827148438,-328.3276672363281,12810.16796875,225129.03125,144806.96875,13210.5556640625,383146.53125
expAE02,VUW_PISM2_s2,/Volumes/CrucialX8/computing/data/antarctica/ismip6_hackathon/ComputedScalarsHelene/expAE02/shelfmelt/computed_shelfmelt_AIS_VUW_PISM2_s2_expAE02.nc,9422.3115234375,19959.00390625,9574.1083984375,13477.966796875,130259.515625,-179.7630615234375,3270.763427734375,10885.6337890625,9694.74609375,9083.572265625,35431.91796875,546.9076538085938,4581.33740234375,12521.4833984375,20863.22265625,614.8275756835938,-784.4703979492188,10938.7294921875,182692.953125,106700.046875,10769.0869140625,300161.78125
expAE02,VUW_PISM2_s3,/Volumes/CrucialX8/computing/data/antarctica/ismip6_hackathon/ComputedScalarsHelene/expAE02/shelfmelt/computed_shelfmelt_AIS_VUW_PISM2_s3_expAE02.nc,7225.97314453125,14519.9453125,9521.86328125,16314.9462890625,111988.71875,1285.6685791015625,4666.2412109375,13042.478515625,11104.138671875,11555.95703125,33578.82421875,964.566650390625,4627.9208984375,13327.4462890625,19466.37890625,607.3937377929688,-381.44854736328125,9942.943359375,159571.453125,113619.96875,10168.8896484375,283359.9375
expAE02,VUW_PISM2_s4,/Volumes/CrucialX8/computing/data/antarctica/ismip6_hackathon/ComputedScalarsHelene/expAE02/shelfmelt/computed_shelfmelt_AIS_VUW_PISM2_s4_expAE02.nc,10991.587890625,28581.81640625,11504.826171875,23492.294921875,151462.8125,1293.613525390625,4548.44580078125,20770.640625,12343.599609375,11888.638671875,46015.14453125,640.5717163085938,4849.8095703125,17240.884765625,25413.88671875,802.745849609375,-155.9004669189453,12662.9736328125,226033.359375,145005.15625,13309.8193359375,384348.21875
expAE03,DC_ISSM,/Volumes/CrucialX8/computing/data/antarctica/ismip6_hackathon/ComputedScalarsHelene/expAE03/shelfmelt/computed_shelfmelt_AIS_DC_ISSM_expAE03.nc,820.134521484375,12070.0234375,2669.000244140625,7725.9228515625,18708.8671875,806.9219970703125,1547.1907958984375,5773.0771484375,1826.0079345703125,4124.84814453125,8896.2216796875,49.937713623046875,-425.3628845214844,1381.2559814453125,1002.066162109375,-47.64838409423828,-4991.34619140625,1213.6148681640625,41993.93359375,24981.990234375,-3825.379150390625,63150.9296875
expAE03,IGE_ElmerIce,/Volumes/CrucialX8/computing/data/antarctica/ismip6_hackathon/ComputedScalarsHelene/expAE03/shelfmelt/computed_shelfmelt_AIS_IGE_ElmerIce_expAE03.nc,235.9451904296875,6883.05224609375,1294.9791259765625,4648.12451171875,8993.8798828125,611.5261840820312,1845.8931884765625,6410.74560546875,3030.4521484375,3576.7568359375,3093.97802734375,809.8176879882812,-487.02734375,-236.41873168945312,2527.65576171875,71.58526611328125,-4530.4072265625,-933.284912109375,22055.978515625,21183.3125,-5392.107421875,38092.61328125
expAE03,ILTS_SICOPOLIS,/Volumes/CrucialX8/computing/data/antarctica/ismip6_hackathon/ComputedScalarsHelene/expAE03/shelfmelt/computed_shelfmelt_AIS_ILTS_SICOPOLIS_expAE03.nc,8052.77685546875,117119.390625,10423.53125,77871.4609375,111466.84375,3581.93701171875,2899.533935546875,23627.35546875,12291.3310546875,29743.888671875,35821.0546875,-41.94552993774414,-430.25177001953125,10420.0146484375,14579.603515625,56.97441864013672,-156.67340087890625,10062.0439453125,324934.0,132492.609375,9962.345703125,467388.6875
expAE03,LSCE_GRISLI2,/Volumes/CrucialX8/computing/data/antarctica/ismip6_hackathon/ComputedScalarsHelene/expAE03/shelfmelt/computed_shelfmelt_AIS_LSCE_GRISLI2_expAE03.nc,-442.7257080078125,34279.54296875,-562.5814208984375,2420.971923828125,28169.853515625,-738.9513549804688,1009.2555541992188,3067.93212890625,4268.9072265625,6092.79150390625,1797.2120361328125,117.12603759765625,-807.5966186523438,-2606.333740234375,1436.9351806640625,-82.33940124511719,-4296.19580078125,-2207.3564453125,63865.0703125,13637.431640625,-6585.8935546875,70916.5234375
expAE03,LSCE_GRISLI,/Volumes/CrucialX8/computing/data/antarctica/ismip6_hackathon/ComputedScalarsHelene/expAE03/shelfmelt/computed_shelfmelt_AIS_LSCE_GRISLI_expAE03.nc,9100.0166015625,83701.8046875,12646.0703125,70441.5078125,46466.578125,1462.162841796875,2177.665771484375,17379.927734375,9766.1572265625,16424.443359375,11050.6796875,1122.1275634765625,4318.32470703125,6011.45458984375,12574.9501953125,601.8616943359375,-484.9748229980469,12344.3505859375,222356.0,82287.8828125,12461.2392578125,317104.84375
expAE03,NCAR_CISM1,/Volumes/CrucialX8/computing/data/antarctica/ismip6_hackathon/ComputedScalarsHelene/expAE03/shelfmelt/computed_shelfmelt_AIS_NCAR_CISM1_expAE03.nc,1033.4515380859375,13838.7578125,2842.74462890625,4771.7568359375,22227.287109375,1317.1004638671875,928.9044799804688,-1204.4693603515625,2060.9013671875,3355.161376953125,8864.90234375,400.9230651855469,-710.582275390625,-1631.6640625,1624.3333740234375,112.63916015625,-5548.7548828125,-606.3994750976562,44713.98046875,15005.677734375,-6042.5166015625,53624.0078125
expAE03,NCAR_CISM2,/Volumes/CrucialX8/computing/data/antarctica/ismip6_hackathon/ComputedScalarsHelene/expAE03/shelfmelt/computed_shelfmelt_AIS_NCAR_CISM2_expAE03.nc,10040.0849609375,51614.90234375,13613.7998046875,56915.5,48722.3046875,4271.11767578125,8337.2900390625,19542.955078125,12131.4033203125,31466.095703125,28287.15234375,1452.3729248046875,1246.7076416015625,5577.93896484375,10741.0625,355.7265625,652.9431762695312,11910.7041015625,180906.609375,123054.0625,12919.3740234375,316888.96875
expAE03,NORCE_CISM2-MAR364-ERA-t1,/Volumes/CrucialX8/computing/data/antarctica/ismip6_hackathon/ComputedScalarsHelene/expAE03/shelfmelt/computed_shelfmelt_AIS_NORCE_CISM2-MAR364-ERA-t1_expAE03.nc,1792.85986328125,40775.5,10966.263671875,33037.53515625,51664.765625,13398.8466796875,3744.4453125,16229.861328125,9962.9599609375,9450.0537109375,28066.931640625,934.6492309570312,-35.74359893798828,2245.804443359375,5957.642578125,461.83380126953125,-4490.97021484375,3741.24169921875,138236.921875,89955.6953125,-287.8932800292969,227991.609375
expAE03,NORCE_CISM3-MAR364-ERA-t1-local,/Volumes/CrucialX8/computing/data/antarctica/ismip6_hackathon/ComputedScalarsHelene/expAE03/shelfmelt/computed_shelfmelt_AIS_NORCE_CISM3-MAR364-ERA-t1-local_expAE03.nc,1613.8935546875,23000.560546875,4586.18994140625,12947.751953125,24171.560546875,2889.472412109375,1262.7098388671875,3355.054931640625,6578.2236328125,6055.66748046875,11532.099609375,678.1112060546875,-449.1483154296875,169.69088745117188,2842.238525390625,201.3788299560547,-4573.650390625,1452.3458251953125,66319.9453125,34914.16015625,-2919.925537109375,98187.5546875
expAE03,NORCE_CISM3-MAR364-ERA-t1-nonlocal,/Volumes/CrucialX8/computing/data/antarctica/ismip6_hackathon/ComputedScalarsHelene/expAE03/shelfmelt/computed_shelfmelt_AIS_NORCE_CISM3-MAR364-ERA-t1-nonlocal_expAE03.nc,1568.941650390625,20878.98046875,5187.94970703125,11593.5341796875,20788.91015625,3151.422119140625,981.3092041015625,2058.931884765625,4895.8994140625,5269.12744140625,9236.7470703125,660.6131591796875,-436.6314697265625,34.048545837402344,2895.68798828125,177.42062377929688,-4640.48046875,2083.544677734375,60018.31640625,28747.0546875,-2379.515625,86340.46875
expAE03,NORCE_CISM3-MAR364-ERA-t1,/Volumes/CrucialX8/computing/data/antarctica/ismip6_hackathon/ComputedScalarsHelene/expAE03/shelfmelt/computed_shelfmelt_AIS_NORCE_CISM3-MAR364-ERA-t1_expAE03.nc,3001.554931640625,35874.55078125,9182.3037109375,45766.2109375,47913.15234375,6611.517578125,3231.655517578125,14021.51171875,11520.9404296875,12020.30078125,26272.83203125,467.9853210449219,-290.34820556640625,3313.261474609375,5798.6318359375,136.30438232421875,-4481.25927734375,1121.46337890625,141737.78125,82968.4375,-3223.48779296875,221632.109375
expAE03,NORCE_CISM4-MAR364-ERA-t1-local,/Volumes/CrucialX8/computing/data/antarctica/ismip6_hackathon/ComputedScalarsHelene/expAE03/shelfmelt/computed_shelfmelt_AIS_NORCE_CISM4-MAR364-ERA-t1-local_expAE03.nc,1608.9765625,26077.990234375,5477.244140625,14045.3486328125,31179.080078125,4430.66748046875,873.90283203125,7504.06884765625,7430.69482421875,8406.73046875,13074.0068359375,466.2472229003906,-182.98846435546875,1363.6728515625,3579.6982421875,51.223453521728516,-4443.9345703125,252.37831115722656,78388.671875,46946.5,-4140.33203125,121122.453125
expAE03,NORCE_CISM4-MAR364-ERA-t1-nonlocal,/Volumes/CrucialX8/computing/data/antarctica/ismip6_hackathon/ComputedScalarsHelene/expAE03/shelfmelt/computed_shelfmelt_AIS_NORCE_CISM4-MAR364-ERA-t1-nonlocal_expAE03.nc,1631.2384033203125,22178.306640625,5040.359375,14829.76171875,25744.634765625,4665.17236328125,1351.536376953125,6207.8759765625,6401.90185546875,7861.53955078125,10710.3798828125,516.35595703125,-73.5105209350586,1263.829833984375,3468.024169921875,70.4327163696289,-4645.10009765625,721.5198974609375,69424.3203125,42373.08203125,-3853.14794921875,108069.734375
expAE03,NORCE_CISM4-MAR364-ERA-t1,/Volumes/CrucialX8/computing/data/antarctica/ismip6_hackathon/ComputedScalarsHelene/expAE03/shelfmelt/computed_shelfmelt_AIS_NORCE_CISM4-MAR364-ERA-t1_expAE03.nc,1519.59375,29913.92578125,5311.330078125,32373.982421875,49109.71484375,5063.59521484375,1169.867919921875,16824.861328125,8101.3427734375,10596.880859375,21029.404296875,501.0929260253906,-155.5180206298828,747.2881469726562,5390.9111328125,62.149349212646484,-4622.69775390625,400.0722961425781,118228.5625,69269.921875,-4160.47509765625,183407.375
expAE03,NORCE_CISM4-MAR364-JRA-t1,/Volumes/CrucialX8/computing/data/antarctica/ismip6_hackathon/ComputedScalarsHelene/expAE03/shelfmelt/computed_shelfmelt_AIS_NORCE_CISM4-MAR364-JRA-t1_expAE03.nc,1569.243896484375,33758.58984375,5244.51171875,31791.384765625,52299.85546875,6929.77294921875,1162.444580078125,18116.912109375,7301.39599609375,10965.447265625,21436.591796875,532.5183715820312,-208.35696411132812,1981.1947021484375,5405.447265625,65.19017028808594,-4542.62890625,332.40753173828125,124663.546875,73623.3515625,-4145.02978515625,194207.28125
expAE03,NORCE_CISM5-MAR364-ERA-t1-local,/Volumes/CrucialX8/computing/data/antarctica/ismip6_hackathon/ComputedScalarsHelene/expAE03/shelfmelt/computed_shelfmelt_AIS_NORCE_CISM5-MAR364-ERA-t1-local_expAE03.nc,1948.12451171875,28050.841796875,4201.6513671875,11963.5791015625,31152.359375,3866.865966796875,344.5080871582031,17895.599609375,7221.89697265625,8380.4736328125,20192.078125,35.267547607421875,1439.546630859375,1595.5379638671875,2718.542724609375,145.7501983642578,-5473.390625,-119.45726776123047,77316.5625,63690.7421875,-5447.09716796875,135597.40625
expAE03,NORCE_CISM5-MAR364-ERA-t1-nonlocal,/Volumes/CrucialX8/computing/data/antarctica/ismip6_hackathon/ComputedScalarsHelene/expAE03/shelfmelt/computed_shelfmelt_AIS_NORCE_CISM5-MAR364-ERA-t1-nonlocal_expAE03.nc,1860.597412109375,24235.439453125,6349.427734375,21297.255859375,25572.6484375,2714.50634765625,308.8671569824219,14995.0380859375,6146.1787109375,9927.0126953125,15850.029296875,86.38805389404297,1382.4256591796875,2294.2529296875,3138.404052734375,71.68438720703125,-5291.5556640625,391.3360290527344,79315.3515625,56843.171875,-4828.5361328125,131558.703125
expAE03,NORCE_CISM5-MAR364-ERA-t1,/Volumes/CrucialX8/computing/data/antarctica/ismip6_hackathon/ComputedScalarsHelene/expAE03/shelfmelt/computed_shelfmelt_AIS_NORCE_CISM5-MAR364-ERA-t1_expAE03.nc,1905.30078125,26765.259765625,5017.00439453125,21654.173828125,38488.71875,3520.107177734375,172.49264526367188,9702.7138671875,6798.39404296875,10005.1689453125,22061.88671875,117.87216186523438,742.8079223632812,894.579345703125,2625.466796875,116.62106323242188,-4799.25146484375,-123.5307846069336,93830.4296875,56641.44921875,-4806.162109375,145634.109375
expAE03,PIK_PISM,/Volumes/CrucialX8/computing/data/antarctica/ismip6_hackathon/ComputedScalarsHelene/expAE03/shelfmelt/computed_shelfmelt_AIS_PIK_PISM_expAE03.nc,1952.2718505859375,33021.21484375,13196.1171875,19126.201171875,33853.60546875,3670.9833984375,6099.9833984375,18367.974609375,18695.30859375,7586.9736328125,18463.439453125,388.50433349609375,460.1983947753906,6335.6572265625,6327.50634765625,951.0538330078125,-1234.794677734375,1757.537841796875,101149.4140625,86396.59375,1473.79736328125,189019.625
expAE03,UCM_Yelmo,/Volumes/CrucialX8/computing/data/antarctica/ismip6_hackathon/ComputedScalarsHelene/expAE03/shelfmelt/computed_shelfmelt_AIS_UCM_Yelmo_expAE03.nc,5179.046875,11143.2314453125,8225.5849609375,5327.02392578125,26313.072265625,967.3886108398438,459.6316833496094,-506.1206970214844,1663.36962890625,9225.240234375,13403.8046875,540.21240234375,1207.110595703125,577.7116088867188,4498.05029296875,286.4590759277344,-4346.78466796875,6026.74560546875,56187.97265625,32036.2421875,1966.4183349609375,90190.5625
expAE03,UCSD_ISSM,/Volumes/CrucialX8/computing/data/antarctica/ismip6_hackathon/ComputedScalarsHelene/expAE03/shelfmelt/computed_shelfmelt_AIS_UCSD_ISSM_expAE03.nc,-1430.4615478515625,6433.62353515625,-1425.01904296875,73271.5078125,3775.45947265625,242.5675811767578,3639.406982421875,11030.845703125,2346.524658203125,1379.9810791015625,2277.5751953125,380.12127685546875,453.76300048828125,1552.4884033203125,2578.53955078125,-0.6982898712158203,-3496.041259765625,-1551.8739013671875,80625.0859375,25881.595703125,-5048.61376953125,101458.3828125
expAE03,ULB_fETISh-KoriBU1,/Volumes/CrucialX8/computing/data/antarctica/ismip6_hackathon/ComputedScalarsHelene/expAE03/shelfmelt/computed_shelfmelt_AIS_ULB_fETISh-KoriBU1_expAE03.nc,4156.16064453125,22998.5546875,6388.70654296875,43735.2265625,31594.294921875,1385.7528076171875,20894.482421875,8764.958984375,9033.2021484375,16429.76953125,13666.892578125,295.0671691894531,-513.7393798828125,2582.313720703125,14027.5087890625,-106.47105407714844,-2382.744384765625,1992.47705078125,108872.9296875,86566.109375,-496.73760986328125,194942.578125
expAE03,ULB_fETISh-KoriBU2,/Volumes/CrucialX8/computing/data/antarctica/ismip6_hackathon/ComputedScalarsHelene/expAE03/shelfmelt/computed_shelfmelt_AIS_ULB_fETISh-KoriBU2_expAE03.nc,4915.28369140625,35737.8359375,7362.07958984375,195245.953125,45059.9609375,1203.136474609375,5305.939453125,8233.0458984375,8062.9130859375,15667.806640625,15177.7939453125,101.20703887939453,-336.3099670410156,888.892333984375,6725.68701171875,-28.671512603759766,-2488.692626953125,722.1114501953125,288321.09375,61029.90234375,-1795.25244140625,347555.75
expAE03,UNN_Ua,/Volumes/CrucialX8/computing/data/antarctica/ismip6_hackathon/ComputedScalarsHelene/expAE03/shelfmelt/computed_shelfmelt_AIS_UNN_Ua_expAE03.nc,2726.234375,26461.16796875,3878.04052734375,16748.08984375,37817.62890625,1609.89697265625,1902.7056884765625,7273.79052734375,5992.7529296875,8082.876953125,14147.451171875,23.900453567504883,150.6011962890625,2311.1943359375,3241.5888671875,39.4903450012207,371.0396728515625,3802.52392578125,87631.140625,44736.52734375,4213.0537109375,136581.0
expAE03,UTAS_ElmerIce,/Volumes/CrucialX8/computing/data/antarctica/ismip6_hackathon/ComputedScalarsHelene/expAE03/shelfmelt/computed_shelfmelt_AIS_UTAS_ElmerIce_expAE03.nc,794.4241333007812,10953.361328125,1375.9053955078125,1493.41357421875,17357.943359375,1157.61962890625,1094.8826904296875,4419.10986328125,2050.563232421875,1750.4873046875,7206.7216796875,408.49420166015625,-175.24813842773438,-214.88034057617188,1281.117919921875,91.7577896118164,-2265.761962890625,62.10749435424805,31975.052734375,18978.7421875,-2111.8974609375,48953.03125
expAE03,VUB_AISMPALEO,/Volumes/CrucialX8/computing/data/antarctica/ismip6_hackathon/ComputedScalarsHelene/expAE03/shelfmelt/computed_shelfmelt_AIS_VUB_AISMPALEO_expAE03.nc,-1673.8433837890625,15092.80078125,-1032.09814453125,271.6526794433594,26107.2421875,5502.98583984375,686.0763549804688,-2874.7998046875,7192.34912109375,-3226.513671875,17691.953125,876.7741088867188,-729.4170532226562,-2468.59326171875,76.54131317138672,221.0097198486328,-552.5952758789062,-2409.93310546875,38765.75390625,22727.1953125,-2741.5166015625,59301.73046875
expAE03,VUW_PISM1,/Volumes/CrucialX8/computing/data/antarctica/ismip6_hackathon/ComputedScalarsHelene/expAE03/shelfmelt/computed_shelfmelt_AIS_VUW_PISM1_expAE03.nc,14753.3955078125,26813.10546875,12812.22265625,21071.8984375,101000.7265625,-481.79705810546875,2102.368408203125,13249.9638671875,9876.4912109375,12006.2158203125,23811.88671875,66.453125,2315.92822265625,6038.37841796875,16904.6015625,258.4847412109375,-1220.6444091796875,13604.9765625,176451.34375,85890.5625,12642.81640625,274984.53125
expAE03,VUW_PISM1_s1,/Volumes/CrucialX8/computing/data/antarctica/ismip6_hackathon/ComputedScalarsHelene/expAE03/shelfmelt/computed_shelfmelt_AIS_VUW_PISM1_s1_expAE03.nc,17333.787109375,31232.720703125,14203.8466796875,27111.341796875,113349.1953125,-189.93272399902344,2602.724365234375,18868.302734375,13797.8076171875,12109.1318359375,25753.388671875,278.4386901855469,2760.38330078125,8157.87841796875,18726.9296875,210.47874450683594,-1139.3944091796875,14919.3984375,203230.921875,102865.1484375,13990.4833984375,320086.59375
expAE03,VUW_PISM1_s2,/Volumes/CrucialX8/computing/data/antarctica/ismip6_hackathon/ComputedScalarsHelene/expAE03/shelfmelt/computed_shelfmelt_AIS_VUW_PISM1_s2_expAE03.nc,13193.1728515625,23404.197265625,13567.0849609375,15176.12890625,87482.3046875,416.9118957519531,962.292236328125,6357.10693359375,9054.751953125,9273.5537109375,22475.4453125,191.93310546875,2552.463623046875,4743.62548828125,14504.59375,149.8490447998047,-1337.7625732421875,12344.9296875,152822.90625,70532.84375,11157.0166015625,234512.828125
expAE03,VUW_PISM1_s3,/Volumes/CrucialX8/computing/data/antarctica/ismip6_hackathon/ComputedScalarsHelene/expAE03/shelfmelt/computed_shelfmelt_AIS_VUW_PISM1_s3_expAE03.nc,11710.1591796875,14708.771484375,11920.9765625,13908.4287109375,74210.7578125,1093.39111328125,1357.13671875,14305.783203125,8688.935546875,8195.603515625,19916.56640625,677.9119873046875,2068.68505859375,4993.2021484375,14385.447265625,154.05821228027344,-1479.7374267578125,10884.4775390625,126459.0703125,75682.3671875,9558.7998046875,211700.59375
expAE03,VUW_PISM1_s4,/Volumes/CrucialX8/computing/data/antarctica/ismip6_hackathon/ComputedScalarsHelene/expAE03/shelfmelt/computed_shelfmelt_AIS_VUW_PISM1_s4_expAE03.nc,15321.6318359375,33916.2734375,13749.6474609375,23244.8515625,105182.8671875,1159.5819091796875,2643.8857421875,18622.220703125,10597.2060546875,13465.8134765625,30031.1484375,559.5960083007812,2717.795654296875,4332.32177734375,18567.2265625,276.5660400390625,-1333.1083984375,14815.267578125,191415.28125,102696.9296875,13758.7255859375,307870.84375
expAE03,VUW_PISM2,/Volumes/CrucialX8/computing/data/antarctica/ismip6_hackathon/ComputedScalarsHelene/expAE03/shelfmelt/computed_shelfmelt_AIS_VUW_PISM2_expAE03.nc,26829.396484375,33324.09375,20480.513671875,72113.203125,125782.40625,-542.9002685546875,4018.753173828125,18638.275390625,10797.466796875,12466.568359375,30716.248046875,1239.137451171875,4062.888671875,12112.30078125,23737.33984375,542.4436645507812,-2174.140625,23635.35546875,278529.625,117246.2109375,22003.66015625,417779.21875
expAE03,VUW_PISM2_s1,/Volumes/CrucialX8/computing/data/antarctica/ismip6_hackathon/ComputedScalarsHelene/expAE03/shelfmelt/computed_shelfmelt_AIS_VUW_PISM2_s1_expAE03.nc,27293.26953125,40237.15234375,23387.841796875,78818.6171875,140523.109375,-436.297119140625,5532.7138671875,25974.453125,13798.607421875,14027.509765625,34443.69140625,1445.804443359375,4299.306640625,16594.666015625,28375.0546875,526.7765502929688,-1660.120849609375,25107.267578125,310259.96875,144055.5625,23973.927734375,478289.59375
expAE03,VUW_PISM2_s2,/Volumes/CrucialX8/computing/data/antarctica/ismip6_hackathon/ComputedScalarsHelene/expAE03/shelfmelt/computed_shelfmelt_AIS_VUW_PISM2_s2_expAE03.nc,23927.001953125,28535.455078125,18248.8828125,62196.71484375,112524.6328125,-432.9300231933594,3648.91552734375,12503.2666015625,9848.5478515625,9700.1044921875,28295.380859375,1272.841552734375,3554.58447265625,7622.42578125,21660.69140625,393.16058349609375,-2126.5244140625,22225.654296875,245432.703125,97673.796875,20492.2890625,363598.84375
expAE03,VUW_PISM2_s3,/Volumes/CrucialX8/computing/data/antarctica/ismip6_hackathon/ComputedScalarsHelene/expAE03/shelfmelt/computed_shelfmelt_AIS_VUW_PISM2_s3_expAE03.nc,22601.265625,19616.654296875,15290.8232421875,24362.728515625,93528.3671875,1587.245361328125,4499.16943359375,14858.1591796875,9899.466796875,9891.2705078125,25649.5546875,1752.062255859375,3693.837890625,10265.76953125,20443.12109375,377.1838684082031,-1850.43505859375,20514.048828125,175399.84375,102539.7265625,19040.796875,296980.125
expAE03,VUW_PISM2_s4,/Volumes/CrucialX8/computing/data/antarctica/ismip6_hackathon/ComputedScalarsHelene/expAE03/shelfmelt/computed_shelfmelt_AIS_VUW_PISM2_s4_expAE03.nc,27631.060546875,41921.2890625,23425.962890625,93397.0625,132827.78125,1587.58837890625,5160.4990234375,22826.716796875,11869.048828125,11301.8115234375,37739.796875,1591.9130859375,4004.54638671875,10587.9755859375,25470.310546875,621.8203125,-1911.8629150390625,24465.826171875,319203.1875,132140.140625,23175.783203125,474519.09375
expAE04,DC_ISSM,/Volumes/CrucialX8/computing/data/antarctica/ismip6_hackathon/ComputedScalarsHelene/expAE04/shelfmelt/computed_shelfmelt_AIS_DC_ISSM_expAE04.nc,-750.9998779296875,8100.140625,978.5371704101562,5221.947265625,32397.873046875,378.29083251953125,1205.65625,5916.87890625,2114.938720703125,5745.28759765625,17230.69921875,-213.5210418701172,-1410.433349609375,2344.130615234375,2005.823486328125,-914.8489379882812,-13159.9619140625,-1772.580322265625,45947.4765625,35317.3515625,-15847.3896484375,65417.859375
expAE04,IGE_ElmerIce,/Volumes/CrucialX8/computing/data/antarctica/ismip6_hackathon/ComputedScalarsHelene/expAE04/shelfmelt/computed_shelfmelt_AIS_IGE_ElmerIce_expAE04.nc,-1082.6312255859375,4359.837890625,782.6143798828125,2490.52490234375,14435.2275390625,366.0812072753906,890.2538452148438,5277.39208984375,1876.5455322265625,3576.235595703125,5195.0625,204.9897918701172,-1326.804931640625,343.66351318359375,1992.1641845703125,-131.4019317626953,-6558.81689453125,-2234.323486328125,20985.568359375,18395.30859375,-8924.5439453125,30617.814453125
expAE04,ILTS_SICOPOLIS,/Volumes/CrucialX8/computing/data/antarctica/ismip6_hackathon/ComputedScalarsHelene/expAE04/shelfmelt/computed_shelfmelt_AIS_ILTS_SICOPOLIS_expAE04.nc,8826.3828125,82944.390625,9347.59375,53969.26171875,174013.078125,3535.406005859375,2942.81591796875,26139.19140625,16396.111328125,39496.55859375,66777.4765625,215.36477661132812,476.83673095703125,18666.125,24728.478515625,823.8554077148438,-970.7642211914062,12973.1416015625,329100.71875,199374.53125,12826.232421875,541301.25
expAE04,LSCE_GRISLI2,/Volumes/CrucialX8/computing/data/antarctica/ismip6_hackathon/ComputedScalarsHelene/expAE04/shelfmelt/computed_shelfmelt_AIS_LSCE_GRISLI2_expAE04.nc,-716.3895263671875,26363.029296875,726.5388793945312,3779.119873046875,40369.78515625,-282.5296325683594,1099.0201416015625,1897.0244140625,4647.64599609375,5694.48388671875,2623.527099609375,77.2254867553711,-1836.3045654296875,-1146.758544921875,1465.3387451171875,-667.3571166992188,-7676.52294921875,-3082.6796875,70522.1015625,14238.7744140625,-11426.5615234375,73334.2890625
expAE04,LSCE_GRISLI,/Volumes/CrucialX8/computing/data/antarctica/ismip6_hackathon/ComputedScalarsHelene/expAE04/shelfmelt/computed_shelfmelt_AIS_LSCE_GRISLI_expAE04.nc,13819.6044921875,69700.7421875,15143.576171875,25172.017578125,81786.5703125,3206.69482421875,6042.6005859375,31365.205078125,13837.0986328125,38256.00390625,18592.08203125,2671.41943359375,15801.1689453125,17982.421875,23958.0625,1651.9794921875,-1716.8653564453125,26583.486328125,205622.515625,171712.84375,26518.6015625,403853.71875
expAE04,NCAR_CISM1,/Volumes/CrucialX8/computing/data/antarctica/ismip6_hackathon/ComputedScalarsHelene/expAE04/shelfmelt/computed_shelfmelt_AIS_NCAR_CISM1_expAE04.nc,-114.94931030273438,11505.232421875,2285.7734375,2763.9599609375,41631.71875,1638.7696533203125,54.508399963378906,-2258.61376953125,2591.034423828125,5604.4677734375,18682.99609375,339.34552001953125,-710.0365600585938,283.513427734375,2946.456298828125,105.24562072753906,-8846.1240234375,-699.8636474609375,58071.73828125,29172.5625,-9440.7431640625,77646.4140625
expAE04,NCAR_CISM2,/Volumes/CrucialX8/computing/data/antarctica/ismip6_hackathon/ComputedScalarsHelene/expAE04/shelfmelt/computed_shelfmelt_AIS_NCAR_CISM2_expAE04.nc,8531.400390625,39627.375,7196.73779296875,18064.22265625,80333.21875,4061.19091796875,2555.439697265625,12313.4521484375,7922.4013671875,23304.962890625,50397.42578125,1225.0567626953125,3114.779296875,6092.68359375,8990.248046875,1756.939697265625,1045.212646484375,14302.0205078125,153752.984375,119977.7734375,17104.17578125,290935.15625
expAE04,NORCE_CISM2-MAR364-ERA-t1,/Volumes/CrucialX8/computing/data/antarctica/ismip6_hackathon/ComputedScalarsHelene/expAE04/shelfmelt/computed_shelfmelt_AIS_NORCE_CISM2-MAR364-ERA-t1_expAE04.nc,2599.158935546875,34319.98046875,9215.2275390625,30803.82421875,96000.1640625,12926.306640625,3791.45654296875,21301.423828125,12304.1123046875,19026.439453125,55587.1484375,1598.2510986328125,1155.3406982421875,5865.9248046875,10324.7705078125,1245.8782958984375,-8812.505859375,4684.3076171875,172938.34375,143881.453125,-2882.320068359375,313997.34375
expAE04,NORCE_CISM3-MAR364-ERA-t1-local,/Volumes/CrucialX8/computing/data/antarctica/ismip6_hackathon/ComputedScalarsHelene/expAE04/shelfmelt/computed_shelfmelt_AIS_NORCE_CISM3-MAR364-ERA-t1-local_expAE04.nc,1084.285888671875,17345.19921875,2584.606201171875,5635.38818359375,40778.48828125,3782.22998046875,491.00738525390625,1886.16259765625,4126.82275390625,6709.01123046875,21946.564453125,838.54345703125,-76.56817626953125,2064.11279296875,3676.2890625,781.9575805664062,-8984.55859375,1973.8382568359375,67427.9765625,45444.12890625,-6228.763671875,106251.765625
expAE04,NORCE_CISM3-MAR364-ERA-t1-nonlocal,/Volumes/CrucialX8/computing/data/antarctica/ismip6_hackathon/ComputedScalarsHelene/expAE04/shelfmelt/computed_shelfmelt_AIS_NORCE_CISM3-MAR364-ERA-t1-nonlocal_expAE04.nc,1273.4952392578125,17798.197265625,3715.9033203125,7266.0966796875,38943.453125,4051.925048828125,580.8692016601562,2355.412841796875,4963.1982421875,8616.0107421875,20760.255859375,880.7960815429688,143.56442260742188,2572.900634765625,4517.103515625,812.6240844726562,-9002.4912109375,2695.751220703125,68997.1171875,49441.85546875,-5494.1142578125,112657.3828125
expAE04,NORCE_CISM3-MAR364-ERA-t1,/Volumes/CrucialX8/computing/data/antarctica/ismip6_hackathon/ComputedScalarsHelene/expAE04/shelfmelt/computed_shelfmelt_AIS_NORCE_CISM3-MAR364-ERA-t1_expAE04.nc,3684.9345703125,29906.58984375,8094.33544921875,33488.9453125,92136.2890625,7140.1962890625,4060.037353515625,17374.48046875,12938.06640625,22520.189453125,51248.19921875,1017.79736328125,1027.699462890625,7339.1845703125,11087.00390625,840.3047485351562,-8951.3779296875,3736.617919921875,167311.09375,135752.890625,-4374.4541015625,298790.28125
expAE04,NORCE_CISM4-MAR364-ERA-t1-local,/Volumes/CrucialX8/computing/data/antarctica/ismip6_hackathon/ComputedScalarsHelene/expAE04/shelfmelt/computed_shelfmelt_AIS_NORCE_CISM4-MAR364-ERA-t1-local_expAE04.nc,1143.18212890625,20020.63671875,3668.836669921875,9043.486328125,52103.203125,5208.8955078125,1192.896240234375,6626.716796875,6072.99755859375,10521.0400390625,24306.640625,854.751220703125,1500.13818359375,4312.20849609375,5533.5419921875,508.6053771972656,-9192.1884765625,1358.645751953125,85979.3515625,66129.921875,-7324.9365234375,144179.90625
expAE04,NORCE_CISM4-MAR364-ERA-t1-nonlocal,/Volumes/CrucialX8/computing/data/antarctica/ismip6_hackathon/ComputedScalarsHelene/expAE04/shelfmelt/computed_shelfmelt_AIS_NORCE_CISM4-MAR364-ERA-t1-nonlocal_expAE04.nc,1309.0804443359375,19296.798828125,4279.24755859375,10977.9658203125,49645.14453125,5757.07177734375,1216.699951171875,8009.86279296875,6892.53125,11769.9970703125,22814.26171875,637.9065551757812,1840.3082275390625,4492.7607421875,6439.1201171875,539.7637329101562,-9240.1728515625,2234.48779296875,85508.2421875,69870.5078125,-6465.921875,148547.921875
expAE04,NORCE_CISM4-MAR364-ERA-t1,/Volumes/CrucialX8/computing/data/antarctica/ismip6_hackathon/ComputedScalarsHelene/expAE04/shelfmelt/computed_shelfmelt_AIS_NORCE_CISM4-MAR364-ERA-t1_expAE04.nc,1607.0460205078125,24539.6015625,4867.49462890625,22877.07421875,89339.2578125,5740.56005859375,2221.91357421875,22039.1796875,10232.1044921875,18194.8984375,42077.46875,1105.75244140625,2058.1923828125,4266.91552734375,10184.564453125,786.541015625,-9354.666015625,2315.621337890625,143230.46875,118121.546875,-6252.50244140625,255133.421875
expAE04,NORCE_CISM4-MAR364-JRA-t1,/Volumes/CrucialX8/computing/data/antarctica/ismip6_hackathon/ComputedScalarsHelene/expAE04/shelfmelt/computed_shelfmelt_AIS_NORCE_CISM4-MAR364-JRA-t1_expAE04.nc,1767.9891357421875,27148.0703125,4785.419921875,22591.373046875,97110.5625,7829.64404296875,2243.30615234375,23583.12109375,9490.6025390625,18441.3671875,43940.83203125,1028.1424560546875,2006.95849609375,6498.0419921875,10045.46875,727.4450073242188,-9382.9951171875,2144.82177734375,153403.421875,125107.78125,-6510.728515625,272016.8125
expAE04,NORCE_CISM5-MAR364-ERA-t1-local,/Volumes/CrucialX8/computing/data/antarctica/ismip6_hackathon/ComputedScalarsHelene/expAE04/shelfmelt/computed_shelfmelt_AIS_NORCE_CISM5-MAR364-ERA-t1-local_expAE04.nc,2645.31298828125,21512.845703125,4531.3955078125,11785.1435546875,54634.20703125,3522.397705078125,1569.53369140625,22833.16796875,5987.64013671875,18348.287109375,37281.9296875,200.2484130859375,5734.0771484375,7652.2822265625,7955.3173828125,38.78520202636719,-11607.3740234375,4415.771484375,95108.9140625,111085.171875,-7152.81787109375,199243.6875
expAE04,NORCE_CISM5-MAR364-ERA-t1-nonlocal,/Volumes/CrucialX8/computing/data/antarctica/ismip6_hackathon/ComputedScalarsHelene/expAE04/shelfmelt/computed_shelfmelt_AIS_NORCE_CISM5-MAR364-ERA-t1-nonlocal_expAE04.nc,2618.323486328125,21856.8359375,7079.7880859375,17536.384765625,52471.74609375,2773.469970703125,1489.0775146484375,23024.091796875,7202.35791015625,18534.103515625,34363.86328125,160.49026489257812,5843.42041015625,8197.732421875,8908.7138671875,-45.73546600341797,-11523.306640625,5002.56201171875,101563.078125,110497.4375,-6566.4814453125,205782.203125
expAE04,NORCE_CISM5-MAR364-ERA-t1,/Volumes/CrucialX8/computing/data/antarctica/ismip6_hackathon/ComputedScalarsHelene/expAE04/shelfmelt/computed_shelfmelt_AIS_NORCE_CISM5-MAR364-ERA-t1_expAE04.nc,3033.370361328125,22186.466796875,6641.05908203125,17662.166015625,69298.859375,3732.557861328125,1354.194580078125,22105.98046875,10468.3359375,18501.296875,47171.27734375,150.71229553222656,4834.5283203125,6911.935546875,8310.8330078125,-203.1139678955078,-10938.876953125,5924.3916015625,118821.8984375,123541.703125,-5217.60009765625,237579.890625
expAE04,PIK_PISM,/Volumes/CrucialX8/computing/data/antarctica/ismip6_hackathon/ComputedScalarsHelene/expAE04/shelfmelt/computed_shelfmelt_AIS_PIK_PISM_expAE04.nc,1432.69921875,18266.318359375,8702.5322265625,10825.0927734375,48730.0703125,2435.744873046875,3096.453857421875,11709.7119140625,11642.7392578125,8738.333984375,23498.61328125,359.0400085449219,433.57562255859375,7300.65283203125,6402.470703125,561.720703125,-4899.14697265625,1019.0510864257812,87956.7109375,75617.4609375,-3318.37548828125,160255.578125
expAE04,UCM_Yelmo,/Volumes/CrucialX8/computing/data/antarctica/ismip6_hackathon/ComputedScalarsHelene/expAE04/shelfmelt/computed_shelfmelt_AIS_UCM_Yelmo_expAE04.nc,3819.157470703125,10451.8779296875,5515.6298828125,4931.63623046875,52119.8359375,1186.370849609375,362.7304382324219,-359.3031921386719,3737.357666015625,16553.037109375,29006.517578125,741.6719970703125,3484.614501953125,4277.978515625,8021.7744140625,-122.6356430053711,-20882.92578125,6517.79248046875,76838.140625,67012.8125,-14487.767578125,129362.9375
expAE04,UCSD_ISSM,/Volumes/CrucialX8/computing/data/antarctica/ismip6_hackathon/ComputedScalarsHelene/expAE04/shelfmelt/computed_shelfmelt_AIS_UCSD_ISSM_expAE04.nc,540.9930419921875,5334.18505859375,-454.993408203125,25552.345703125,6347.26806640625,1256.43408203125,1802.67333984375,14757.572265625,1474.9759521484375,5431.1025390625,1388.4964599609375,211.71749877929688,1888.76611328125,2419.239501953125,3401.68701171875,1157.323974609375,-5363.14794921875,2621.79248046875,37319.7890625,34032.6015625,-1584.0328369140625,69768.5234375
expAE04,ULB_fETISh-KoriBU1,/Volumes/CrucialX8/computing/data/antarctica/ismip6_hackathon/ComputedScalarsHelene/expAE04/shelfmelt/computed_shelfmelt_AIS_ULB_fETISh-KoriBU1_expAE04.nc,2503.9658203125,14043.3486328125,1943.273681640625,6816.322265625,36448.609375,1604.6046142578125,4843.86376953125,6018.4775390625,4993.0166015625,14185.3671875,16405.259765625,466.7688903808594,53.271881103515625,4266.98486328125,10994.0830078125,259.9194030761719,-5050.18017578125,2066.46435546875,61755.4921875,63831.59765625,-2723.793212890625,122863.7421875
expAE04,ULB_fETISh-KoriBU2,/Volumes/CrucialX8/computing/data/antarctica/ismip6_hackathon/ComputedScalarsHelene/expAE04/shelfmelt/computed_shelfmelt_AIS_ULB_fETISh-KoriBU2_expAE04.nc,4522.02734375,26244.958984375,5597.078125,59123.5390625,78853.7109375,1709.4945068359375,2966.68701171875,9157.396484375,7004.95751953125,22524.212890625,30501.08203125,378.04901123046875,498.87774658203125,3913.40625,11040.6416015625,89.15373992919922,-6132.943359375,3342.705322265625,174341.328125,89694.7265625,-2701.083984375,261334.8125
expAE04,UNN_Ua,/Volumes/CrucialX8/computing/data/antarctica/ismip6_hackathon/ComputedScalarsHelene/expAE04/shelfmelt/computed_shelfmelt_AIS_UNN_Ua_expAE04.nc,3199.613525390625,20008.310546875,3205.10302734375,7638.4091796875,61006.48828125,1176.7330322265625,1111.6201171875,8431.8427734375,4748.52099609375,9415.16796875,22739.1875,390.43841552734375,2401.171875,3803.428955078125,4253.369140625,320.2178955078125,-17.493993759155273,7286.0205078125,95057.921875,58471.390625,7588.74560546875,161118.109375
expAE04,UTAS_ElmerIce,/Volumes/CrucialX8/computing/data/antarctica/ismip6_hackathon/ComputedScalarsHelene/expAE04/shelfmelt/computed_shelfmelt_AIS_UTAS_ElmerIce_expAE04.nc,354.040283203125,8169.96337890625,1192.2081298828125,803.3756103515625,28436.98828125,1395.1348876953125,424.6200866699219,3261.099853515625,1358.24853515625,2351.00146484375,12069.4697265625,668.243896484375,357.2450866699219,550.2318115234375,1521.1806640625,332.01763916015625,-3489.43603515625,632.548583984375,38956.578125,23956.10546875,-2524.86962890625,60612.94921875
expAE04,VUB_AISMPALEO,/Volumes/CrucialX8/computing/data/antarctica/ismip6_hackathon/ComputedScalarsHelene/expAE04/shelfmelt/computed_shelfmelt_AIS_VUB_AISMPALEO_expAE04.nc,1010.9542846679688,9591.0478515625,493.6522521972656,1770.1915283203125,34546.80078125,3139.238037109375,-1382.7738037109375,-2610.253173828125,8455.4130859375,749.5780029296875,22269.396484375,280.2791442871094,-251.4984130859375,169.74049377441406,1063.623291015625,707.5934448242188,22138.701171875,8757.61328125,47412.66796875,31882.57421875,31603.91015625,110959.1484375
expAE04,VUW_PISM1,/Volumes/CrucialX8/computing/data/antarctica/ismip6_hackathon/ComputedScalarsHelene/expAE04/shelfmelt/computed_shelfmelt_AIS_VUW_PISM1_expAE04.nc,10604.3505859375,20513.916015625,9139.94140625,22772.05078125,154634.203125,-233.18023681640625,1584.861572265625,14574.5390625,9679.16796875,14148.20703125,35300.359375,288.893310546875,5184.43212890625,10039.076171875,17182.6796875,199.2307586669922,-2337.212158203125,10287.7275390625,217664.4375,107748.9140625,8149.74609375,333563.1875
expAE04,VUW_PISM1_s1,/Volumes/CrucialX8/computing/data/antarctica/ismip6_hackathon/ComputedScalarsHelene/expAE04/shelfmelt/computed_shelfmelt_AIS_VUW_PISM1_s1_expAE04.nc,11598.6787109375,23993.267578125,10902.7041015625,19344.119140625,169349.046875,-463.8287658691406,2713.251220703125,17499.29296875,13549.7666015625,16264.427734375,38989.8046875,271.2441711425781,4829.36865234375,11993.8134765625,18882.896484375,188.9546661376953,-2194.7783203125,12127.8330078125,235187.78125,124530.2109375,10122.0087890625,369840.09375
expAE04,VUW_PISM1_s2,/Volumes/CrucialX8/computing/data/antarctica/ismip6_hackathon/ComputedScalarsHelene/expAE04/shelfmelt/computed_shelfmelt_AIS_VUW_PISM1_s2_expAE04.nc,8598.1962890625,17546.08984375,9326.5166015625,19340.48046875,140734.40625,636.0598754882812,1835.7554931640625,10986.4052734375,8638.869140625,10816.0029296875,32587.548828125,371.7610778808594,4619.82421875,9303.888671875,15491.05078125,133.24298095703125,-2592.80224609375,9206.517578125,195545.671875,95287.234375,6746.95751953125,297579.9375
expAE04,VUW_PISM1_s3,/Volumes/CrucialX8/computing/data/antarctica/ismip6_hackathon/ComputedScalarsHelene/expAE04/shelfmelt/computed_shelfmelt_AIS_VUW_PISM1_s3_expAE04.nc,8782.529296875,12718.013671875,8823.8662109375,11382.2158203125,118801.3046875,1741.5745849609375,2227.617431640625,10146.38671875,8789.00390625,11914.001953125,31121.98828125,1040.3929443359375,4978.7177734375,9024.326171875,14885.03515625,74.88016510009766,-2657.713623046875,7589.07568359375,160507.921875,95868.859375,5006.24267578125,261383.15625
expAE04,VUW_PISM1_s4,/Volumes/CrucialX8/computing/data/antarctica/ismip6_hackathon/ComputedScalarsHelene/expAE04/shelfmelt/computed_shelfmelt_AIS_VUW_PISM1_s4_expAE04.nc,11647.3837890625,26211.560546875,9533.478515625,26838.09765625,160000.609375,1447.43896484375,2629.1728515625,19069.865234375,10236.54296875,15168.12109375,41283.89453125,685.4285888671875,5336.5146484375,10066.5185546875,17788.740234375,267.6950378417969,-2361.355712890625,12013.490234375,234231.09375,123712.1484375,9919.8291015625,367863.125
expAE04,VUW_PISM2,/Volumes/CrucialX8/computing/data/antarctica/ismip6_hackathon/ComputedScalarsHelene/expAE04/shelfmelt/computed_shelfmelt_AIS_VUW_PISM2_expAE04.nc,18973.701171875,23271.00390625,15591.5908203125,37601.484375,182779.90625,59.52907180786133,4277.9619140625,18978.734375,12113.2392578125,14427.2939453125,61909.2265625,1144.3941650390625,8055.685546875,15030.9921875,28550.1640625,801.82861328125,-3129.328369140625,20412.365234375,278217.65625,164547.234375,18084.865234375,460849.625
expAE04,VUW_PISM2_s1,/Volumes/CrucialX8/computing/data/antarctica/ismip6_hackathon/ComputedScalarsHelene/expAE04/shelfmelt/computed_shelfmelt_AIS_VUW_PISM2_s1_expAE04.nc,23876.408203125,27662.7578125,19277.845703125,36164.2578125,200132.546875,-0.3624444901943207,6380.392578125,22877.6328125,14868.2080078125,17616.875,60262.9609375,1242.1968994140625,9006.84765625,19993.642578125,32768.48046875,792.2786865234375,-2446.737060546875,23388.259765625,307113.8125,185016.859375,21733.806640625,513864.625
expAE04,VUW_PISM2_s2,/Volumes/CrucialX8/computing/data/antarctica/ismip6_hackathon/ComputedScalarsHelene/expAE04/shelfmelt/computed_shelfmelt_AIS_VUW_PISM2_s2_expAE04.nc,16659.953125,20345.931640625,13963.7412109375,35870.91796875,167793.09375,238.89317321777344,2815.110107421875,16952.771484375,9980.6611328125,12298.4384765625,50804.45703125,1331.795654296875,7440.07275390625,12286.7666015625,26265.275390625,674.003173828125,-3159.12841796875,18571.390625,254633.65625,140414.375,16086.2685546875,411134.15625
expAE04,VUW_PISM2_s3,/Volumes/CrucialX8/computing/data/antarctica/ismip6_hackathon/ComputedScalarsHelene/expAE04/shelfmelt/computed_shelfmelt_AIS_VUW_PISM2_s3_expAE04.nc,14803.9658203125,15770.888671875,14076.84765625,26857.306640625,147637.203125,2542.484130859375,4289.07861328125,12718.83203125,10799.1689453125,12916.8955078125,44806.7109375,1975.2054443359375,8177.76904296875,14287.6611328125,24359.64453125,647.0139770507812,-2743.090087890625,16643.40625,219146.21875,136873.671875,14547.330078125,370567.03125
expAE04,VUW_PISM2_s4,/Volumes/CrucialX8/computing/data/antarctica/ismip6_hackathon/ComputedScalarsHelene/expAE04/shelfmelt/computed_shelfmelt_AIS_VUW_PISM2_s4_expAE04.nc,21453.755859375,30362.380859375,17697.5703125,50661.10546875,191900.046875,1828.796875,5465.970703125,20538.05859375,12699.2705078125,14196.80078125,64120.95703125,1585.931396484375,7808.32861328125,13445.607421875,32764.4453125,873.3839111328125,-2631.4482421875,22106.25390625,312074.90625,174454.03125,20348.189453125,506877.34375
expAE05,DC_ISSM,/Volumes/CrucialX8/computing/data/antarctica/ismip6_hackathon/ComputedScalarsHelene/expAE05/shelfmelt/computed_shelfmelt_AIS_DC_ISSM_expAE05.nc,-1036.4796142578125,16599.83203125,3187.01220703125,5341.20947265625,14248.7109375,584.9954223632812,2228.346923828125,4200.935546875,2049.12646484375,2728.980224609375,7061.32763671875,-328.3990173339844,-929.3958740234375,2165.544921875,697.152099609375,-303.93804931640625,-2933.65087890625,-298.39190673828125,38340.265625,20458.474609375,-3535.97998046875,55263.09375
expAE05,IGE_ElmerIce,/Volumes/CrucialX8/computing/data/antarctica/ismip6_hackathon/ComputedScalarsHelene/expAE05/shelfmelt/computed_shelfmelt_AIS_IGE_ElmerIce_expAE05.nc,-1595.3201904296875,8207.224609375,1510.12158203125,4529.6513671875,6164.06787109375,869.1734008789062,2112.957763671875,5892.12255859375,3446.677734375,3730.36083984375,1632.6220703125,156.25636291503906,-949.2069091796875,579.4908447265625,1847.6539306640625,-71.61085510253906,-3009.071044921875,176.9442596435547,18815.732421875,19318.017578125,-2903.738037109375,35571.8203125
expAE05,ILTS_SICOPOLIS,/Volumes/CrucialX8/computing/data/antarctica/ismip6_hackathon/ComputedScalarsHelene/expAE05/shelfmelt/computed_shelfmelt_AIS_ILTS_SICOPOLIS_expAE05.nc,10304.857421875,170524.3125,11697.90234375,45334.53515625,104559.1328125,3713.97705078125,13579.0693359375,20229.99609375,14830.7978515625,27131.72265625,35056.03125,628.065185546875,-79.00212860107422,17349.697265625,14327.396484375,-10.545257568359375,-677.375244140625,1512.3929443359375,342420.71875,146767.609375,824.47314453125,490012.59375
expAE05,LSCE_GRISLI2,/Volumes/CrucialX8/computing/data/antarctica/ismip6_hackathon/ComputedScalarsHelene/expAE05/shelfmelt/computed_shelfmelt_AIS_LSCE_GRISLI2_expAE05.nc,-1216.4390869140625,48332.70703125,113.26908874511719,1707.4835205078125,28998.23828125,-656.3372192382812,2215.94970703125,1969.7574462890625,5801.9560546875,4160.84228515625,1581.16845703125,-163.24729919433594,-665.8554077148438,-110.1580581665039,1314.180908203125,-260.9607238769531,-3775.716552734375,555.9903564453125,77935.28125,15448.4482421875,-3480.68701171875,89903.0859375
expAE05,LSCE_GRISLI,/Volumes/CrucialX8/computing/data/antarctica/ismip6_hackathon/ComputedScalarsHelene/expAE05/shelfmelt/computed_shelfmelt_AIS_LSCE_GRISLI_expAE05.nc,13250.90234375,116659.890625,18996.265625,31436.541015625,48990.31640625,3438.2763671875,6066.29248046875,21462.01953125,11736.40625,17685.33203125,11768.22265625,2469.3310546875,6985.392578125,12085.037109375,12742.3525390625,1090.25,916.84130859375,8830.4755859375,229333.90625,106438.671875,10837.5673828125,346609.78125
expAE05,NCAR_CISM1,/Volumes/CrucialX8/computing/data/antarctica/ismip6_hackathon/ComputedScalarsHelene/expAE05/shelfmelt/computed_shelfmelt_AIS_NCAR_CISM1_expAE05.nc,-1032.400146484375,22875.904296875,3595.83740234375,3236.656982421875,21025.978515625,1511.2657470703125,1247.2279052734375,-373.072021484375,3238.821533203125,3311.407470703125,8505.8525390625,22.28015899658203,-863.675537109375,666.1389770507812,1572.617919921875,-14.595133781433105,-4897.98291015625,594.9232177734375,49701.97265625,18839.146484375,-4317.6552734375,64184.29296875
expAE05,NCAR_CISM2,/Volumes/CrucialX8/computing/data/antarctica/ismip6_hackathon/ComputedScalarsHelene/expAE05/shelfmelt/computed_shelfmelt_AIS_NCAR_CISM2_expAE05.nc,14114.3427734375,107613.09375,15779.1728515625,35559.1171875,57477.4921875,5707.76123046875,15552.755859375,20972.19921875,14629.857421875,32793.18359375,30036.150390625,1676.6907958984375,770.8035278320312,8807.775390625,9248.7841796875,347.2054138183594,640.2437744140625,3405.052490234375,230543.234375,140195.953125,4392.50244140625,375201.15625
expAE05,NORCE_CISM2-MAR364-ERA-t1,/Volumes/CrucialX8/computing/data/antarctica/ismip6_hackathon/ComputedScalarsHelene/expAE05/shelfmelt/computed_shelfmelt_AIS_NORCE_CISM2-MAR364-ERA-t1_expAE05.nc,725.0170288085938,70039.328125,12115.3515625,23873.478515625,52426.6484375,17695.923828125,5924.634765625,19025.392578125,13059.6201171875,8703.1533203125,28796.736328125,1627.1904296875,-278.0496826171875,5227.6064453125,5939.1005859375,411.3851623535156,-4767.88623046875,1746.526123046875,159179.84375,105721.4921875,-2609.97509765625,262497.875
expAE05,NORCE_CISM3-MAR364-ERA-t1-local,/Volumes/CrucialX8/computing/data/antarctica/ismip6_hackathon/ComputedScalarsHelene/expAE05/shelfmelt/computed_shelfmelt_AIS_NORCE_CISM3-MAR364-ERA-t1-local_expAE05.nc,250.6331329345703,36452.890625,5380.12939453125,7711.13720703125,23255.853515625,3320.548095703125,1896.293701171875,4162.74755859375,8401.0361328125,4535.35888671875,12221.4609375,521.4619750976562,-746.0596313476562,2390.275146484375,2618.039794921875,167.8452606201172,-5039.95458984375,1358.5721435546875,73050.6484375,39321.40234375,-3513.53662109375,108851.3671875
expAE05,NORCE_CISM3-MAR364-ERA-t1-nonlocal,/Volumes/CrucialX8/computing/data/antarctica/ismip6_hackathon/ComputedScalarsHelene/expAE05/shelfmelt/computed_shelfmelt_AIS_NORCE_CISM3-MAR364-ERA-t1-nonlocal_expAE05.nc,309.9767761230469,33303.32421875,6106.95361328125,7229.5048828125,18173.24609375,3775.253173828125,1700.033447265625,2997.29052734375,6128.73486328125,4356.3017578125,8711.7568359375,542.9034423828125,-662.4866943359375,2424.762451171875,2821.9130859375,142.89724731445312,-5074.2509765625,1711.62158203125,65122.984375,32796.3671875,-3219.73193359375,94780.6796875
expAE05,NORCE_CISM3-MAR364-ERA-t1,/Volumes/CrucialX8/computing/data/antarctica/ismip6_hackathon/ComputedScalarsHelene/expAE05/shelfmelt/computed_shelfmelt_AIS_NORCE_CISM3-MAR364-ERA-t1_expAE05.nc,1972.8082275390625,55167.08203125,10382.8359375,31480.77734375,45110.60546875,9179.5947265625,6342.5439453125,15082.287109375,13587.3203125,10360.2958984375,26401.29296875,598.6797485351562,-421.8773193359375,6315.7783203125,5816.064453125,87.1421890258789,-4936.20654296875,1368.875244140625,144114.125,93262.2109375,-3480.187255859375,234253.140625
expAE05,NORCE_CISM4-MAR364-ERA-t1-local,/Volumes/CrucialX8/computing/data/antarctica/ismip6_hackathon/ComputedScalarsHelene/expAE05/shelfmelt/computed_shelfmelt_AIS_NORCE_CISM4-MAR364-ERA-t1-local_expAE05.nc,67.19096374511719,40077.5078125,6019.30712890625,10813.0888671875,30833.44921875,3999.10986328125,1080.0693359375,7333.794921875,8465.8544921875,5714.220703125,13791.83203125,238.34710693359375,-194.22364807128906,3624.1025390625,3722.832275390625,-125.72537994384766,-4905.2314453125,1015.5835571289062,87810.5390625,47775.578125,-4015.37158203125,131571.9375
expAE05,NORCE_CISM4-MAR364-ERA-t1-nonlocal,/Volumes/CrucialX8/computing/data/antarctica/ismip6_hackathon/ComputedScalarsHelene/expAE05/shelfmelt/computed_shelfmelt_AIS_NORCE_CISM4-MAR364-ERA-t1-nonlocal_expAE05.nc,250.42210388183594,35968.96484375,5679.6904296875,12094.634765625,23145.158203125,4731.6240234375,1870.612060546875,6887.60302734375,7755.44189453125,5621.3505859375,10412.86328125,29.525005340576172,-64.27310943603516,3604.289794921875,3949.51708984375,-119.42102813720703,-5064.3173828125,1389.1416015625,77138.859375,44798.6484375,-3794.595703125,118322.3125
expAE05,NORCE_CISM4-MAR364-ERA-t1,/Volumes/CrucialX8/computing/data/antarctica/ismip6_hackathon/ComputedScalarsHelene/expAE05/shelfmelt/computed_shelfmelt_AIS_NORCE_CISM4-MAR364-ERA-t1_expAE05.nc,228.9388427734375,43393.22265625,5718.1865234375,23595.798828125,44640.6015625,6420.79052734375,2181.869384765625,16886.185546875,8054.9814453125,6774.98486328125,20183.05859375,457.24713134765625,-34.80280685424805,3144.354248046875,5566.244140625,-117.78507995605469,-5118.806640625,1148.84765625,117576.71875,69634.90625,-4087.744384765625,183328.6875
expAE05,NORCE_CISM4-MAR364-JRA-t1,/Volumes/CrucialX8/computing/data/antarctica/ismip6_hackathon/ComputedScalarsHelene/expAE05/shelfmelt/computed_shelfmelt_AIS_NORCE_CISM4-MAR364-JRA-t1_expAE05.nc,177.9290313720703,47084.40625,5618.14404296875,23126.8828125,46889.03515625,8507.552734375,2404.790771484375,18061.09765625,7485.0517578125,7268.833984375,20588.072265625,407.515869140625,-91.27963256835938,4752.5556640625,5592.59130859375,-104.12142181396484,-5036.02685546875,1224.7930908203125,122896.40625,74977.0234375,-3915.35595703125,194173.328125
expAE05,NORCE_CISM5-MAR364-ERA-t1-local,/Volumes/CrucialX8/computing/data/antarctica/ismip6_hackathon/ComputedScalarsHelene/expAE05/shelfmelt/computed_shelfmelt_AIS_NORCE_CISM5-MAR364-ERA-t1-local_expAE05.nc,1173.845458984375,43649.6484375,5211.8291015625,12001.1171875,30513.328125,3036.8544921875,859.18896484375,11603.3466796875,8270.3525390625,4766.69580078125,20160.810546875,-622.4939575195312,3379.82470703125,3577.451904296875,3964.120849609375,167.16830444335938,-6597.23291015625,2389.627197265625,92549.7890625,58996.43359375,-4040.4384765625,147757.109375
expAE05,NORCE_CISM5-MAR364-ERA-t1-nonlocal,/Volumes/CrucialX8/computing/data/antarctica/ismip6_hackathon/ComputedScalarsHelene/expAE05/shelfmelt/computed_shelfmelt_AIS_NORCE_CISM5-MAR364-ERA-t1-nonlocal_expAE05.nc,850.0970458984375,39689.08203125,8098.52978515625,17800.974609375,23581.2734375,2227.617919921875,933.2007446289062,12314.5400390625,10584.318359375,6317.48095703125,15176.13671875,-611.1063232421875,2919.525634765625,3913.760498046875,4691.46728515625,-91.71513366699219,-6348.8330078125,2958.96435546875,90019.9375,58466.9765625,-3481.585205078125,145403.234375
expAE05,NORCE_CISM5-MAR364-ERA-t1,/Volumes/CrucialX8/computing/data/antarctica/ismip6_hackathon/ComputedScalarsHelene/expAE05/shelfmelt/computed_shelfmelt_AIS_NORCE_CISM5-MAR364-ERA-t1_expAE05.nc,1074.9940185546875,38908.171875,6944.658203125,16506.572265625,34212.19140625,3390.65966796875,423.1629943847656,7435.93115234375,7003.197265625,5688.40771484375,20335.951171875,-746.9268188476562,2076.735595703125,2814.407958984375,3895.1669921875,-28.471975326538086,-5633.7978515625,1913.5848388671875,97646.578125,52316.75390625,-3748.68603515625,146407.1875
expAE05,PIK_PISM,/Volumes/CrucialX8/computing/data/antarctica/ismip6_hackathon/ComputedScalarsHelene/expAE05/shelfmelt/computed_shelfmelt_AIS_PIK_PISM_expAE05.nc,594.4555053710938,31307.92578125,15248.4453125,20295.09765625,27618.072265625,3662.880859375,5973.6982421875,16502.76171875,17017.958984375,7834.17529296875,14836.9443359375,322.7193908691406,436.34588623046875,8053.7744140625,3660.480712890625,775.4252319335938,-412.9752197265625,2393.67236328125,95063.9921875,78301.984375,2756.121337890625,176121.734375
expAE05,UCM_Yelmo,/Volumes/CrucialX8/computing/data/antarctica/ismip6_hackathon/ComputedScalarsHelene/expAE05/shelfmelt/computed_shelfmelt_AIS_UCM_Yelmo_expAE05.nc,5038.2587890625,21426.814453125,10943.48828125,6413.3525390625,25395.6015625,1806.7801513671875,1177.8306884765625,1331.5914306640625,3884.880126953125,8598.5859375,13041.9375,797.3490600585938,639.6263427734375,5347.60009765625,4115.66943359375,-48.00462341308594,-3067.080810546875,1624.811279296875,69217.515625,40741.8046875,-1490.274169921875,108469.0390625
expAE05,UCSD_ISSM,/Volumes/CrucialX8/computing/data/antarctica/ismip6_hackathon/ComputedScalarsHelene/expAE05/shelfmelt/computed_shelfmelt_AIS_UCSD_ISSM_expAE05.nc,-788.8967895507812,13745.8701171875,-1760.1077880859375,59592.09375,3441.13330078125,407.079345703125,3081.69580078125,12506.2900390625,2388.057373046875,-104.00543975830078,1623.3140869140625,164.04942321777344,-264.2467041015625,653.27587890625,118.49193572998047,-95.08394622802734,-4207.8017578125,-1276.8565673828125,74230.0859375,20573.744140625,-5579.74267578125,89224.3984375
expAE05,ULB_fETISh-KoriBU1,/Volumes/CrucialX8/computing/data/antarctica/ismip6_hackathon/ComputedScalarsHelene/expAE05/shelfmelt/computed_shelfmelt_AIS_ULB_fETISh-KoriBU1_expAE05.nc,3474.37548828125,28226.43359375,6371.22119140625,28095.904296875,23646.4140625,1021.0902709960938,30371.783203125,9065.8349609375,9443.7802734375,15330.8349609375,8004.10009765625,-427.3606872558594,-1478.7052001953125,3750.726318359375,11483.248046875,-541.0603637695312,-5099.453125,881.7219848632812,89814.34375,86565.28125,-4758.7900390625,171621.21875
expAE05,ULB_fETISh-KoriBU2,/Volumes/CrucialX8/computing/data/antarctica/ismip6_hackathon/ComputedScalarsHelene/expAE05/shelfmelt/computed_shelfmelt_AIS_ULB_fETISh-KoriBU2_expAE05.nc,4045.704833984375,67679.8828125,8129.17626953125,116234.0078125,40424.9765625,763.545654296875,13147.4140625,9366.125,9748.1279296875,15147.0419921875,14468.9404296875,-826.9012451171875,-1213.6651611328125,2729.32763671875,7202.6005859375,-519.0266723632812,-6365.19970703125,-174.12881469726562,236513.796875,70532.40625,-7058.35595703125,299987.84375
expAE05,UNN_Ua,/Volumes/CrucialX8/computing/data/antarctica/ismip6_hackathon/ComputedScalarsHelene/expAE05/shelfmelt/computed_shelfmelt_AIS_UNN_Ua_expAE05.nc,2503.751220703125,34339.296875,4223.8466796875,8587.48828125,32862.8046875,1436.9990234375,2506.150634765625,2324.964599609375,6636.8544921875,5037.44384765625,12137.8056640625,180.75135803222656,629.667724609375,2750.595947265625,2486.93115234375,-17.25746726989746,371.2945251464844,2427.989990234375,82517.171875,36127.93359375,2782.02685546875,121427.4140625
expAE05,UTAS_ElmerIce,/Volumes/CrucialX8/computing/data/antarctica/ismip6_hackathon/ComputedScalarsHelene/expAE05/shelfmelt/computed_shelfmelt_AIS_UTAS_ElmerIce_expAE05.nc,-205.43267822265625,16372.1142578125,1790.6964111328125,1499.11572265625,17403.765625,1234.82421875,1169.311279296875,3178.2001953125,2699.30419921875,1228.009033203125,7008.302734375,477.1886291503906,-367.15277099609375,788.6978759765625,906.3809814453125,-46.00270080566406,-1604.025634765625,570.2228393554688,36860.2578125,18322.939453125,-1079.80615234375,54268.51953125
expAE05,VUB_AISMPALEO,/Volumes/CrucialX8/computing/data/antarctica/ismip6_hackathon/ComputedScalarsHelene/expAE05/shelfmelt/computed_shelfmelt_AIS_VUB_AISMPALEO_expAE05.nc,-1779.398681640625,9851.3857421875,-554.8374633789062,1765.264892578125,19599.556640625,3545.086181640625,-546.9677124023438,-3739.09716796875,7444.408203125,-2065.1533203125,13223.115234375,-558.3453979492188,-1096.7655029296875,-2198.4541015625,-101.34242248535156,15.224924087524414,-6164.74267578125,-671.14306640625,28881.984375,13906.177734375,-6820.66015625,36783.1953125
expAE05,VUW_PISM1,/Volumes/CrucialX8/computing/data/antarctica/ismip6_hackathon/ComputedScalarsHelene/expAE05/shelfmelt/computed_shelfmelt_AIS_VUW_PISM1_expAE05.nc,18559.3671875,30122.826171875,13372.4677734375,17062.1328125,90723.9375,-54.00291442871094,2562.22216796875,5530.4912109375,9510.2705078125,7683.5322265625,20835.8671875,234.1973114013672,1486.5545654296875,7527.85400390625,12596.7060546875,41.400665283203125,-964.0005493164062,7203.1962890625,169840.71875,67913.359375,6280.5966796875,244034.84375
expAE05,VUW_PISM1_s1,/Volumes/CrucialX8/computing/data/antarctica/ismip6_hackathon/ComputedScalarsHelene/expAE05/shelfmelt/computed_shelfmelt_AIS_VUW_PISM1_s1_expAE05.nc,23502.474609375,35931.87890625,16181.0556640625,17459.482421875,103440.4375,-311.4911804199219,2710.008544921875,18595.78515625,13320.2607421875,10448.5947265625,23145.701171875,254.6675567626953,2349.340576171875,13147.533203125,14045.353515625,13.465478897094727,-487.15667724609375,8073.53857421875,196515.3125,97705.96875,7599.84765625,301821.09375
expAE05,VUW_PISM1_s2,/Volumes/CrucialX8/computing/data/antarctica/ismip6_hackathon/ComputedScalarsHelene/expAE05/shelfmelt/computed_shelfmelt_AIS_VUW_PISM1_s2_expAE05.nc,14882.7998046875,26087.46484375,13668.076171875,10620.1484375,82468.6328125,37.57054901123047,2773.5859375,11731.205078125,8426.30078125,6491.75927734375,19908.478515625,384.49090576171875,1976.161865234375,7227.89453125,11897.3349609375,-3.141279697418213,-1027.170654296875,6654.04345703125,147727.09375,70854.8671875,5623.73095703125,224205.78125
expAE05,VUW_PISM1_s3,/Volumes/CrucialX8/computing/data/antarctica/ismip6_hackathon/ComputedScalarsHelene/expAE05/shelfmelt/computed_shelfmelt_AIS_VUW_PISM1_s3_expAE05.nc,18048.875,15958.509765625,13064.1923828125,10788.486328125,68338.921875,1354.833251953125,2620.272705078125,8469.162109375,8699.181640625,7023.99658203125,16895.37890625,755.046875,2194.42626953125,8387.6337890625,11864.1787109375,-21.521150588989258,-936.0685424804688,5539.185546875,126198.984375,68263.8515625,4581.5966796875,199044.953125
expAE05,VUW_PISM1_s4,/Volumes/CrucialX8/computing/data/antarctica/ismip6_hackathon/ComputedScalarsHelene/expAE05/shelfmelt/computed_shelfmelt_AIS_VUW_PISM1_s4_expAE05.nc,21307.646484375,35807.16015625,14285.556640625,21127.16015625,89141.1796875,1234.6021728515625,2943.978271484375,7859.103515625,10245.9716796875,9067.3974609375,26031.7890625,781.2811279296875,1788.9410400390625,7539.7822265625,13539.4970703125,-24.527299880981445,-834.6580810546875,7856.82958984375,181668.671875,81032.265625,6997.64404296875,269698.59375
expAE05,VUW_PISM2,/Volumes/CrucialX8/computing/data/antarctica/ismip6_hackathon/ComputedScalarsHelene/expAE05/shelfmelt/computed_shelfmelt_AIS_VUW_PISM2_expAE05.nc,28453.296875,36910.6953125,23208.798828125,26939.078125,106851.0546875,198.29824829101562,7095.09765625,18676.681640625,11895.8837890625,8914.73046875,24534.470703125,1295.00244140625,3592.235595703125,13819.2236328125,21033.5234375,363.5773010253906,-1881.921875,9285.3681640625,222362.90625,111055.1015625,7767.02294921875,341184.875
expAE05,VUW_PISM2_s1,/Volumes/CrucialX8/computing/data/antarctica/ismip6_hackathon/ComputedScalarsHelene/expAE05/shelfmelt/computed_shelfmelt_AIS_VUW_PISM2_s1_expAE05.nc,31561.443359375,44076.96484375,25705.2109375,25054.541015625,126129.546875,63.728248596191406,12879.7060546875,27219.958984375,14391.892578125,10597.447265625,26963.630859375,1330.947998046875,3704.90673828125,21355.328125,22770.75390625,286.4721374511719,-1332.1689453125,10477.486328125,252527.6875,141278.375,9431.7880859375,403238.0
expAE05,VUW_PISM2_s2,/Volumes/CrucialX8/computing/data/antarctica/ismip6_hackathon/ComputedScalarsHelene/expAE05/shelfmelt/computed_shelfmelt_AIS_VUW_PISM2_s2_expAE05.nc,27138.341796875,31603.650390625,19534.375,31870.11328125,93996.0078125,1859.1717529296875,5747.994140625,15802.6240234375,9885.591796875,7224.18505859375,22403.2578125,1248.014892578125,2916.1708984375,12378.04296875,18034.2421875,167.2832794189453,-1919.0771484375,8933.09375,204142.53125,97499.234375,7181.30078125,308823.125
expAE05,VUW_PISM2_s3,/Volumes/CrucialX8/computing/data/antarctica/ismip6_hackathon/ComputedScalarsHelene/expAE05/shelfmelt/computed_shelfmelt_AIS_VUW_PISM2_s3_expAE05.nc,26672.30859375,22034.48046875,17251.287109375,14661.5048828125,82669.578125,1865.1746826171875,7405.13037109375,14473.3583984375,10638.3046875,7863.78369140625,19811.810546875,1539.1837158203125,3738.66064453125,13256.7392578125,16594.1484375,221.24200439453125,-1586.21826171875,7679.4052734375,163289.1875,97186.5234375,6314.43017578125,266789.90625
expAE05,VUW_PISM2_s4,/Volumes/CrucialX8/computing/data/antarctica/ismip6_hackathon/ComputedScalarsHelene/expAE05/shelfmelt/computed_shelfmelt_AIS_VUW_PISM2_s4_expAE05.nc,29818.59765625,43513.16015625,23925.2109375,37646.984375,113103.4765625,3043.65771484375,8125.42041015625,19277.7578125,12839.5888671875,8972.97265625,29022.06640625,1452.905517578125,3144.939453125,15847.4755859375,21145.609375,325.8738098144531,-1372.179931640625,9654.1298828125,248007.4375,122872.4921875,8607.822265625,379487.59375
