variable,region,experiment,n_group1,n_group2,stat,p_value,sig,p_str
shelf area (% chg),AIS,expAE02,18,25,2148.505721038977,0.0001999600079984,***,0.0002 ***
shelf area (% chg),Amundsen,expAE02,18,25,520.6524313323926,0.0001999600079984,***,0.0002 ***
shelf area (% chg),Ross,expAE02,18,25,2093.1795454366597,0.0001999600079984,***,0.0002 ***
shelf area (% chg),FilchnerRonne,expAE02,18,25,3392.2275252245954,0.0001999600079984,***,0.0002 ***
shelf area (% chg),Aurora,expAE02,18,25,735.5317353097355,0.0001999600079984,***,0.0002 ***
shelf area (% chg),Wilkes,expAE02,18,25,412.8396568637096,0.0001999600079984,***,0.0002 ***
shelf area (% chg),AIS,expAE03,18,25,1198.8296974990449,0.0001999600079984,***,0.0002 ***
shelf area (% chg),Amundsen,expAE03,18,25,332.17145732200134,0.0001999600079984,***,0.0002 ***
shelf area (% chg),Ross,expAE03,18,25,1275.6062487375254,0.0001999600079984,***,0.0002 ***
shelf area (% chg),FilchnerRonne,expAE03,18,25,1660.36919395409,0.0001999600079984,***,0.0002 ***
shelf area (% chg),Aurora,expAE03,18,25,627.7998743863232,0.0001999600079984,***,0.0002 ***
shelf area (% chg),Wilkes,expAE03,18,25,396.4581002574191,0.0001999600079984,***,0.0002 ***
shelf area (% chg),AIS,expAE04,18,25,813.7037277791956,0.0001999600079984,***,0.0002 ***
shelf area (% chg),Amundsen,expAE04,18,25,223.379000290652,0.0003999200159968,***,0.0004 ***
shelf area (% chg),Ross,expAE04,18,25,689.7061669403672,0.0001999600079984,***,0.0002 ***
shelf area (% chg),FilchnerRonne,expAE04,18,25,1116.41444038165,0.0001999600079984,***,0.0002 ***
shelf area (% chg),Aurora,expAE04,18,25,310.9708873419234,0.0001999600079984,***,0.0002 ***
shelf area (% chg),Wilkes,expAE04,18,25,253.31496194094424,0.0003999200159968,***,0.0004 ***
shelf area (% chg),AIS,expAE05,18,25,715.1044390732732,0.0001999600079984,***,0.0002 ***
shelf area (% chg),Amundsen,expAE05,18,25,301.48395633968425,0.0001999600079984,***,0.0002 ***
shelf area (% chg),Ross,expAE05,18,25,673.1530907424315,0.0001999600079984,***,0.0002 ***
shelf area (% chg),FilchnerRonne,expAE05,18,25,1105.2305785834028,0.0001999600079984,***,0.0002 ***
shelf area (% chg),Aurora,expAE05,18,25,412.4493346014352,0.0001999600079984,***,0.0002 ***
shelf area (% chg),Wilkes,expAE05,18,25,286.6442330463494,0.0003999200159968,***,0.0004 ***
BMB (Gt/yr),AIS,expAE02,18,25,418.1205820350234,0.0001999600079984,***,0.0002 ***
BMB (Gt/yr),Amundsen,expAE02,18,25,108.9791167891873,0.028994201159768,*,0.0290 *
BMB (Gt/yr),Ross,expAE02,18,25,652.5324295829564,0.0001999600079984,***,0.0002 ***
BMB (Gt/yr),FilchnerRonne,expAE02,18,25,349.7754105761821,0.0001999600079984,***,0.0002 ***
BMB (Gt/yr),Aurora,expAE02,18,25,202.2907591247095,0.0035992801439712,**,0.0036 **
BMB (Gt/yr),Wilkes,expAE02,18,25,68.98336671352868,0.0831833633273345,ns,0.0832 ns
BMB (Gt/yr),AIS,expAE03,18,25,483.2395149217313,0.0001999600079984,***,0.0002 ***
BMB (Gt/yr),Amundsen,expAE03,18,25,61.15467154792971,0.1005798840231953,ns,0.1006 ns
BMB (Gt/yr),Ross,expAE03,18,25,696.5113291069993,0.0001999600079984,***,0.0002 ***
BMB (Gt/yr),FilchnerRonne,expAE03,18,25,591.1677929040878,0.0001999600079984,***,0.0002 ***
BMB (Gt/yr),Aurora,expAE03,18,25,239.0829794852588,0.0011997600479904,**,0.0012 **
BMB (Gt/yr),Wilkes,expAE03,18,25,80.46205997805248,0.0527894421115776,ns,0.0528 ns
BMB (Gt/yr),AIS,expAE04,18,25,574.3379451759937,0.0001999600079984,***,0.0002 ***
BMB (Gt/yr),Amundsen,expAE04,18,25,100.303825516746,0.0283943211357728,*,0.0284 *
BMB (Gt/yr),Ross,expAE04,18,25,856.0568981697386,0.0001999600079984,***,0.0002 ***
BMB (Gt/yr),FilchnerRonne,expAE04,18,25,437.74599522640005,0.0001999600079984,***,0.0002 ***
BMB (Gt/yr),Aurora,expAE04,18,25,307.5309913730706,0.0005998800239952,***,0.0006 ***
BMB (Gt/yr),Wilkes,expAE04,18,25,78.79817915722394,0.043991201759648,*,0.0440 *
BMB (Gt/yr),AIS,expAE05,18,25,489.50785638331377,0.0001999600079984,***,0.0002 ***
BMB (Gt/yr),Amundsen,expAE05,18,25,70.40916132695018,0.0709858028394321,ns,0.0710 ns
BMB (Gt/yr),Ross,expAE05,18,25,778.86222858154,0.0001999600079984,***,0.0002 ***
BMB (Gt/yr),FilchnerRonne,expAE05,18,25,419.3062384669866,0.0001999600079984,***,0.0002 ***
BMB (Gt/yr),Aurora,expAE05,18,25,336.2503165021642,0.0001999600079984,***,0.0002 ***
BMB (Gt/yr),Wilkes,expAE05,18,25,57.10853655112252,0.1089782043591281,ns,0.1090 ns
