Experiment,Model,Path,sector_1,sector_2,sector_3,sector_4,sector_5,sector_6,sector_7,sector_8,sector_9,sector_10,sector_11,sector_12,sector_13,sector_14,sector_15,sector_16,sector_17,sector_18,region_1,region_2,region_3,FilchnerRonne,Ross,Amundsen,AIS
expAE02,DC_ISSM,/Volumes/CrucialX8/computing/data/antarctica/ismip6_hackathon/ComputedScalarsHelene/expAE02/shelfmelt/computed_shelfmelt_AIS_DC_ISSM_expAE02.nc,26208309248,328156479488,26259832832,22817908736,365059866624,234651516928,15723011072,33376169984,33923631104,108847235072,209942052864,11881430016,7932947456,26295181312,90798432256,31774119936,23499825152.0,22221424640,768502530048,773371592704,77495369728,575001938514.5807,562808046096.5161,22817910123.35484,1619369656320
expAE02,IGE_ElmerIce,/Volumes/CrucialX8/computing/data/antarctica/ismip6_hackathon/ComputedScalarsHelene/expAE02/shelfmelt/computed_shelfmelt_AIS_IGE_ElmerIce_expAE02.nc,7965477888,311750721536,19754539008,17412534272,308516552704,234327212032,8893003776,25946171392,22174076928,89120604160,181230616576,8849954816,3427631360,8912128000,36235608064,1925213440,1580375808.0,10271821824,665399721984,619117084672,13777412096,489747171922.5806,546077961050.8387,17412534602.322582,1298294243328
expAE02,ILTS_SICOPOLIS,/Volumes/CrucialX8/computing/data/antarctica/ismip6_hackathon/ComputedScalarsHelene/expAE02/shelfmelt/computed_shelfmelt_AIS_ILTS_SICOPOLIS_expAE02.nc,9000211456,383880855552,13787720704,20843489280,430425702400,237313818624,21111326720,29390604288,36665729024,84910759936,229505515520,9045695488,3589407488,20834398208,81527300096,24202266624,18053222400.0,6286142464,857938067456,753894490112,48541630464,659931265486.4517,621194661491.6129,20843490403.096775,1660374220800
expAE02,LSCE_GRISLI2,/Volumes/CrucialX8/computing/data/antarctica/ismip6_hackathon/ComputedScalarsHelene/expAE02/shelfmelt/computed_shelfmelt_AIS_LSCE_GRISLI2_expAE02.nc,9144881152,183743365120,11069212672,4944662016,79312822272,34249181184,6777843200,9935469568,15525308416,26510798848,37575270400,5313398272,3436843776,4687919104,15442131968,6140692480,2368516608.0,6956079104,288214941696,159454167040,15465287680,116888092341.67741,217992534940.90323,4944662040.774194,463134359552
expAE02,LSCE_GRISLI,/Volumes/CrucialX8/computing/data/antarctica/ismip6_hackathon/ComputedScalarsHelene/expAE02/shelfmelt/computed_shelfmelt_AIS_LSCE_GRISLI_expAE02.nc,5140168192,219033714688,5318920704,3866828032,74277167104,23950766080,4235002880,5486806016,9088922624,23628740608,24730494976,4679247360,2936210176,3054380288,12411904000,3666711040,1032473792.0,4266505216,307636731904,114202476544,8965690368,99007664920.7742,242984444201.2903,3866828032.0,430804992000
expAE02,NCAR_CISM1,/Volumes/CrucialX8/computing/data/antarctica/ismip6_hackathon/ComputedScalarsHelene/expAE02/shelfmelt/computed_shelfmelt_AIS_NCAR_CISM1_expAE02.nc,25814636544,313714638848,46740717568,26531792896,358371033088,237027737600,10660794368,20609327104,37559033856,105908822016,208335437824,7176263168,6243315200,37045923840,89252904960,11615860736,34807537664.0,30902589440,771172859904,759819534336,77325991936,566706422817.0322,550742383318.7097,26531791574.70968,1608318320640
expAE02,NCAR_CISM2,/Volumes/CrucialX8/computing/data/antarctica/ismip6_hackathon/ComputedScalarsHelene/expAE02/shelfmelt/computed_shelfmelt_AIS_NCAR_CISM2_expAE02.nc,42509049856,369207345152,55490027520,37381054464,410214629376,237991346176,12679074816,28533794816,70653181952,126085513216,226652667904,9163842560,8926574592,52963135488,103029637120,29954117632,42319159296.0,53359177728,914802147328,876678742016,125632471040,636867360173.4193,607198705069.4193,37381053803.354836,1917113466880
expAE02,NORCE_CISM2-MAR364-ERA-t1,/Volumes/CrucialX8/computing/data/antarctica/ismip6_hackathon/ComputedScalarsHelene/expAE02/shelfmelt/computed_shelfmelt_AIS_NORCE_CISM2-MAR364-ERA-t1_expAE02.nc,37463887872,327988838400,53819330560,36586516480,410102202368,238421835776,16885053440,34794442752,71088177152,139982602240,222261329920,15311331328,14427721728,54341496832,104855035904,28898435072,49464119296.0,54286675968,865960722432,912368926720,132649246720,632363461995.3549,566410653563.871,36586517272.77419,1910979166208
expAE02,NORCE_CISM3-MAR364-ERA-t1-local,/Volumes/CrucialX8/computing/data/antarctica/ismip6_hackathon/ComputedScalarsHelene/expAE02/shelfmelt/computed_shelfmelt_AIS_NORCE_CISM3-MAR364-ERA-t1-local_expAE02.nc,33237360640,332100435968,51472990208,32026359808,363583635456,238204960768,14316214272,30569879552,68582744064,106832437248,207923232768,16451817472,12010696704,46742020096,96042541056,22957146112,50060980224.0,50974789632,812420825088,837676498944,123992891392,571506888307.6129,570305381409.0322,32026360468.64516,1774090321920
expAE02,NORCE_CISM3-MAR364-ERA-t1-nonlocal,/Volumes/CrucialX8/computing/data/antarctica/ismip6_hackathon/ComputedScalarsHelene/expAE02/shelfmelt/computed_shelfmelt_AIS_NORCE_CISM3-MAR364-ERA-t1-nonlocal_expAE02.nc,32718497792,329472868352,52727103488,32346224640,352372654080,237068419072,14496267264,29202196480,53198995456,89641869312,203956387840,16236033024,10626497536,32827396096,91070980096,18672838656,34552791040.0,45778239488,799637176320,778325000192,99003875328,556329002809.8064,566541253598.9678,32346223120.51613,1676966100992
expAE02,NORCE_CISM3-MAR364-ERA-t1,/Volumes/CrucialX8/computing/data/antarctica/ismip6_hackathon/ComputedScalarsHelene/expAE02/shelfmelt/computed_shelfmelt_AIS_NORCE_CISM3-MAR364-ERA-t1_expAE02.nc,35128438784,335521972224,56268021760,40589922304,399690596352,237003751424,17610629120,36551102464,73067077632,129494597632,217960038400,17206013952,16048771072,60271706112,101558632448,33210599424,53174988800.0,56538591232,867198894080,906772283392,142924201984,617650616253.9354,572525657583.4839,40589919661.41936,1916895756288
expAE02,NORCE_CISM4-MAR364-ERA-t1-local,/Volumes/CrucialX8/computing/data/antarctica/ismip6_hackathon/ComputedScalarsHelene/expAE02/shelfmelt/computed_shelfmelt_AIS_NORCE_CISM4-MAR364-ERA-t1-local_expAE02.nc,35632812032,332205916160,62500818944,38159630336,369492819968,238617640960,19002335232,35101683712,61239947264,116428128256,209835720704,18532825088,17406199808,40626974720,97437990912,27300913152,49341927424.0,46748639232,837991923712,854229319680,123391475712,579328535915.3549,570823522237.9354,38159628882.58064,1815613014016
expAE02,NORCE_CISM4-MAR364-ERA-t1-nonlocal,/Volumes/CrucialX8/computing/data/antarctica/ismip6_hackathon/ComputedScalarsHelene/expAE02/shelfmelt/computed_shelfmelt_AIS_NORCE_CISM4-MAR364-ERA-t1-nonlocal_expAE02.nc,34969296896,316945006592,62840975360,36142809088,355195879424,238646509568,17570297856,34187710464,39914459136,91641929728,206807580672,18832187392,16435008512,36654067712,93055655936,24405282816,38903877632.0,45313589248,806093979648,793745424384,108622757888,562003451639.742,555591548399.4839,36142807304.258064,1708462178304
expAE02,NORCE_CISM4-MAR364-ERA-t1,/Volumes/CrucialX8/computing/data/antarctica/ismip6_hackathon/ComputedScalarsHelene/expAE02/shelfmelt/computed_shelfmelt_AIS_NORCE_CISM4-MAR364-ERA-t1_expAE02.nc,36435767296,332971999232,62896898048,40518455296,395004280832,237830586368,21475221504,41460232192,76020097024,134656385024,217704742912,18920826880,22683017216,63000424448,99986292736,35667365888,55188795392.0,55063687168,867827449856,933737791488,145919836160,612709013702.1936,570802606212.129,40518457410.064514,1947485077504
expAE02,NORCE_CISM4-MAR364-JRA-t1,/Volumes/CrucialX8/computing/data/antarctica/ismip6_hackathon/ComputedScalarsHelene/expAE02/shelfmelt/computed_shelfmelt_AIS_NORCE_CISM4-MAR364-JRA-t1_expAE02.nc,35722420224,310752477184,62859251712,40352788480,399416360960,237241303040,21493125120,41522663424,76021809152,129405640704,217973063680,18961876992,22492585984,64019148800,99876175872,35545690112,54877970432.0,55062089728,849103224832,929007337472,145485758464,617389433096.258,547993781809.5484,40352782269.935486,1923596550144
expAE02,NORCE_CISM5-MAR364-ERA-t1-local,/Volumes/CrucialX8/computing/data/antarctica/ismip6_hackathon/ComputedScalarsHelene/expAE02/shelfmelt/computed_shelfmelt_AIS_NORCE_CISM5-MAR364-ERA-t1-local_expAE02.nc,45550129152,335495135232,74431430656,51037020160,375250681856,243397148672,22584944640,49038888960,66933682176,122071875584,220216524800,34033901568,37367111680,49448558592,103284637696,30979291136,40804753408.0,60537360384,881764401152,948377288704,132321419264,595467221454.4517,578892308215.742,51037013949.935486,1962463068160
expAE02,NORCE_CISM5-MAR364-ERA-t1-nonlocal,/Volumes/CrucialX8/computing/data/antarctica/ismip6_hackathon/ComputedScalarsHelene/expAE02/shelfmelt/computed_shelfmelt_AIS_NORCE_CISM5-MAR364-ERA-t1-nonlocal_expAE02.nc,43990507520,338350145536,72767856640,51387609088,355451502592,243597705216,22611113984,56356216832,50003578880,106785497088,216761384960,32945305600,35833978880,46350958592,99330228224,30891812864,38284283904.0,57917755392,861947625472,910575861760,127093850112,572212837871.4839,581947835425.0322,51387614637.41936,1899617583104
expAE02,NORCE_CISM5-MAR364-ERA-t1,/Volumes/CrucialX8/computing/data/antarctica/ismip6_hackathon/ComputedScalarsHelene/expAE02/shelfmelt/computed_shelfmelt_AIS_NORCE_CISM5-MAR364-ERA-t1_expAE02.nc,45439275008,328610021376,76727402496,54323888128,385013841920,240483090432,27680665600,51131727872,77731356672,149395521536,222878793728,34099691520,42995564544,69668143104,105651740672,42789748736,75963678720.0,70359195648,890114473984,1021716267008,189112614912,607892658902.7097,569093097009.5483,54323888524.3871,2100943519744
expAE02,PIK_PISM,/Volumes/CrucialX8/computing/data/antarctica/ismip6_hackathon/ComputedScalarsHelene/expAE02/shelfmelt/computed_shelfmelt_AIS_PIK_PISM_expAE02.nc,3740882944,180491485184,12757794816,9543328768,46837317632,79021498368,2290499584,5064467968,7949826048,9776385024,56100024320,1733949696,1610912768,5196498432,3830480640,1741972480,3373484288.0,7585573888,253370793984,172574556160,12701031424,102937351333.16129,259512981140.64517,9543329098.32258,438646374400
expAE02,UCM_Yelmo,/Volumes/CrucialX8/computing/data/antarctica/ismip6_hackathon/ComputedScalarsHelene/expAE02/shelfmelt/computed_shelfmelt_AIS_UCM_Yelmo_expAE02.nc,3944636928,206700298240,17788569600,9112402944,269424197632,222076338176,16825869312,22330263552,13497307136,32525471744,143601958912,15095682048,13460123648,16340614144,13029092352,8984323072,5222508544.0,3224894464,506970144768,508782706688,17431726080,413026151523.0968,428776622146.0645,9112402844.903225,1033184673792
expAE02,UCSD_ISSM,/Volumes/CrucialX8/computing/data/antarctica/ismip6_hackathon/ComputedScalarsHelene/expAE02/shelfmelt/computed_shelfmelt_AIS_UCSD_ISSM_expAE02.nc,27693326336,320587595776,42775629824,43749474304,319169855488,232448311296,10742576128,33298550784,61163405312,120782020608,189667262464,6024197120,4566780416,36541816832,81920696320,22792962048,35360030720.0,36920782848,753975820288,777155575808,95073787904,508837109495.74194,553035921870.4517,43749473511.22581,1626205454336
expAE02,ULB_fETISh-KoriBU1,/Volumes/CrucialX8/computing/data/antarctica/ismip6_hackathon/ComputedScalarsHelene/expAE02/shelfmelt/computed_shelfmelt_AIS_ULB_fETISh-KoriBU1_expAE02.nc,34482020352,230845693952,43738161152,44223356928,348825747456,225328365568,24514889728,38296641536,60011827200,66853556224,214356361216,26912370688,34544910336,30287935488,37286604800,14855023616,55378276352.0,49864335360,702115020800,758393470976,120097611776,563182175793.5483,456174063219.6129,44223357985.03226,1580606291968
expAE02,ULB_fETISh-KoriBU2,/Volumes/CrucialX8/computing/data/antarctica/ismip6_hackathon/ComputedScalarsHelene/expAE02/shelfmelt/computed_shelfmelt_AIS_ULB_fETISh-KoriBU2_expAE02.nc,27581853696,229384962048,43729334272,45856112640,345509789696,224266321920,24204441600,34843033600,32408545280,71846764544,213322514432,27117561856,35285409792,30923507712,42043408384,16971772928,50896601088.0,42265075712,692062060544,736261439488,110133428224,558832325797.1613,453651254899.6129,45856118717.935486,1538457075712
expAE02,UNN_Ua,/Volumes/CrucialX8/computing/data/antarctica/ismip6_hackathon/ComputedScalarsHelene/expAE02/shelfmelt/computed_shelfmelt_AIS_UNN_Ua_expAE02.nc,24541728768,300773277696,34182600704,34779107328,344213651456,220467609600,4801745920,16525699072,53109006336,79465332736,176765501440,2441190656,3787336192,23908263936,74959863808,18970499072,28811751424.0,9154442240,738490384384,656231563264,56936681472,520979131226.8387,521240853470.9677,34779106799.48387,1451658444800
expAE02,UTAS_ElmerIce,/Volumes/CrucialX8/computing/data/antarctica/ismip6_hackathon/ComputedScalarsHelene/expAE02/shelfmelt/computed_shelfmelt_AIS_UTAS_ElmerIce_expAE02.nc,12226783232,335799615488,19172085760,10889934848,372469334016,235014471680,13383884800,20523274240,57353412608,103650893824,203524243456,13774204928,5477913088,10010490880,90175315968,28005384192,38762639360.0,14944314368,750557790208,752888119296,81712340992,575993539418.8387,570814097209.8064,10889934385.548388,1585158160384
expAE02,VUB_AISMPALEO,/Volumes/CrucialX8/computing/data/antarctica/ismip6_hackathon/ComputedScalarsHelene/expAE02/shelfmelt/computed_shelfmelt_AIS_VUB_AISMPALEO_expAE02.nc,0,301006094336,34804508,0,335136522240,216596922368,349750176,0,44843220992,5885750272,181727723520,2236736000,0,0,78998183936,15296582656,1552515456.0,0,636177350656,530638307328,16849097728,516864284870.19354,517602984993.0323,0.0,1183664963584
expAE02,VUW_PISM1,/Volumes/CrucialX8/computing/data/antarctica/ismip6_hackathon/ComputedScalarsHelene/expAE02/shelfmelt/computed_shelfmelt_AIS_VUW_PISM1_expAE02.nc,8454225920,86192259072,21418450944,16101386240,45742112768,18058940416,5856459776,11820571648,21219758080,68960124928,28109006848,8014885376,12305507328,21802891264,14821781504,2363585024,9347065856.0,10951038976,177908432896,210969903104,22661691392,73851122588.90323,104251203220.64516,16101386240.0,411540062208
expAE02,VUW_PISM1_s1,/Volumes/CrucialX8/computing/data/antarctica/ismip6_hackathon/ComputedScalarsHelene/expAE02/shelfmelt/computed_shelfmelt_AIS_VUW_PISM1_s1_expAE02.nc,10346060800,85206016000,22316972032,13783784448,46789672960,17894881280,6520123392,13969260544,22322335744,61766029312,27894865920,8209001472,12423344128,27715180544,15329754112,2338526208,9223015424.0,11187382272,178442502144,214044786688,22748923904,74684532471.74193,103100903523.09677,13783785075.612904,415236194304
expAE02,VUW_PISM1_s2,/Volumes/CrucialX8/computing/data/antarctica/ismip6_hackathon/ComputedScalarsHelene/expAE02/shelfmelt/computed_shelfmelt_AIS_VUW_PISM1_s2_expAE02.nc,7910047232,84018282496,21719353344,12985141248,45411282944,18488121344,4948882432,9421217792,21221609472,66558066688,28011071488,7825085952,11392015360,21252513792,14109929472,2304009728,10011642880.0,10336781312,172044124160,203228512256,22652432384,73422360840.25807,102506408993.03226,12985140653.419355,397925023744
expAE02,VUW_PISM1_s3,/Volumes/CrucialX8/computing/data/antarctica/ismip6_hackathon/ComputedScalarsHelene/expAE02/shelfmelt/computed_shelfmelt_AIS_VUW_PISM1_s3_expAE02.nc,9885251584,82416230400,21696661504,17332672512,41976356864,18390945792,6058497536,9018848256,21578110976,61670113280,25161844736,8233211392,12912235520,18308179968,15214926848,2828364544,8244448256.0,11679922176,173307183104,196546904064,22752733184,67138203648.0,100807179891.6129,17332671653.16129,392606777344
expAE02,VUW_PISM1_s4,/Volumes/CrucialX8/computing/data/antarctica/ismip6_hackathon/ComputedScalarsHelene/expAE02/shelfmelt/computed_shelfmelt_AIS_VUW_PISM1_s4_expAE02.nc,9179011072,86662815744,22159915008,14055402496,45823700992,17849974784,6627916800,11701557248,21886332928,68080664576,28732870656,8032378368,12244313088,22985134080,15473029120,2348146176,8440411648.0,11416637440,177880858624,213614182400,22205196288,74556577990.19354,104512791783.2258,14055402033.548388,413700194304
expAE02,VUW_PISM2,/Volumes/CrucialX8/computing/data/antarctica/ismip6_hackathon/ComputedScalarsHelene/expAE02/shelfmelt/computed_shelfmelt_AIS_VUW_PISM2_expAE02.nc,10791427072,89531695104,25813460992,18156140544,49109979136,18543935488,6908090880,14346809344,21739671552,71564574720,38751973376,13817515008,12303998976,22220206080,19430105088,2956873984,9415498752.0,13135340544,193402683392,239626878976,25507713024,87861951851.35484,108075644267.35484,18156140973.419353,458537369600
expAE02,VUW_PISM2_s1,/Volumes/CrucialX8/computing/data/antarctica/ismip6_hackathon/ComputedScalarsHelene/expAE02/shelfmelt/computed_shelfmelt_AIS_VUW_PISM2_s1_expAE02.nc,12073453568,96074285056,28755378176,17388460032,51525226496,18905829376,7330518016,15584375808,22647089152,71148544000,42376151040,11759672320,13146696704,25326759936,21555193856,2886673408,8571483648.0,14265572352,205816791040,249780846592,25723731968,93901374100.64516,114980109312.0,17388459503.48387,481321353216
expAE02,VUW_PISM2_s2,/Volumes/CrucialX8/computing/data/antarctica/ismip6_hackathon/ComputedScalarsHelene/expAE02/shelfmelt/computed_shelfmelt_AIS_VUW_PISM2_s2_expAE02.nc,10408514560,88072421376,24766371840,14824053760,47146622976,20429322240,6713104384,9877081088,21418278912,70918987776,37390004224,14332252160,12094006272,20516083712,18532999168,3048120832,11281509376.0,12524394496,185217974272,232222130176,26854023168,84536626010.83871,108501738264.7742,14824051381.67742,444294135808
expAE02,VUW_PISM2_s3,/Volumes/CrucialX8/computing/data/antarctica/ismip6_hackathon/ComputedScalarsHelene/expAE02/shelfmelt/computed_shelfmelt_AIS_VUW_PISM2_s3_expAE02.nc,10343495680,93074898944,25280890880,17941768192,47800233984,18647267328,6992304128,11722688512,21583222784,67385835520,34667663360,13036516352,14028387328,21676308480,18243442688,3636427520,9272473600.0,12983982080,194441265152,227983638528,25892882432,82467894635.35484,111722157089.03226,17941766870.70968,448317784064
expAE02,VUW_PISM2_s4,/Volumes/CrucialX8/computing/data/antarctica/ismip6_hackathon/ComputedScalarsHelene/expAE02/shelfmelt/computed_shelfmelt_AIS_VUW_PISM2_s4_expAE02.nc,10135275520,91658862592,26608875520,16104324096,49532801024,17615149056,7119006720,14832841728,21786068992,74506665984,41810006016,12275782656,12335922176,23221409792,21808699392,3190326016,9129912320.0,13609886720,194040119296,247311581184,25930123264,91342810607.48387,109274014951.2258,16104322774.709677,467281838080
expAE03,DC_ISSM,/Volumes/CrucialX8/computing/data/antarctica/ismip6_hackathon/ComputedScalarsHelene/expAE03/shelfmelt/computed_shelfmelt_AIS_DC_ISSM_expAE03.nc,10319013888,101085978624,22778159104,14732824576,359898349568,29363226624,16667360256,28859029504,43565678592,62890848256,209594400768,12021527552,8081037824,23209558016,28178362368,32250978304,40132579328.0,13443093504,508814426112,462431027200,85826650112,569492766720.0,130449209740.3871,14732824476.903225,1057072021504
expAE03,IGE_ElmerIce,/Volumes/CrucialX8/computing/data/antarctica/ismip6_hackathon/ComputedScalarsHelene/expAE03/shelfmelt/computed_shelfmelt_AIS_IGE_ElmerIce_expAE03.nc,3880570368,231792361472,7779456000,14730904576,290574893056,172467355648,5013603328,15267720192,7859736064,30589024256,173990313984,2357595648,2341536000,7489225216,7962388480,1966293760,1197138944.0,7137563648,548758159360,425338470400,10300996608,464565225009.5484,404259711306.3226,14730904576.0,984397709312
expAE03,ILTS_SICOPOLIS,/Volumes/CrucialX8/computing/data/antarctica/ismip6_hackathon/ComputedScalarsHelene/expAE03/shelfmelt/computed_shelfmelt_AIS_ILTS_SICOPOLIS_expAE03.nc,2150351872,128051314688,2126483712,23477630976,400215539712,2130129024,23336527872,20600862720,35199234048,43286351872,223781781504,8621632512,2833057536,18185474048,23195492352,28590106624,38625988608.0,3795444224,556021252096,401170530304,71011524608,623997269421.4193,130181440322.06451,23477629126.19355,1028203413504
expAE03,LSCE_GRISLI2,/Volumes/CrucialX8/computing/data/antarctica/ismip6_hackathon/ComputedScalarsHelene/expAE03/shelfmelt/computed_shelfmelt_AIS_LSCE_GRISLI2_expAE03.nc,943596032,37722071040,581636224,1697533056,70423896064,1716335744,6426970624,7324993536,11384030208,10390036480,16834061312,4887848448,2880399872,3486994176,4382554624,5186607616,363020832.0,747965376,111368708096,69714231296,6297594368,87257955261.93549,39438401399.741936,1697533336.7741935,187380580352
expAE03,LSCE_GRISLI,/Volumes/CrucialX8/computing/data/antarctica/ismip6_hackathon/ComputedScalarsHelene/expAE03/shelfmelt/computed_shelfmelt_AIS_LSCE_GRISLI_expAE03.nc,636484032,56599355392,1054252992,24400101376,57865310208,535287328,3934980864,4892919296,5535685120,6017449984,8318464512,2067112704,1537780096,2568899840,5052410880,3004341760,411437696.0,872387008,140555501568,40460996608,4288165888,66183782185.29032,57134636705.03226,24400102763.35484,185304678400
expAE03,NCAR_CISM1,/Volumes/CrucialX8/computing/data/antarctica/ismip6_hackathon/ComputedScalarsHelene/expAE03/shelfmelt/computed_shelfmelt_AIS_NCAR_CISM1_expAE03.nc,13900598272,115158999040,27683934208,22288711680,354970632192,94665269248,12426884096,23436468224,46335860736,57294471168,207500967936,7943302656,8206953984,27981846528,52028932096,24778973184,40202199040.0,12915934208,534002958336,537820954624,77897113600,562471615454.9678,209824276744.25806,22288709830.19355,1149720985600
expAE03,NCAR_CISM2,/Volumes/CrucialX8/computing/data/antarctica/ismip6_hackathon/ComputedScalarsHelene/expAE03/shelfmelt/computed_shelfmelt_AIS_NCAR_CISM2_expAE03.nc,21562589184,251086569472,34464116736,38817206272,396002951168,226796273664,17448140800,36423892992,72528330752,120626995200,221291905024,13089723392,11696640000,50942480384,25021188096,27554138112,41575493632.0,27067049984,741933449216,795865579520,96196698112,617294830294.7097,477882826223.4839,38817199269.16129,1633995718656
expAE03,NORCE_CISM2-MAR364-ERA-t1,/Volumes/CrucialX8/computing/data/antarctica/ismip6_hackathon/ComputedScalarsHelene/expAE03/shelfmelt/computed_shelfmelt_AIS_NORCE_CISM2-MAR364-ERA-t1_expAE03.nc,36948074496,357173002240,47737974784,32956735488,400571465728,231213416448,20200142848,36026540032,62244564992,70994673664,213945106432,17240496128,14654039040,27976411136,78305058816,30304698368,43158478848.0,36407222272,875387224064,772800380928,109870399488,614516575859.6129,588386447227.871,32956735620.129032,1758058250240
expAE03,NORCE_CISM3-MAR364-ERA-t1-local,/Volumes/CrucialX8/computing/data/antarctica/ismip6_hackathon/ComputedScalarsHelene/expAE03/shelfmelt/computed_shelfmelt_AIS_NORCE_CISM3-MAR364-ERA-t1-local_expAE03.nc,27206619136,179290554368,39830626304,29511002112,358965805056,178242043904,16692958208,33491771392,71503552512,81693818880,207365685248,17673920512,15426507776,39836061696,75307229184,31936874496,44578361344.0,23513772032,634804568064,737233600512,100028997632,566331469163.3549,357532611220.64514,29511001913.80645,1472067141632
expAE03,NORCE_CISM3-MAR364-ERA-t1-nonlocal,/Volumes/CrucialX8/computing/data/antarctica/ismip6_hackathon/ComputedScalarsHelene/expAE03/shelfmelt/computed_shelfmelt_AIS_NORCE_CISM3-MAR364-ERA-t1-nonlocal_expAE03.nc,21077180416,94456070144,35340308480,22693621760,351011209216,48809832448,16334519296,30099099648,61405622272,54177468416,203990597632,17223763968,11756078080,31367217152,58541207552,32214794240,43773157376.0,19701235712,524578422784,533705392128,95689187328,555001843844.129,143265923600.51614,22693622618.83871,1153973223424
expAE03,NORCE_CISM3-MAR364-ERA-t1,/Volumes/CrucialX8/computing/data/antarctica/ismip6_hackathon/ComputedScalarsHelene/expAE03/shelfmelt/computed_shelfmelt_AIS_NORCE_CISM3-MAR364-ERA-t1_expAE03.nc,34029903872,350068080640,47688781824,39566581760,391887585280,223177670656,18921148416,37810372608,67541389312,76452691968,213210497024,17816367104,16771207168,40187187200,82526289920,33333452800,42974158848.0,37818331136,863240912896,794414874624,114125938688,605098137798.1936,573245737554.5807,39566581363.6129,1771781750784
expAE03,NORCE_CISM4-MAR364-ERA-t1-local,/Volumes/CrucialX8/computing/data/antarctica/ismip6_hackathon/ComputedScalarsHelene/expAE03/shelfmelt/computed_shelfmelt_AIS_NORCE_CISM4-MAR364-ERA-t1-local_expAE03.nc,29840347136,176192356352,44488814592,28162664448,363089985536,184003117056,21163675648,34948968448,70439411712,79074877440,209759584256,20127029248,22526531584,32503666688,80915660800,36557131776,44387520512.0,29249431552,641774190592,755462504448,110194073600,572849516411.871,360195469444.129,28162664183.741936,1507430891520
expAE03,NORCE_CISM4-MAR364-ERA-t1-nonlocal,/Volumes/CrucialX8/computing/data/antarctica/ismip6_hackathon/ComputedScalarsHelene/expAE03/shelfmelt/computed_shelfmelt_AIS_NORCE_CISM4-MAR364-ERA-t1-nonlocal_expAE03.nc,25097742336,109333520384,38230994944,24178636800,352187252736,57700745216,19238199296,32179587072,44332892160,60222722048,207516303360,19764670464,18964375552,30498736128,62407065600,36537253888,44082958336.0,26538602496,549028167680,552825257984,107158814720,559703577236.6451,167034259588.12903,24178637526.70968,1209012453376
expAE03,NORCE_CISM4-MAR364-ERA-t1,/Volumes/CrucialX8/computing/data/antarctica/ismip6_hackathon/ComputedScalarsHelene/expAE03/shelfmelt/computed_shelfmelt_AIS_NORCE_CISM4-MAR364-ERA-t1_expAE03.nc,36449046528,359935344640,51467763712,37505208320,387369992192,218615742464,22276800512,43776589824,74843586560,93399588864,215545298944,20639428608,24440551424,43661131776,92514074624,36510384128,41698111488.0,43262787584,872727314432,849712906240,121471295488,602915265238.7097,578551154225.5483,37505208452.129036,1843911458816
expAE03,NORCE_CISM4-MAR364-JRA-t1,/Volumes/CrucialX8/computing/data/antarctica/ismip6_hackathon/ComputedScalarsHelene/expAE03/shelfmelt/computed_shelfmelt_AIS_NORCE_CISM4-MAR364-JRA-t1_expAE03.nc,35843940352,357153767424,51527954432,37332381696,390628507648,220621275136,22313666560,43725266944,74396131328,88852979712,215506878464,20643330048,24319309824,44503703552,92306087936,36469129216,42625126400.0,43509886976,872486666240,847188525056,122604134400,606135407252.6451,577775055772.9032,37332384668.90323,1842279350272
expAE03,NORCE_CISM5-MAR364-ERA-t1-local,/Volumes/CrucialX8/computing/data/antarctica/ismip6_hackathon/ComputedScalarsHelene/expAE03/shelfmelt/computed_shelfmelt_AIS_NORCE_CISM5-MAR364-ERA-t1-local_expAE03.nc,44941148160,202365239296,57570430976,39995498496,366462402560,190511022080,26688645120,55797551104,75099348992,90789109760,219088027648,35853012992,44232560640,48462172160,90048094208,42416254976,50169831424.0,35391979520,711334756352,876569493504,127978070016,585550447649.0322,392876273796.129,39995498628.129036,1715882295296
expAE03,NORCE_CISM5-MAR364-ERA-t1-nonlocal,/Volumes/CrucialX8/computing/data/antarctica/ismip6_hackathon/ComputedScalarsHelene/expAE03/shelfmelt/computed_shelfmelt_AIS_NORCE_CISM5-MAR364-ERA-t1-nonlocal_expAE03.nc,38513418240,126640431104,49737547776,36752175104,351326142464,61890695168,23906856960,49978671104,55151271936,77863723008,216403623936,34655903744,38013353984,43996381184,75774435328,43935506432,52757950464.0,38816137216,602969669632,677634965504,135509606400,567729764814.4517,188531122704.51614,36752176161.03226,1416114077696
expAE03,NORCE_CISM5-MAR364-ERA-t1,/Volumes/CrucialX8/computing/data/antarctica/ismip6_hackathon/ComputedScalarsHelene/expAE03/shelfmelt/computed_shelfmelt_AIS_NORCE_CISM5-MAR364-ERA-t1_expAE03.nc,50363617280,375884644352,63827656704,50547888128,380665495552,222554292224,27828426752,55510429696,78088298496,114823823360,221506666496,35549868032,47547367424,58788864000,101757886464,43140173824,55708049408.0,53272961024,921289162752,963955916800,152121196544,602172195873.0322,598438875796.6451,50547886806.70968,2037366521856
expAE03,PIK_PISM,/Volumes/CrucialX8/computing/data/antarctica/ismip6_hackathon/ComputedScalarsHelene/expAE03/shelfmelt/computed_shelfmelt_AIS_PIK_PISM_expAE03.nc,3097639680,19185965056,10858307584,8810376192,52964478976,3821454080,3524261376,6543427584,4913879040,8056408576,49670610944,1093542272,1245649024,5109499904,3995802368,1190162560,3027109888.0,6812487680,94916755456,87974535168,11029761024,102635091373.41936,23007416179.612904,8810376704.0,193921040384
expAE03,UCM_Yelmo,/Volumes/CrucialX8/computing/data/antarctica/ismip6_hackathon/ComputedScalarsHelene/expAE03/shelfmelt/computed_shelfmelt_AIS_UCM_Yelmo_expAE03.nc,1984564864,22818041856,7507669504,4933835776,254814781440,5318932992,20094330880,17138076672,13982402560,25242388480,166433619968,8994271232,13509585920,13195358208,12316374016,26022035456,18146287616.0,3428781312,292058923008,296225308672,47597101056,421248407882.3226,28136975525.16129,4933835974.193548,635881324544
expAE03,UCSD_ISSM,/Volumes/CrucialX8/computing/data/antarctica/ismip6_hackathon/ComputedScalarsHelene/expAE03/shelfmelt/computed_shelfmelt_AIS_UCSD_ISSM_expAE03.nc,27511078912,341916712960,42558988288,120075329536,329992077312,233850454016,13400590336,33839122432,62577512448,131803258880,193070596096,6760125440,5347865600,37442228224,88844034048,23287697408,36009365504.0,40905678848,862054187008,806935789568,100202733568,523062668122.8387,575767193930.3226,120075330593.03226,1769192685568
expAE03,ULB_fETISh-KoriBU1,/Volumes/CrucialX8/computing/data/antarctica/ismip6_hackathon/ComputedScalarsHelene/expAE03/shelfmelt/computed_shelfmelt_AIS_ULB_fETISh-KoriBU1_expAE03.nc,36467679232,333802700800,39893053440,51199705088,356310220800,237793247232,32113403904,34940878848,20953149440,55962681344,219325202432,26680346624,34344937472,29889992704,37362229248,14417813504,55404675072.0,51111829504,817673207808,729366003712,120934326272,575635380422.1936,571595955431.2258,51199709580.3871,1667973644288
expAE03,ULB_fETISh-KoriBU2,/Volumes/CrucialX8/computing/data/antarctica/ismip6_hackathon/ComputedScalarsHelene/expAE03/shelfmelt/computed_shelfmelt_AIS_ULB_fETISh-KoriBU2_expAE03.nc,32025354240,120439619584,40392200192,86983933952,320830439424,30419187712,24666470400,34086113280,35075952640,65516019712,215098245120,27357155328,34895138816,30320547840,36333498368,27503970304,69437865984.0,42775924736,600671453184,533768306688,139717754880,535928651247.4839,150858799896.7742,86983937123.09677,1274157596672
expAE03,UNN_Ua,/Volumes/CrucialX8/computing/data/antarctica/ismip6_hackathon/ComputedScalarsHelene/expAE03/shelfmelt/computed_shelfmelt_AIS_UNN_Ua_expAE03.nc,24499589120,101201043456,27502288896,34761789440,337171644416,162827206656,5556699136,15305717760,55438331904,70460899328,176893919232,1994440064,3826977024,21256531968,65709920256,18454689792,28675686400.0,7385654272,525136330752,579270737920,54516023296,514065612800.0,264028257775.48386,34761794659.09677,1158923026432
expAE03,UTAS_ElmerIce,/Volumes/CrucialX8/computing/data/antarctica/ismip6_hackathon/ComputedScalarsHelene/expAE03/shelfmelt/computed_shelfmelt_AIS_UTAS_ElmerIce_expAE03.nc,3211582208,41139343360,4965809152,6249414144,365934182400,68495003648,14410631168,18615580672,56554463232,55455096832,202636214272,14338386944,5638123008,8535106048,9521354752,26541541376,39274409984.0,6526743552,421500354560,454200000512,72342683648,568570372360.258,109634351236.12903,6249414358.709678,948042924032
expAE03,VUB_AISMPALEO,/Volumes/CrucialX8/computing/data/antarctica/ismip6_hackathon/ComputedScalarsHelene/expAE03/shelfmelt/computed_shelfmelt_AIS_VUB_AISMPALEO_expAE03.nc,0,15663709184,33054452,0,318139924480,9871221760,3033372928,0,42938982400,28337000,178123980800,1937887744,53989240,0,71498702848,27228129280,23766865920.0,15810769,333836648448,307486425088,51010813952,496263850842.8387,25534931662.451614,0.0,692333903872
expAE03,VUW_PISM1,/Volumes/CrucialX8/computing/data/antarctica/ismip6_hackathon/ComputedScalarsHelene/expAE03/shelfmelt/computed_shelfmelt_AIS_VUW_PISM1_expAE03.nc,6481965568,70465888256,13483454464,12511364096,56986247168,12779464704,4719197184,9486797824,21508952064,67646156800,29220259840,6088095744,10499154944,20944336896,16092344320,2708597504,9326547968.0,6957660160,159928909824,198984761344,18992805888,86206510839.74193,83245360722.58064,12511363336.258064,377906495488
expAE03,VUW_PISM1_s1,/Volumes/CrucialX8/computing/data/antarctica/ismip6_hackathon/ComputedScalarsHelene/expAE03/shelfmelt/computed_shelfmelt_AIS_VUW_PISM1_s1_expAE03.nc,7666875904,79366160384,14225214464,11520296960,56279162880,12526729216,5315609600,12741429248,21533005824,64331509760,30119237632,6109924864,11428290560,23001602048,18234544128,2871298816,10699175936.0,6808509952,169057730560,205341900800,20378986496,86398402097.54839,91892894554.83871,11520296299.35484,394778640384
expAE03,VUW_PISM1_s2,/Volumes/CrucialX8/computing/data/antarctica/ismip6_hackathon/ComputedScalarsHelene/expAE03/shelfmelt/computed_shelfmelt_AIS_VUW_PISM1_s2_expAE03.nc,6373801984,68527939584,13838792704,11680813056,58473046016,12554912768,4575108096,8083639808,20397500416,60332703744,28364486656,6274755072,10051623936,20380485632,17226313728,2692366848,9367796736.0,6526468608,158894391296,188241543168,18586634240,86837525867.35484,81082846637.41936,11680813617.548388,365722533888
expAE03,VUW_PISM1_s3,/Volumes/CrucialX8/computing/data/antarctica/ismip6_hackathon/ComputedScalarsHelene/expAE03/shelfmelt/computed_shelfmelt_AIS_VUW_PISM1_s3_expAE03.nc,6353566208,69069709312,12983389184,11011759104,50626461696,13497004032,4137329408,9984169984,20899850240,65184456704,27516448768,7264744448,11325836288,20087928832,16725713920,3138740736,10632270848.0,6422912512,150044868608,196623499264,20193923072,78142903791.48387,82566706803.6129,11011759698.580645,366862270464
expAE03,VUW_PISM1_s4,/Volumes/CrucialX8/computing/data/antarctica/ismip6_hackathon/ComputedScalarsHelene/expAE03/shelfmelt/computed_shelfmelt_AIS_VUW_PISM1_s4_expAE03.nc,6194200576,73827983360,15062473728,12370380800,60027510784,12995519488,4778045952,11336690688,21740009472,70836862976,29453529088,6013543424,10589976576,21265778688,16878302208,2899247104,8782341120.0,7001413120,167482556416,205888258048,18683000832,89481041391.48387,86823509157.16129,12370380634.838709,392053882880
expAE03,VUW_PISM2,/Volumes/CrucialX8/computing/data/antarctica/ismip6_hackathon/ComputedScalarsHelene/expAE03/shelfmelt/computed_shelfmelt_AIS_VUW_PISM2_expAE03.nc,9868113920,77519585280,16429904896,28727650304,59363946496,13230766080,6140897280,13043275776,21396813824,64531845120,40945459200,7814578688,11356064768,21015191552,20202711040,4299536384,11790078976.0,9367029760,191909199872,219677573120,25456648192,100309404374.70967,90750347032.7742,28727647529.29032,437043494912
expAE03,VUW_PISM2_s1,/Volumes/CrucialX8/computing/data/antarctica/ismip6_hackathon/ComputedScalarsHelene/expAE03/shelfmelt/computed_shelfmelt_AIS_VUW_PISM2_s1_expAE03.nc,9233436672,82745933824,17263351808,29802602496,59451576320,13480644608,6483337728,14493329408,22018807808,70069354496,41470431232,7882150912,10805543936,22918715392,22987331584,4120341248,11893043200.0,8043079680,198496911360,232609660928,24056469504,100922010987.35484,96226574930.58064,29802603949.419353,455162986496
expAE03,VUW_PISM2_s2,/Volumes/CrucialX8/computing/data/antarctica/ismip6_hackathon/ComputedScalarsHelene/expAE03/shelfmelt/computed_shelfmelt_AIS_VUW_PISM2_s2_expAE03.nc,9896472576,72311996416,14318429184,22640621568,57788358656,13179536384,6061143040,10852465664,20919885824,62163415040,38815944704,8467596800,11139027968,20186132480,20193841152,4238802688,11587313664.0,10021021696,176955883520,211979010048,25847136256,96604303888.51613,85491532667.87097,22640620114.580647,414782029824
expAE03,VUW_PISM2_s3,/Volumes/CrucialX8/computing/data/antarctica/ismip6_hackathon/ComputedScalarsHelene/expAE03/shelfmelt/computed_shelfmelt_AIS_VUW_PISM2_s3_expAE03.nc,9314782208,73242566656,14378339328,11814546432,58968264704,13055352832,5714815488,12466890752,20835125248,66490060800,35969384448,8814420992,11621695488,21150844928,19524157440,4234164736,11919673344.0,9053255680,167718518784,215642718208,25207093248,94937640299.35484,86297924872.25807,11814546795.35484,408568397824
expAE03,VUW_PISM2_s4,/Volumes/CrucialX8/computing/data/antarctica/ismip6_hackathon/ComputedScalarsHelene/expAE03/shelfmelt/computed_shelfmelt_AIS_VUW_PISM2_s4_expAE03.nc,10452007936,79404621824,16837821440,34662100992,63896715264,13486481408,6379857920,13140228096,21853159424,70607863808,42399993856,7032620032,10260420608,20274884608,20979730432,4472081408,11868423168.0,9761380352,205253312512,226415230976,26101886976,106296714933.67741,92891101349.16129,34662104955.870964,457770401792
expAE04,DC_ISSM,/Volumes/CrucialX8/computing/data/antarctica/ismip6_hackathon/ComputedScalarsHelene/expAE04/shelfmelt/computed_shelfmelt_AIS_DC_ISSM_expAE04.nc,7897618432,82733187072,22432903168,15253172224,85486804992,16498869248,14220063744,19258392576,16891643904,28560680960,42848821248,9370685440,5746943488,13541577728,14565866496,3047114496,1086689152.0,9482594304,213803679744,181503557632,13616399360,128335617783.74193,99232059722.32259,15253172157.935484,408923668480
expAE04,IGE_ElmerIce,/Volumes/CrucialX8/computing/data/antarctica/ismip6_hackathon/ComputedScalarsHelene/expAE04/shelfmelt/computed_shelfmelt_AIS_IGE_ElmerIce_expAE04.nc,7113405952,250313555968,12948286464,17435881472,287613157376,184837537792,7059231744,17672368128,24605374464,23398815744,167993573376,2510908416,2864123136,6363768320,13474811904,1227533184,180167520.0,8211650048,575424299008,450780495872,9619349504,455606729166.4516,435151086360.7742,17435883916.387096,1035824070656
expAE04,ILTS_SICOPOLIS,/Volumes/CrucialX8/computing/data/antarctica/ismip6_hackathon/ComputedScalarsHelene/expAE04/shelfmelt/computed_shelfmelt_AIS_ILTS_SICOPOLIS_expAE04.nc,1899581952,109376462848,2650578176,17661628416,54554730496,2305150208,12044348416,11782538240,11496863744,10670296064,21439862784,4283997696,483002496,8627999744,9028029440,476517824,26448664.0,2727351552,186142982144,92162088960,3230317824,75994593412.12903,111681620789.67741,17661627590.19355,281535414272
expAE04,LSCE_GRISLI2,/Volumes/CrucialX8/computing/data/antarctica/ismip6_hackathon/ComputedScalarsHelene/expAE04/shelfmelt/computed_shelfmelt_AIS_LSCE_GRISLI2_expAE04.nc,1169760000,40682356736,1803453696,2997880576,15909507072,691938880,3216807680,2679927296,8173499904,6773831168,3057172992,2357975296,1186580992,1126915328,2734331904,182492656,15852513.0,391252896,62562951168,31998978048,589598144,18966680600.774193,41374294823.22581,2997880072.2580647,95151538176
expAE04,LSCE_GRISLI,/Volumes/CrucialX8/computing/data/antarctica/ismip6_hackathon/ComputedScalarsHelene/expAE04/shelfmelt/computed_shelfmelt_AIS_LSCE_GRISLI_expAE04.nc,1324172288,49690357760,2648155648,8746726400,27382405120,293129024,2960251392,6502834688,4521732096,6211412480,2806042880,1374434688,593442624,4887345152,4405358592,49969616,8076807.5,1447101056,89791815680,34555981824,1505147520,30188445745.548386,49983488085.67742,8746726978.064516,125852958720
expAE04,NCAR_CISM1,/Volumes/CrucialX8/computing/data/antarctica/ismip6_hackathon/ComputedScalarsHelene/expAE04/shelfmelt/computed_shelfmelt_AIS_NCAR_CISM1_expAE04.nc,3783400448,77910908928,9539552256,16273694720,93099057152,40525565952,9847119872,23493558272,12639452160,15842331648,28774477824,5911937536,4396055552,9285355520,8811155456,2523778816,306764352.0,5627825152,200606597120,159527043072,8458368512,121873520640.0,118436463434.32259,16273694521.806452,368591994880
expAE04,NCAR_CISM2,/Volumes/CrucialX8/computing/data/antarctica/ismip6_hackathon/ComputedScalarsHelene/expAE04/shelfmelt/computed_shelfmelt_AIS_NCAR_CISM2_expAE04.nc,6688749568,49436991488,11549413376,20456349696,107529314304,52724281344,12487401472,19741349888,9859896320,16976627712,42186596352,10705155072,5096901632,9334207488,8583477760,4205710592,1578107008.0,7548194304,195660808192,187695857664,13332013056,149715918517.67743,102161275573.67741,20456353329.548386,396688752640
expAE04,NORCE_CISM2-MAR364-ERA-t1,/Volumes/CrucialX8/computing/data/antarctica/ismip6_hackathon/ComputedScalarsHelene/expAE04/shelfmelt/computed_shelfmelt_AIS_NORCE_CISM2-MAR364-ERA-t1_expAE04.nc,3200807424,183782146048,6627965440,14384516096,417875492864,130031280128,7626356224,15494059008,8409839104,7816751616,149335818240,6978509824,3011362560,4495027712,5607199232,790299392,457304608.0,5028620288,625870962688,338806243328,6276223488,567211378754.0646,313813407768.7742,14384516228.129032,970953457664
expAE04,NORCE_CISM3-MAR364-ERA-t1-local,/Volumes/CrucialX8/computing/data/antarctica/ismip6_hackathon/ComputedScalarsHelene/expAE04/shelfmelt/computed_shelfmelt_AIS_NORCE_CISM3-MAR364-ERA-t1-local_expAE04.nc,5927316480,94985232384,20074131456,16772912128,194488631296,90818240512,11612068864,22531082240,21438978048,23105861632,54625353728,9974662144,5101233152,12048200704,13593043968,2589966848,905111488.0,7352372224,332248285184,264848736256,10847449088,249113992687.48386,185803479304.25806,16772913317.161291,607944310784
expAE04,NORCE_CISM3-MAR364-ERA-t1-nonlocal,/Volumes/CrucialX8/computing/data/antarctica/ismip6_hackathon/ComputedScalarsHelene/expAE04/shelfmelt/computed_shelfmelt_AIS_NORCE_CISM3-MAR364-ERA-t1-nonlocal_expAE04.nc,5789844480,75123138560,13316677632,14800483328,70642278400,21324400640,10652414976,21054582784,17166387200,20709916672,30914975744,8750536704,5015393792,10689995776,11807600640,2245037312,852784064.0,6942485504,179672416256,158086217728,10040306688,101557262798.45161,96447548894.96774,14800484781.419355,347798962176
expAE04,NORCE_CISM3-MAR364-ERA-t1,/Volumes/CrucialX8/computing/data/antarctica/ismip6_hackathon/ComputedScalarsHelene/expAE04/shelfmelt/computed_shelfmelt_AIS_NORCE_CISM3-MAR364-ERA-t1_expAE04.nc,5447633408,232775974912,10483995648,16788634624,402475286528,171042799616,8808928256,18216151040,13612579840,14673451008,135896981504,7098450432,4162430976,7702144512,9019694080,1015893824,646066880.0,6351834112,667971551232,390233620480,8013795328,538372241341.9355,403818759729.5484,16788634161.548388,1066218749952
expAE04,NORCE_CISM4-MAR364-ERA-t1-local,/Volumes/CrucialX8/computing/data/antarctica/ismip6_hackathon/ComputedScalarsHelene/expAE04/shelfmelt/computed_shelfmelt_AIS_NORCE_CISM4-MAR364-ERA-t1-local_expAE04.nc,6955284992,97172643840,18367870976,20122349568,212812414976,93144309760,12541917184,25982787584,20902717440,29304983552,67388350464,9123733504,7123510784,13269868544,16999650304,1594941184,1285012608.0,10762662912,355430563840,295781826560,13642619904,280200762136.7742,190316963641.80646,20122349105.548386,664855052288
expAE04,NORCE_CISM4-MAR364-ERA-t1-nonlocal,/Volumes/CrucialX8/computing/data/antarctica/ismip6_hackathon/ComputedScalarsHelene/expAE04/shelfmelt/computed_shelfmelt_AIS_NORCE_CISM4-MAR364-ERA-t1-nonlocal_expAE04.nc,7097571840,84390690816,15022498816,19626792960,91191525376,26732769280,11942460416,25260472320,17482610688,27936514048,40969027584,8044439040,7037587968,13612568576,16544098304,1561767040,1049423680.0,10790222848,217329074176,195562536960,13401414656,132160555866.83871,111123467693.41936,19626791044.129032,426293067776
expAE04,NORCE_CISM4-MAR364-ERA-t1,/Volumes/CrucialX8/computing/data/antarctica/ismip6_hackathon/ComputedScalarsHelene/expAE04/shelfmelt/computed_shelfmelt_AIS_NORCE_CISM4-MAR364-ERA-t1_expAE04.nc,6716194304,232324825088,14915037184,19545964544,400599121920,155021049856,11260328960,25352685568,22404012032,23567812608,142763819008,8644177920,7198689280,12780673024,13900419072,1693744128,1376621952.0,10413578240,674101264384,422893649920,13483943936,543362933528.7742,387345861483.35486,19545963189.677418,1110478815232
expAE04,NORCE_CISM4-MAR364-JRA-t1,/Volumes/CrucialX8/computing/data/antarctica/ismip6_hackathon/ComputedScalarsHelene/expAE04/shelfmelt/computed_shelfmelt_AIS_NORCE_CISM4-MAR364-JRA-t1_expAE04.nc,6484574720,243185582080,14927065088,19705382912,407509729280,153983795200,11181638656,25730304000,21208889344,23018383360,143655288832,8311485440,7089361920,13512788992,13926292480,1763069312,1297821696.0,10645761024,691812302848,421618155520,13706652672,551164962617.8064,397169375826.5806,19705387305.29032,1127137148928
expAE04,NORCE_CISM5-MAR364-ERA-t1-local,/Volumes/CrucialX8/computing/data/antarctica/ismip6_hackathon/ComputedScalarsHelene/expAE04/shelfmelt/computed_shelfmelt_AIS_NORCE_CISM5-MAR364-ERA-t1-local_expAE04.nc,12745908224,118152486912,28683081728,26999758848,212817379328,93551976448,18068465664,44705476608,26522867712,40798543872,89417965568,10059274240,13328868352,23145218048,22787600384,1495676544,1847113600.0,13001038848,399398600704,382386241536,16343828480,302235319659.35486,211704463690.32257,26999756667.870968,798128668672
expAE04,NORCE_CISM5-MAR364-ERA-t1-nonlocal,/Volumes/CrucialX8/computing/data/antarctica/ismip6_hackathon/ComputedScalarsHelene/expAE04/shelfmelt/computed_shelfmelt_AIS_NORCE_CISM5-MAR364-ERA-t1-nonlocal_expAE04.nc,12940616704,100577681408,27697055744,24053602304,108929859584,27270795264,17359263744,39244947456,35421736960,43157688320,63700340736,9787444224,13573222400,23278465024,23319384064,2997681408,1389890816.0,15227786240,274198822912,296113274880,19615363072,172630215514.8387,127848470098.58064,24053603823.48387,589927481344
expAE04,NORCE_CISM5-MAR364-ERA-t1,/Volumes/CrucialX8/computing/data/antarctica/ismip6_hackathon/ComputedScalarsHelene/expAE04/shelfmelt/computed_shelfmelt_AIS_NORCE_CISM5-MAR364-ERA-t1_expAE04.nc,13729577984,280186126336,24810221568,25556041728,391186186240,172500385792,18043146240,39784919040,34756161536,44256784384,163744464896,11405669376,15728848896,25117214720,25090861056,1036217088,4689517568.0,13946782720,735468191744,550428409856,19672518656,554930650607.4839,452686485173.6774,25556045031.225807,1305569001472
expAE04,PIK_PISM,/Volumes/CrucialX8/computing/data/antarctica/ismip6_hackathon/ComputedScalarsHelene/expAE04/shelfmelt/computed_shelfmelt_AIS_PIK_PISM_expAE04.nc,5173697536,16851392512,14067139584,10461324288,72830713856,4025588480,3178485248,5842287616,10465934336,11743559680,61620613120,1140145920,2306251520,5849522688,5582340608,1470937216,946443968.0,9414502400,119384268800,111754706944,11831883776,134451324994.06451,20876980537.80645,10461325741.419355,242970869760
expAE04,UCM_Yelmo,/Volumes/CrucialX8/computing/data/antarctica/ismip6_hackathon/ComputedScalarsHelene/expAE04/shelfmelt/computed_shelfmelt_AIS_UCM_Yelmo_expAE04.nc,1429613312,23167217664,8437794816,2982091520,26936666112,4309129216,6678022656,8306011136,7447871488,9218839552,16270697472,6579741696,3358979584,11232123904,5696298496,1195568896,787355904.0,2292230144,62953381888,79097716736,4275154688,43207365565.935486,27476344790.70968,2982091255.7419353,146326257664
expAE04,UCSD_ISSM,/Volumes/CrucialX8/computing/data/antarctica/ismip6_hackathon/ComputedScalarsHelene/expAE04/shelfmelt/computed_shelfmelt_AIS_UCSD_ISSM_expAE04.nc,32400263168,343696703488,44236189696,57741352960,333856145408,234669670400,12527265792,35316801536,62714421248,134829539328,193851129856,6681643520,7450739200,38303203328,90803478528,28965849088,37516349440.0,47946256384,811930681344,817147871232,114428436480,527707286362.8387,578366400313.8064,57741353620.645164,1743507292160
expAE04,ULB_fETISh-KoriBU1,/Volumes/CrucialX8/computing/data/antarctica/ismip6_hackathon/ComputedScalarsHelene/expAE04/shelfmelt/computed_shelfmelt_AIS_ULB_fETISh-KoriBU1_expAE04.nc,35737026560,280598904832,41399930880,44069838848,364584140800,231973486592,24876300288,36374491136,60980416512,57937707008,220571254784,26556585984,34594562048,29599627264,37797515264,15295129600,53758541824.0,50357870592,766389780480,761262047232,119411539968,585155382899.6129,512572448503.74194,44069840433.548386,1647063203840
expAE04,ULB_fETISh-KoriBU2,/Volumes/CrucialX8/computing/data/antarctica/ismip6_hackathon/ComputedScalarsHelene/expAE04/shelfmelt/computed_shelfmelt_AIS_ULB_fETISh-KoriBU2_expAE04.nc,31722971136,99973251072,40503808000,51216220160,72744943616,31110316032,21581914112,33771790336,28666085376,57925480448,53659029504,25851289600,34615877632,29690155008,35829751808,14411515904,49032163328.0,43790700544,296161181696,352701677568,107234402304,126403974969.80646,131083565782.70967,51216221481.29032,756097286144
expAE04,UNN_Ua,/Volumes/CrucialX8/computing/data/antarctica/ismip6_hackathon/ComputedScalarsHelene/expAE04/shelfmelt/computed_shelfmelt_AIS_UNN_Ua_expAE04.nc,2849916160,123585536000,7950987264,17478912000,293429739520,114644271104,3970925056,11210694656,16186384384,16301595648,60858007552,1659256960,921470080,6265858560,9633207296,993635904,0.0,2693502720,445295165440,241651662848,3687138816,354287761408.0,238229816617.2903,17478911273.29032,690633900032
expAE04,UTAS_ElmerIce,/Volumes/CrucialX8/computing/data/antarctica/ismip6_hackathon/ComputedScalarsHelene/expAE04/shelfmelt/computed_shelfmelt_AIS_UTAS_ElmerIce_expAE04.nc,2324949760,37635850240,6479733248,7778408448,45866602496,46186364928,8267018752,13784673280,11616405504,13273908224,15743828992,10846778368,3065309184,4385611264,5056406016,640800320,154287904.0,3572852736,100085547008,132226293760,4367940608,61610429142.70968,83822208561.54839,7778408976.5161295,236679774208
expAE04,VUB_AISMPALEO,/Volumes/CrucialX8/computing/data/antarctica/ismip6_hackathon/ComputedScalarsHelene/expAE04/shelfmelt/computed_shelfmelt_AIS_VUB_AISMPALEO_expAE04.nc,16861912,8560497664,55190424,0,35535069184,3117079808,0,9463106,28044570624,9817538,3082460672,1013394688,52400380,0,16749389824,35191584,24583094.0,39074488,44167626752,52078579712,98849184,38617532188.90323,11677578670.451612,0.0,96345047040
expAE04,VUW_PISM1,/Volumes/CrucialX8/computing/data/antarctica/ismip6_hackathon/ComputedScalarsHelene/expAE04/shelfmelt/computed_shelfmelt_AIS_VUW_PISM1_expAE04.nc,6527289344,74712760320,15572153344,14513696768,38513819648,13711797248,4802302464,10405183488,22077001728,59988553728,27428958208,6934295552,8079020032,17647777792,17482729472,2686405120,1557119488.0,9897075712,149839708160,188557606912,14140601344,65942782348.3871,88424550763.35484,14513695777.032259,352537968640
expAE04,VUW_PISM1_s1,/Volumes/CrucialX8/computing/data/antarctica/ismip6_hackathon/ComputedScalarsHelene/expAE04/shelfmelt/computed_shelfmelt_AIS_VUW_PISM1_s1_expAE04.nc,7099691008,76233940992,18980270080,15102418944,36860342272,13516331008,5692635136,13048391680,22912555008,64282472448,29500282880,6390315520,8402735616,17452435456,15596276736,2755632128,1582433536.0,9418510336,154276675584,196794449920,13756575744,66360631229.935486,89750278672.51613,15102419571.612904,364827672576
expAE04,VUW_PISM1_s2,/Volumes/CrucialX8/computing/data/antarctica/ismip6_hackathon/ComputedScalarsHelene/expAE04/shelfmelt/computed_shelfmelt_AIS_VUW_PISM1_s2_expAE04.nc,6071713792,73024102400,16493162496,14951605248,33271394304,13819307008,4300633600,9492669440,21098702848,60266938368,25553522688,7840140800,8527486464,19530592256,15578015744,2644607232,1648045184.0,9521570816,143811969024,186008010752,13814223872,58824915406.451614,86843403891.6129,14951604851.612904,343634214912
expAE04,VUW_PISM1_s3,/Volumes/CrucialX8/computing/data/antarctica/ismip6_hackathon/ComputedScalarsHelene/expAE04/shelfmelt/computed_shelfmelt_AIS_VUW_PISM1_s3_expAE04.nc,5985489408,73446793216,17771845632,14547863552,31799386112,13550986240,4263048704,8926310400,22272370688,56035962880,22554884096,8478336000,9724941312,19468283904,15377161216,2864965888,1526306688.0,8852619264,143551397888,180652277760,13243890688,54354274436.129036,86997786227.6129,14547862924.387096,337447583744
expAE04,VUW_PISM1_s4,/Volumes/CrucialX8/computing/data/antarctica/ismip6_hackathon/ComputedScalarsHelene/expAE04/shelfmelt/computed_shelfmelt_AIS_VUW_PISM1_s4_expAE04.nc,6565168640,75001331712,17758697472,15937465344,38140116992,14153161728,5443732480,10681764864,22322982912,49377284096,26041100288,7091686400,7966382080,17757425664,17746671616,2553658880,1426641280.0,9854621696,153402802176,178582159360,13834921984,64181215562.32258,89154502061.41936,15937465079.741936,345819906048
expAE04,VUW_PISM2,/Volumes/CrucialX8/computing/data/antarctica/ismip6_hackathon/ComputedScalarsHelene/expAE04/shelfmelt/computed_shelfmelt_AIS_VUW_PISM2_expAE04.nc,8428699136,74904035328,20954712064,16688928768,34059868160,13669566464,5914741760,12815822848,22503575552,55175135232,41865822208,8452955648,9153077248,17377871872,18997551104,2911301376,1631076992.0,11845361664,155036254208,205926121472,16387741696,75925688320.0,88573608365.41936,16688928404.64516,377350094848
expAE04,VUW_PISM2_s1,/Volumes/CrucialX8/computing/data/antarctica/ismip6_hackathon/ComputedScalarsHelene/expAE04/shelfmelt/computed_shelfmelt_AIS_VUW_PISM2_s1_expAE04.nc,10081436672,82393776128,20073072640,15714167808,33876158464,13717676032,5926506496,13465533440,22197026816,62927278080,42314674176,6959397888,9136949248,17706770432,20908382208,2900495360,1414583552.0,13114227712,162138619904,215260168192,17429307392,76190835282.58064,96111456619.35484,15714168633.806452,394828087296
expAE04,VUW_PISM2_s2,/Volumes/CrucialX8/computing/data/antarctica/ismip6_hackathon/ComputedScalarsHelene/expAE04/shelfmelt/computed_shelfmelt_AIS_VUW_PISM2_s2_expAE04.nc,7301692928,72155176960,18937763840,16219702272,34369196032,13794930688,5867179520,11944182784,21016885248,55351218176,38597017600,7758218240,9630546944,17614049280,19159377920,3005592832,1642150912.0,11739762688,148983529472,200733589504,16387505152,72966213301.67741,85950105500.90323,16219701941.67742,366104641536
expAE04,VUW_PISM2_s3,/Volumes/CrucialX8/computing/data/antarctica/ismip6_hackathon/ComputedScalarsHelene/expAE04/shelfmelt/computed_shelfmelt_AIS_VUW_PISM2_s3_expAE04.nc,6845452800,75161706496,20170883072,14545855488,33005557760,13426428928,6275987456,9513263104,21706158080,54111948800,32531273728,8396529152,8561763840,17183535104,17002276864,3011837184,1653545984.0,10583498752,149729443840,188709158912,15248879616,65536827061.67742,88588140874.32259,14545855091.612904,353687568384
expAE04,VUW_PISM2_s4,/Volumes/CrucialX8/computing/data/antarctica/ismip6_hackathon/ComputedScalarsHelene/expAE04/shelfmelt/computed_shelfmelt_AIS_VUW_PISM2_s4_expAE04.nc,9347554304,75336531968,21501261824,19322949632,36323909632,13284554752,5918684672,12835595264,22156490752,59010478080,41253003264,8232526848,9038148608,17943853056,22817452032,2913930496,1657198080.0,12753730560,161832189952,212490780672,17324859392,77576919568.51613,88621077140.64516,19322950788.129032,391647821824
expAE05,DC_ISSM,/Volumes/CrucialX8/computing/data/antarctica/ismip6_hackathon/ComputedScalarsHelene/expAE05/shelfmelt/computed_shelfmelt_AIS_DC_ISSM_expAE05.nc,7844656128,58986356736,18680922112,17657088000,311372218368,7182836224,14618832896,23146543104,21401190400,59514576896,178742837248,9047843840,7116725760,16079017984,22053484544,26892986368,27115593728.0,31015561216,414541250560,358903873536,85024153600,490115081777.5484,66169199087.48387,17657088363.35484,858469367808
expAE05,IGE_ElmerIce,/Volumes/CrucialX8/computing/data/antarctica/ismip6_hackathon/ComputedScalarsHelene/expAE05/shelfmelt/computed_shelfmelt_AIS_IGE_ElmerIce_expAE05.nc,4378403328,151068098560,7233424384,13255313408,293867487232,150569959424,5359192576,10539098112,5324924416,17059575808,179070435328,2627188736,1426470656,4281724160,5961794048,2137352576,1176231168.0,6974597120,469802745856,382220402688,10288180224,472937934187.35486,301638057984.0,13255313969.548388,862311415808
expAE05,ILTS_SICOPOLIS,/Volumes/CrucialX8/computing/data/antarctica/ismip6_hackathon/ComputedScalarsHelene/expAE05/shelfmelt/computed_shelfmelt_AIS_ILTS_SICOPOLIS_expAE05.nc,1962255488,82709094400,1177198592,16871573504,340490518528,786049344,17997223936,13903883264,17278230528,37227597824,170552377344,3374477568,2925317120,10701782016,15145700352,17037528064,26841683968.0,26639374336,443210694656,289892597760,70518587392,511042871560.25806,83495155181.41936,16871571753.290323,803621830656
expAE05,LSCE_GRISLI2,/Volumes/CrucialX8/computing/data/antarctica/ismip6_hackathon/ComputedScalarsHelene/expAE05/shelfmelt/computed_shelfmelt_AIS_LSCE_GRISLI2_expAE05.nc,760769280,16720882688,437858048,3182770688,72804294656,216674912,4440139776,4380075520,5915381760,9277340672,17141315584,1610513408,1438805888,1568610944,3467114752,2244541184,1575354496.0,12984877056,93906583552,49455980544,16804774912,89945617011.6129,16937556892.903225,3182771117.419355,160167313408
expAE05,LSCE_GRISLI,/Volumes/CrucialX8/computing/data/antarctica/ismip6_hackathon/ComputedScalarsHelene/expAE05/shelfmelt/computed_shelfmelt_AIS_LSCE_GRISLI_expAE05.nc,561528256,14568397824,523148096,10392791040,78840324096,60364260,2113879552,3922370816,2644738560,5258283520,10154903552,985794368,1199565824,2913319424,4339272192,2693100032,655169600.0,7931024896,104886190080,33592492032,11279294464,88995225401.80646,14628761820.903225,10392791700.64516,149757968384
expAE05,NCAR_CISM1,/Volumes/CrucialX8/computing/data/antarctica/ismip6_hackathon/ComputedScalarsHelene/expAE05/shelfmelt/computed_shelfmelt_AIS_NCAR_CISM1_expAE05.nc,3690457088,41024856064,11850681344,18214019072,348427026432,7045597696,10841801728,25778055168,13602808832,40075821056,203601018880,7124685824,4791670272,13512974336,12524615680,9430126592,33308524544.0,26531944448,423207043072,338899042304,69270593536,552028054296.7742,48070452669.935486,18214019765.677418,831376785408
expAE05,NCAR_CISM2,/Volumes/CrucialX8/computing/data/antarctica/ismip6_hackathon/ComputedScalarsHelene/expAE05/shelfmelt/computed_shelfmelt_AIS_NCAR_CISM2_expAE05.nc,8434124800,70722494464,10762611712,31431241728,405775810560,9386872832,20647569408,36757123072,25985415168,53270986752,219791212544,12366965760,8644891648,21951473664,18803208192,22498121728,40796946432.0,34417594368,527126298624,427605721088,97712660480,625567005134.4517,80109366156.3871,31431241794.064518,1052444655616
expAE05,NORCE_CISM2-MAR364-ERA-t1,/Volumes/CrucialX8/computing/data/antarctica/ismip6_hackathon/ComputedScalarsHelene/expAE05/shelfmelt/computed_shelfmelt_AIS_NORCE_CISM2-MAR364-ERA-t1_expAE05.nc,2985850112,170210050048,39133843456,21897283584,392542486528,90014162944,10721590272,30331719680,39212183552,55922204672,202385293312,11134521344,6897911296,9306109952,11135073280,11796713472,36144074752.0,31551709184,626769526784,467060785152,79492489216,594927775611.871,260224213437.9355,21897284641.032257,1173322727424
expAE05,NORCE_CISM3-MAR364-ERA-t1-local,/Volumes/CrucialX8/computing/data/antarctica/ismip6_hackathon/ComputedScalarsHelene/expAE05/shelfmelt/computed_shelfmelt_AIS_NORCE_CISM3-MAR364-ERA-t1-local_expAE05.nc,5952522240,46764933120,18959437824,20818997248,354780053504,20657850368,13079329792,30695895040,43293069312,58031239168,206850637824,12724161536,7925471232,20589688832,20227624960,14565101568,37178060800.0,34176317440,447275991040,434074976256,85919481856,561630706126.4517,67422778434.064514,20818998569.29032,967270531072
expAE05,NORCE_CISM3-MAR364-ERA-t1-nonlocal,/Volumes/CrucialX8/computing/data/antarctica/ismip6_hackathon/ComputedScalarsHelene/expAE05/shelfmelt/computed_shelfmelt_AIS_NORCE_CISM3-MAR364-ERA-t1-nonlocal_expAE05.nc,5674532352,41310568448,15665387520,17582723072,327323385856,8447472640,10704482304,25799704576,22199687168,36632363008,185047302144,11384972288,7509479936,16269737984,16590517248,10217312256,30917349376.0,33047287808,407556521984,340585709568,74181943296,512370680600.7742,49758035951.48387,17582721387.35484,822324363264
expAE05,NORCE_CISM3-MAR364-ERA-t1,/Volumes/CrucialX8/computing/data/antarctica/ismip6_hackathon/ComputedScalarsHelene/expAE05/shelfmelt/computed_shelfmelt_AIS_NORCE_CISM3-MAR364-ERA-t1_expAE05.nc,4930916352,159810732032,38304903168,26575493120,381210132480,88727797760,11760598016,29901932544,43363155968,56793976832,202913120256,11111070720,7313347072,14725255168,16791461888,14361468928,35436101632.0,32957442048,610832154624,483401695232,82755010560,584123261720.7742,248538532583.2258,26575493516.387096,1176988942336
expAE05,NORCE_CISM4-MAR364-ERA-t1-local,/Volumes/CrucialX8/computing/data/antarctica/ismip6_hackathon/ComputedScalarsHelene/expAE05/shelfmelt/computed_shelfmelt_AIS_NORCE_CISM4-MAR364-ERA-t1-local_expAE05.nc,7931555328,58828091392,19930169344,21791737856,358946373632,24190783488,13586502656,32461346816,29889771520,53919985664,209728405504,12843012096,13112153088,21414074368,24774033408,15447197696,32476502016.0,33371234304,467427950592,435920109568,81294934016,568674793405.9354,83018866654.96774,21791734288.51613,984642879488
expAE05,NORCE_CISM4-MAR364-ERA-t1-nonlocal,/Volumes/CrucialX8/computing/data/antarctica/ismip6_hackathon/ComputedScalarsHelene/expAE05/shelfmelt/computed_shelfmelt_AIS_NORCE_CISM4-MAR364-ERA-t1-nonlocal_expAE05.nc,7693352448,52837789696,17759666176,20599887872,329882337280,9707413504,12663538688,29795674112,21119154176,41954291712,190714085376,11048717312,12376147968,18727237632,22403676160,12795052032,29238614016.0,32398655488,428773081088,370509938688,74432331776,520596430848.0,62545198046.96774,20599887079.225807,873715269632
expAE05,NORCE_CISM4-MAR364-ERA-t1,/Volumes/CrucialX8/computing/data/antarctica/ismip6_hackathon/ComputedScalarsHelene/expAE05/shelfmelt/computed_shelfmelt_AIS_NORCE_CISM4-MAR364-ERA-t1_expAE05.nc,7142231552,188870934528,38323077120,26176886784,376495341568,104854937600,13855199232,37958434816,54511955968,66126274560,208665477120,12850778112,12919972864,19832879104,31962712064,19212439552,36117344256.0,34506141696,637008478208,563538624512,89835921408,585160844585.2903,293725853233.5484,26176888567.741936,1290383130624
expAE05,NORCE_CISM4-MAR364-JRA-t1,/Volumes/CrucialX8/computing/data/antarctica/ismip6_hackathon/ComputedScalarsHelene/expAE05/shelfmelt/computed_shelfmelt_AIS_NORCE_CISM4-MAR364-JRA-t1_expAE05.nc,7037750784,198982041600,38309294080,25794598912,379250147328,111611543552,13919198208,38429884416,52507717632,63685226496,208992813056,12171478016,13231578112,20829880320,32155545600,18902036480,36981604352.0,34739523584,649373810688,567534944256,90623164416,588242996851.6129,310593580758.70966,25794596996.129032,1307531935744
expAE05,NORCE_CISM5-MAR364-ERA-t1-local,/Volumes/CrucialX8/computing/data/antarctica/ismip6_hackathon/ComputedScalarsHelene/expAE05/shelfmelt/computed_shelfmelt_AIS_NORCE_CISM5-MAR364-ERA-t1-local_expAE05.nc,15029595136,79494643712,30486323200,31555012608,360476246016,27687299072,21142661120,52584906752,38159323136,61441388544,217442992128,20211773440,29140056064,32875540480,31692875776,21387118592,24221403136.0,32872050688,517041913856,532378845184,78480580608,577919307379.6129,107181934129.54839,31555008842.322582,1127901298688
expAE05,NORCE_CISM5-MAR364-ERA-t1-nonlocal,/Volumes/CrucialX8/computing/data/antarctica/ismip6_hackathon/ComputedScalarsHelene/expAE05/shelfmelt/computed_shelfmelt_AIS_NORCE_CISM5-MAR364-ERA-t1-nonlocal_expAE05.nc,14632788992,70736650240,28880873472,28489160704,318649073664,13810764800,18988423168,46632316928,33501714432,55620976640,198501613568,18077655040,28140869632,31053547520,30543939584,16583297024,21656002560.0,32968398848,461388546048,474871824384,71207706624,517150696216.7742,84547421250.06451,28489159977.29032,1007468085248
expAE05,NORCE_CISM5-MAR364-ERA-t1,/Volumes/CrucialX8/computing/data/antarctica/ismip6_hackathon/ComputedScalarsHelene/expAE05/shelfmelt/computed_shelfmelt_AIS_NORCE_CISM5-MAR364-ERA-t1_expAE05.nc,14460439552,248728911872,54400471040,31181881344,367757688832,150801661952,20136413184,47036633088,63453253632,95084789760,219233337344,23214383104,32164421632,37921644544,47622078464,21260914688,31026661376.0,36448202752,716529336320,736668614656,88735768576,586990976495.4839,399530563253.6774,31181881476.129032,1541933891584
expAE05,PIK_PISM,/Volumes/CrucialX8/computing/data/antarctica/ismip6_hackathon/ComputedScalarsHelene/expAE05/shelfmelt/computed_shelfmelt_AIS_PIK_PISM_expAE05.nc,4300197888,16611544064,10659149824,8907433984,57079705600,3872309504,3665658112,5555204608,4122887936,7956466176,58948210688,1086304512,1331799552,4550334464,3763551744,1134039168,3610122752.0,9232734208,97558028288,94852718592,13976892416,116027916089.80646,20483854220.387096,8907434694.193548,206387625984
expAE05,UCM_Yelmo,/Volumes/CrucialX8/computing/data/antarctica/ismip6_hackathon/ComputedScalarsHelene/expAE05/shelfmelt/computed_shelfmelt_AIS_UCM_Yelmo_expAE05.nc,1958664832,17148440576,4302530560,4400171520,228224974848,2869598976,9301282816,10531764224,10493783040,23688007680,120269488128,4833034752,8748010496,11030703104,10632271872,6843183104,8177984512.0,22790285312,256034783232,212397948928,37811449856,348494448045.4194,20018039023.48387,4400170900.645162,506244202496
expAE05,UCSD_ISSM,/Volumes/CrucialX8/computing/data/antarctica/ismip6_hackathon/ComputedScalarsHelene/expAE05/shelfmelt/computed_shelfmelt_AIS_UCSD_ISSM_expAE05.nc,32334495744,366798536704,42655588352,100287356928,328871575552,235486625792,12992355328,36328255488,63363657728,126995865600,193918500864,6786182144,5027343360,37154496512,87103356928,24355753984,36175486976.0,40008638464,870947487744,805156683776,100539883520,522790082758.19354,602285176237.4193,100287360891.87097,1776644128768
expAE05,ULB_fETISh-KoriBU1,/Volumes/CrucialX8/computing/data/antarctica/ismip6_hackathon/ComputedScalarsHelene/expAE05/shelfmelt/computed_shelfmelt_AIS_ULB_fETISh-KoriBU1_expAE05.nc,37548998656,383096193024,39918981120,46944886784,342708682752,237935673344,31322603520,34314143744,21442846720,55701192704,212996702208,26554916864,34724630528,28161464320,35079929856,13773136896,52313403392.0,45515399168,850217598976,718234058752,111601942528,555705352720.5161,621031825143.742,46944886519.741936,1680053633024
expAE05,ULB_fETISh-KoriBU2,/Volumes/CrucialX8/computing/data/antarctica/ismip6_hackathon/ComputedScalarsHelene/expAE05/shelfmelt/computed_shelfmelt_AIS_ULB_fETISh-KoriBU2_expAE05.nc,32754935808,79800270848,39281057792,78173413376,302007484416,24523503616,25368252416,32684142592,21895168000,57412456448,176134684672,25690576896,33760184320,27451623424,33172957184,18051117056,58415308800.0,42496557056,532017217536,458093494272,118962978816,478142155478.70966,104323783250.58064,78173406637.41936,1109073854464
expAE05,UNN_Ua,/Volumes/CrucialX8/computing/data/antarctica/ismip6_hackathon/ComputedScalarsHelene/expAE05/shelfmelt/computed_shelfmelt_AIS_UNN_Ua_expAE05.nc,2567079680,41396604928,21493020672,22819659776,321717796864,15213204480,4366825472,10293448704,32680206336,45784227840,174745321472,1781255424,2761319680,9024050176,10206410752,11202260992,25646407680.0,7806358016,409994166272,306856296448,44655026176,496463156917.6774,56609811604.645164,22819659643.870968,761505382400
expAE05,UTAS_ElmerIce,/Volumes/CrucialX8/computing/data/antarctica/ismip6_hackathon/ComputedScalarsHelene/expAE05/shelfmelt/computed_shelfmelt_AIS_UTAS_ElmerIce_expAE05.nc,1969566080,27067418624,3962576128,8674750464,360071430144,6680208896,7800705024,13785286656,22946963456,39464407040,198038618112,9915649024,4353928704,4778574336,7162352128,21112492032,34513502208.0,29771288576,401745739776,314926727168,85397274624,558109990119.2258,33747628312.774193,8674750596.129032,802069610496
expAE05,VUB_AISMPALEO,/Volumes/CrucialX8/computing/data/antarctica/ismip6_hackathon/ComputedScalarsHelene/expAE05/shelfmelt/computed_shelfmelt_AIS_VUB_AISMPALEO_expAE05.nc,7968955,1033873664,0,0,278466363392,0,0,9463106,29262800896,0,165307858944,0,18906064,0,70036078592,15416791040,7014678016.0,37233820,279508156416,264635105280,22468704256,443774195645.9355,1033873694.967742,0.0,566612000768
expAE05,VUW_PISM1,/Volumes/CrucialX8/computing/data/antarctica/ismip6_hackathon/ComputedScalarsHelene/expAE05/shelfmelt/computed_shelfmelt_AIS_VUW_PISM1_expAE05.nc,6275146240,79156641792,14129097728,13673041920,76808994816,13252769792,4327492608,7972483584,22556098560,70601170944,32775667712,7688671744,11705154560,23187599360,21562755072,3864665088,9420628992.0,11297060864,190042914816,215629856768,24582352896,109584661206.70967,92409406860.3871,13673041556.64516,430255079424
expAE05,VUW_PISM1_s1,/Volumes/CrucialX8/computing/data/antarctica/ismip6_hackathon/ComputedScalarsHelene/expAE05/shelfmelt/computed_shelfmelt_AIS_VUW_PISM1_s1_expAE05.nc,6916081152,82308161536,16414834688,13767872512,79584215040,13090702336,4774668800,11725399040,22807527424,71441891328,31128276992,6945979904,13262743552,27344388096,17823064064,4175355136,8671270912.0,11044790272,198991183872,220344631296,23891412992,110712488794.83871,95398859511.74193,13767870959.483871,443227209728
expAE05,VUW_PISM1_s2,/Volumes/CrucialX8/computing/data/antarctica/ismip6_hackathon/ComputedScalarsHelene/expAE05/shelfmelt/computed_shelfmelt_AIS_VUW_PISM1_s2_expAE05.nc,5635065344,75980341248,13033407488,12699855872,68051509248,13440966656,4079773184,8004899328,21649913856,75378122752,33406093312,8167982592,13468269568,23022995456,20539824128,4389879296,10786343936.0,11241196544,175400173568,221158817792,26417418240,101457600842.32259,89421311735.74193,12699855046.193548,422976421888
expAE05,VUW_PISM1_s3,/Volumes/CrucialX8/computing/data/antarctica/ismip6_hackathon/ComputedScalarsHelene/expAE05/shelfmelt/computed_shelfmelt_AIS_VUW_PISM1_s3_expAE05.nc,5659534336,76609585152,14407616512,13538194432,68499927040,13488034816,4233158144,6724674560,22409793536,64617263104,29710510080,8556007424,14533622784,23408029696,16585251840,4013223424,8579445760.0,11447557120,178714869760,204266323968,24040224768,98210437516.3871,90097632057.80646,13538196513.032259,407021453312
expAE05,VUW_PISM1_s4,/Volumes/CrucialX8/computing/data/antarctica/ismip6_hackathon/ComputedScalarsHelene/expAE05/shelfmelt/computed_shelfmelt_AIS_VUW_PISM1_s4_expAE05.nc,6466321408,80995082240,16602750976,13648475136,79679373312,13417171968,4506760192,7966419968,22215399424,73133309952,34216425472,7596137984,13232694272,32986300416,19057324032,4002976512,8945180672.0,11309004800,197392007168,228327931904,24257161216,113895791781.16129,94412250673.54839,13648476226.064516,449977122816
expAE05,VUW_PISM2,/Volumes/CrucialX8/computing/data/antarctica/ismip6_hackathon/ComputedScalarsHelene/expAE05/shelfmelt/computed_shelfmelt_AIS_VUW_PISM2_expAE05.nc,6104545280,84449501184,16870647808,16518554624,103329497088,13350931456,6893416448,12191572992,21927563264,73137496064,38707232768,10602808320,13959188480,31469111296,20499472384,5226190848,8530473984.0,11797696512,227272736768,242738823168,25554364416,142036734084.12903,97800430790.19354,16518555416.774193,495565864960
expAE05,VUW_PISM2_s1,/Volumes/CrucialX8/computing/data/antarctica/ismip6_hackathon/ComputedScalarsHelene/expAE05/shelfmelt/computed_shelfmelt_AIS_VUW_PISM2_s1_expAE05.nc,7449758208,90810793984,19615975424,16844766208,97609064448,13220431872,9621811200,14330477568,22680920064,77486055424,38741012480,7335977472,13424973824,28303460352,21675065344,4672238592,9585027072.0,12838450176,232330379264,246820159488,27095713792,136350085516.3871,104031217895.2258,16844765976.774193,506246266880
expAE05,VUW_PISM2_s2,/Volumes/CrucialX8/computing/data/antarctica/ismip6_hackathon/ComputedScalarsHelene/expAE05/shelfmelt/computed_shelfmelt_AIS_VUW_PISM2_s2_expAE05.nc,5915857920,79341142016,16238454784,17434615808,102961889280,13133936640,6162634752,11099154432,21583722496,74709180416,37631119360,9226196992,12946191360,20907587584,19531264000,5285320704,10050402304.0,11923969024,221891952640,226930999296,27259688960,140593015642.8387,92475081761.03226,17434616468.64516,476082634752
expAE05,VUW_PISM2_s3,/Volumes/CrucialX8/computing/data/antarctica/ismip6_hackathon/ComputedScalarsHelene/expAE05/shelfmelt/computed_shelfmelt_AIS_VUW_PISM2_s3_expAE05.nc,7234918912,79586549760,15014815744,12166726656,86025715712,13364265984,7154628608,9544915968,22051610624,70158704640,34585866240,8657376256,16558158848,23138553856,20582791168,4971957760,10886243328.0,11234804736,200028749824,225796849664,27093012480,120611580366.45161,92950810987.35484,12166729430.709677,452918706176
expAE05,VUW_PISM2_s4,/Volumes/CrucialX8/computing/data/antarctica/ismip6_hackathon/ComputedScalarsHelene/expAE05/shelfmelt/computed_shelfmelt_AIS_VUW_PISM2_s4_expAE05.nc,6677282304,86496763904,18095015936,17409759232,101531590656,12605886464,7527924736,12035676160,22158168064,76304605184,40273149952,7371102208,13216996352,25516242944,19793383424,4995419136,9210662912.0,11914287104,230210420736,236803129344,26120370176,141804751310.4516,99102647031.74193,17409757580.387096,493133955072
