Experiment,Model,Path,sector_1,sector_2,sector_3,sector_4,sector_5,sector_6,sector_7,sector_8,sector_9,sector_10,sector_11,sector_12,sector_13,sector_14,sector_15,sector_16,sector_17,sector_18,AIS,region_1,region_2,region_3,Amundsen,Ross,Filchner_Ronne
expAE02,DC_ISSM,/Volumes/CrucialX8/computing/data/antarctica/ismip6_hackathon/ComputedScalarsHelene/expAE02/shelfmelt/computed_shelfmelt_AIS_DC_ISSM_expAE02.nc,0.3904259559512897,0.3904259559512897,0.3904259559512897,0.3904259559512897,0.3904259559512897,0.3904259559512897,0.3904259559512897,0.3904259559512897,0.3904259559512897,0.3904259559512897,0.3904259559512897,0.3904259559512897,0.3904259559512897,0.3904259559512897,0.3904259559512897,0.3904259559512897,0.390820401966561,0.3904259559512897,0.3904259559512897,0.3896274451867255,0.414180804961266,0.28603546430617127,0.7466725066128582,0.2546468297678063,0.4318545216550451
expAE02,IGE_ElmerIce,/Volumes/CrucialX8/computing/data/antarctica/ismip6_hackathon/ComputedScalarsHelene/expAE02/shelfmelt/computed_shelfmelt_AIS_IGE_ElmerIce_expAE02.nc,0.6716714477747148,0.6120503851468803,0.657589112540111,0.6120503851468803,0.6120503851468803,0.6120503851468803,0.6120503851468803,0.6120503851468803,0.6600275694015588,0.6300041225797495,0.6120503851468803,0.6120503851468803,0.6139156364267071,0.718465346932653,0.6743136796905531,0.7517079220068805,0.7195067003289032,0.7016634894965397,0.6120503851468803,0.4338339431663956,0.8758137597828086,2.006493461203559,0.2880650317707966,0.2811639624485742,0.386495370711369
expAE02,ILTS_SICOPOLIS,/Volumes/CrucialX8/computing/data/antarctica/ismip6_hackathon/ComputedScalarsHelene/expAE02/shelfmelt/computed_shelfmelt_AIS_ILTS_SICOPOLIS_expAE02.nc,0.7673845540611376,0.7673845540611376,0.7269815639905985,0.7673845540611376,0.7673845540611376,0.7673845540611376,0.7673845540611376,0.7634951782315421,0.7673845540611376,0.7673845540611376,0.7673845540611376,0.7673845540611376,0.7206452190337946,0.7673845540611376,0.7673845540611376,0.7673845540611376,0.7678689488770479,0.7283225607736036,0.7673845540611376,0.7675655151342602,0.7864879486860978,0.6785995584311535,1.685080571892923,0.4595794564214376,0.6129201564402749
expAE02,LSCE_GRISLI2,/Volumes/CrucialX8/computing/data/antarctica/ismip6_hackathon/ComputedScalarsHelene/expAE02/shelfmelt/computed_shelfmelt_AIS_LSCE_GRISLI2_expAE02.nc,0.37211859697022054,0.3930871207725703,0.3470403019636757,0.3930871207725703,0.3930871207725703,0.3930871207725703,0.3930871207725703,0.3135763947290302,0.34390208310996856,0.3853099850637835,0.34189609977089147,0.3930871207725703,0.38669413448797196,0.26588580147506674,0.3856510813601004,0.3930871207725703,0.299829290757048,0.3713037958469921,0.3604680197381978,0.353993347340162,0.3737066861917922,0.24832721868851212,0.728630612459223,0.3071276843479946,0.29841454275411144
expAE02,LSCE_GRISLI,/Volumes/CrucialX8/computing/data/antarctica/ismip6_hackathon/ComputedScalarsHelene/expAE02/shelfmelt/computed_shelfmelt_AIS_LSCE_GRISLI_expAE02.nc,0.39697687244795765,0.4045957272744445,0.30377815677285525,0.4045957272744445,0.4045957272744445,0.37478215353923205,0.4045957272744445,0.34737398107512196,0.33293972991985715,0.3808359974808802,0.2833204347156634,0.4045957272744445,0.4045957272744445,0.4045957272744445,0.4045957272744445,0.30377815677285525,0.22955253553345262,0.4045957272744445,0.4045957272744445,0.3415601394269579,0.36757001831802705,0.16583642894980463,0.8113011661718695,0.2694773395607298,0.30137395070783624
expAE02,NCAR_CISM1,/Volumes/CrucialX8/computing/data/antarctica/ismip6_hackathon/ComputedScalarsHelene/expAE02/shelfmelt/computed_shelfmelt_AIS_NCAR_CISM1_expAE02.nc,0.6106807484540933,0.6106807484540933,0.6106807484540933,0.6106807484540933,0.6106807484540933,0.6106807484540933,0.6106807484540933,0.6106807484540933,0.6279491424870072,0.6106807484540933,0.6532685566364156,0.6106807484540933,0.6106807484540933,0.6106807484540933,0.6106807484540933,0.6106807484540933,0.6106807484540933,0.6106807484540933,0.6106807484540933,0.6847209971961415,0.6044578828133256,0.4070433020443271,0.6567671615581198,0.5026683068709127,0.7534464677948982
expAE02,NCAR_CISM2,/Volumes/CrucialX8/computing/data/antarctica/ismip6_hackathon/ComputedScalarsHelene/expAE02/shelfmelt/computed_shelfmelt_AIS_NCAR_CISM2_expAE02.nc,1.21098606722588,1.21098606722588,1.2642239128785127,1.21098606722588,1.21098606722588,1.2436052390379415,1.21098606722588,1.21098606722588,1.4816891117349988,1.21098606722588,1.21098606722588,1.21098606722588,1.21098606722588,1.3767184390794065,1.3974857905281062,1.2412157507545365,1.2570691756466972,1.21098606722588,1.21098606722588,1.5861375521339824,1.116581122878111,0.48746566991152945,1.8048364856129182,0.9624983134902738,2.0889724341903233
expAE02,NORCE_CISM2-MAR364-ERA-t1,/Volumes/CrucialX8/computing/data/antarctica/ismip6_hackathon/ComputedScalarsHelene/expAE02/shelfmelt/computed_shelfmelt_AIS_NORCE_CISM2-MAR364-ERA-t1_expAE02.nc,1.4867615406934203,1.214489131119379,1.8420161308299436,1.2179690814841524,2.2464700270387943,1.2179690814841524,1.2179690814841524,1.2179690814841524,1.7647887798265616,1.618677958064324,1.9185511662806913,1.2179690814841524,1.5523892159823243,1.2179690814841524,1.2179690814841524,1.2179690814841524,2.2255854477010497,1.7035658079822615,1.2179690814841524,1.7927787098735024,1.07964682018611,0.5897897845553054,2.117941570362757,1.3838269446338065,2.9831411449675995
expAE02,NORCE_CISM3-MAR364-ERA-t1-local,/Volumes/CrucialX8/computing/data/antarctica/ismip6_hackathon/ComputedScalarsHelene/expAE02/shelfmelt/computed_shelfmelt_AIS_NORCE_CISM3-MAR364-ERA-t1-local_expAE02.nc,0.2209872104967073,0.2209872104967073,0.2209872104967073,0.2209872104967073,0.2209872104967073,0.2209872104967073,0.2209872104967073,0.2209872104967073,0.2209872104967073,0.2209872104967073,0.2209872104967073,0.2209872104967073,0.2209872104967073,0.2209872104967073,0.2209872104967073,0.2209872104967073,0.2010535719052124,0.2209872104967073,0.2209872104967073,0.2706708804841009,0.21129346198198476,0.13739361517851237,0.24265661330816174,0.22898296075609162,0.24285501191076114
expAE02,NORCE_CISM3-MAR364-ERA-t1-nonlocal,/Volumes/CrucialX8/computing/data/antarctica/ismip6_hackathon/ComputedScalarsHelene/expAE02/shelfmelt/computed_shelfmelt_AIS_NORCE_CISM3-MAR364-ERA-t1-nonlocal_expAE02.nc,0.17080333063891587,0.17080333063891587,0.17080333063891587,0.17080333063891587,0.17080333063891587,0.17080333063891587,0.17080333063891587,0.17080333063891587,0.17080333063891587,0.17080333063891587,0.17080333063891587,0.17080333063891587,0.17080333063891587,0.17080333063891587,0.17080333063891587,0.17080333063891587,0.17080333063891587,0.17080333063891587,0.17080333063891587,0.2030782081285731,0.17467676687813802,0.12121823263920001,0.3000814244080994,0.17779602407593348,0.2708535352421621
expAE02,NORCE_CISM3-MAR364-ERA-t1,/Volumes/CrucialX8/computing/data/antarctica/ismip6_hackathon/ComputedScalarsHelene/expAE02/shelfmelt/computed_shelfmelt_AIS_NORCE_CISM3-MAR364-ERA-t1_expAE02.nc,0.45001411195718016,0.45001411195718016,0.45001411195718016,0.45001411195718016,0.5644548737097403,0.45001411195718016,0.45001411195718016,0.45001411195718016,0.4581637819127874,0.45001411195718016,0.5588065007203357,0.45001411195718016,0.45001411195718016,0.45001411195718016,0.45001411195718016,0.49125283971458633,0.5514086118221327,0.555977906834079,0.45001411195718016,0.6691593283043916,0.41889477257091445,0.15588110227045035,0.7856165470942597,0.44418552097922565,1.0306754073824427
expAE02,NORCE_CISM4-MAR364-ERA-t1-local,/Volumes/CrucialX8/computing/data/antarctica/ismip6_hackathon/ComputedScalarsHelene/expAE02/shelfmelt/computed_shelfmelt_AIS_NORCE_CISM4-MAR364-ERA-t1-local_expAE02.nc,0.04100216703090715,0.04100216703090715,0.04100216703090715,0.04100216703090715,0.04100216703090715,0.04100216703090715,0.04100216703090715,0.04100216703090715,0.04100216703090715,0.04100216703090715,0.04100216703090715,0.04100216703090715,0.04100216703090715,0.04100216703090715,0.04100216703090715,0.04100216703090715,0.03943593709821703,0.04100216703090715,0.04100216703090715,0.043499462032051524,0.04243476893236335,0.026446074803951284,0.043107868890206326,0.04424508693599934,0.042095948193637385
expAE02,NORCE_CISM4-MAR364-ERA-t1-nonlocal,/Volumes/CrucialX8/computing/data/antarctica/ismip6_hackathon/ComputedScalarsHelene/expAE02/shelfmelt/computed_shelfmelt_AIS_NORCE_CISM4-MAR364-ERA-t1-nonlocal_expAE02.nc,0.03587343960751289,0.03587343960751289,0.03587343960751289,0.03587343960751289,0.03587343960751289,0.03587343960751289,0.03587343960751289,0.03587343960751289,0.03587343960751289,0.03587343960751289,0.03587343960751289,0.03587343960751289,0.03587343960751289,0.03587343960751289,0.03587343960751289,0.03587343960751289,0.03587343960751289,0.03587343960751289,0.03587343960751289,0.03600967016973063,0.03806445883494479,0.03305125844451827,0.07674508392946061,0.03410819687034558,0.04438194065991917
expAE02,NORCE_CISM4-MAR364-ERA-t1,/Volumes/CrucialX8/computing/data/antarctica/ismip6_hackathon/ComputedScalarsHelene/expAE02/shelfmelt/computed_shelfmelt_AIS_NORCE_CISM4-MAR364-ERA-t1_expAE02.nc,0.08246928371946612,0.07964520371328677,0.07964520371328677,0.07964520371328677,0.07964520371328677,0.07964520371328677,0.07964520371328677,0.07964520371328677,0.07642520793875303,0.07964520371328677,0.07964520371328677,0.07964520371328677,0.07964520371328677,0.07964520371328677,0.07964520371328677,0.07964520371328677,0.07590523852465955,0.07964520371328677,0.07964520371328677,0.11074234336007131,0.06593037515815266,0.02239180320816002,0.11562749727436802,0.06438955323443858,0.07875715307152373
expAE02,NORCE_CISM4-MAR364-JRA-t1,/Volumes/CrucialX8/computing/data/antarctica/ismip6_hackathon/ComputedScalarsHelene/expAE02/shelfmelt/computed_shelfmelt_AIS_NORCE_CISM4-MAR364-JRA-t1_expAE02.nc,0.08247699078277014,0.07988778011395352,0.07988778011395352,0.07988778011395352,0.07988778011395352,0.07988778011395352,0.07988778011395352,0.07988778011395352,0.07698690857265877,0.07988778011395352,0.07988778011395352,0.0622477853907343,0.07988778011395352,0.07988778011395352,0.07988778011395352,0.07988778011395352,0.07620165748300047,0.07988778011395352,0.07988778011395352,0.10429043686926101,0.06446177291817978,0.017999979403401093,0.12648368894186635,0.060817672715225354,0.08052513113921841
expAE02,NORCE_CISM5-MAR364-ERA-t1-local,/Volumes/CrucialX8/computing/data/antarctica/ismip6_hackathon/ComputedScalarsHelene/expAE02/shelfmelt/computed_shelfmelt_AIS_NORCE_CISM5-MAR364-ERA-t1-local_expAE02.nc,0.01837060010452042,0.01837060010452042,0.01837060010452042,0.01837060010452042,0.01837060010452042,0.01837060010452042,0.01837060010452042,0.022967451529980157,0.01940021639184622,0.01837060010452042,0.01837060010452042,0.025993735581018584,0.01837060010452042,0.01837060010452042,0.01837060010452042,0.01837060010452042,0.025140411598484274,0.01837060010452042,0.01837060010452042,0.022220727184757982,0.023105893064771125,0.007433407953651238,0.007827530467078765,0.03419880977191426,0.03208387710292808
expAE02,NORCE_CISM5-MAR364-ERA-t1-nonlocal,/Volumes/CrucialX8/computing/data/antarctica/ismip6_hackathon/ComputedScalarsHelene/expAE02/shelfmelt/computed_shelfmelt_AIS_NORCE_CISM5-MAR364-ERA-t1-nonlocal_expAE02.nc,0.014214776987531846,0.014214776987531846,0.014214776987531846,0.014214776987531846,0.014214776987531846,0.014214776987531846,0.014214776987531846,0.01874424629059549,0.014214776987531846,0.014214776987531846,0.014214776987531846,0.02568729862179308,0.014214776987531846,0.014214776987531846,0.014214776987531846,0.014214776987531846,0.020691464307868668,0.014214776987531846,0.014214776987531846,0.01952108479067485,0.01844156315476298,0.015312269054678137,0.033229229829510924,0.03706238862170022,0.024550430915459685
expAE02,NORCE_CISM5-MAR364-ERA-t1,/Volumes/CrucialX8/computing/data/antarctica/ismip6_hackathon/ComputedScalarsHelene/expAE02/shelfmelt/computed_shelfmelt_AIS_NORCE_CISM5-MAR364-ERA-t1_expAE02.nc,0.019041850678390416,0.019041850678390416,0.019041850678390416,0.019041850678390416,0.019041850678390416,0.019712089872345698,0.019041850678390416,0.019041850678390416,0.019041850678390416,0.019041850678390416,0.019041850678390416,0.019041850678390416,0.019041850678390416,0.019041850678390416,0.019041850678390416,0.019041850678390416,0.03322070560508975,0.019041850678390416,0.019041850678390416,0.0317198249712323,0.019700677006032355,0.0157475685573,-0.004693107846842619,0.053978235636653125,0.06516502587969132
expAE02,PIK_PISM,/Volumes/CrucialX8/computing/data/antarctica/ismip6_hackathon/ComputedScalarsHelene/expAE02/shelfmelt/computed_shelfmelt_AIS_PIK_PISM_expAE02.nc,0.371562973433774,0.371562973433774,0.371562973433774,0.371562973433774,0.371562973433774,0.371562973433774,0.371562973433774,0.371562973433774,0.371562973433774,0.371562973433774,0.371562973433774,0.371562973433774,0.371562973433774,0.371562973433774,0.371562973433774,0.4985270042038926,0.46117022821131126,0.371562973433774,0.371562973433774,0.3834426210467354,0.43378190599718064,0.2674177789778845,0.13674572124933335,0.3373234332733524,0.4422272900672861
expAE02,UCM_Yelmo,/Volumes/CrucialX8/computing/data/antarctica/ismip6_hackathon/ComputedScalarsHelene/expAE02/shelfmelt/computed_shelfmelt_AIS_UCM_Yelmo_expAE02.nc,0.182843097452075,0.182843097452075,0.182843097452075,0.182843097452075,0.182843097452075,0.182843097452075,0.182843097452075,0.182843097452075,0.182843097452075,0.182843097452075,0.182843097452075,0.182843097452075,0.182843097452075,0.182843097452075,0.182843097452075,0.182843097452075,0.182843097452075,0.182843097452075,0.182843097452075,0.20879997375754736,0.17029662478148727,0.08065560361904235,0.3166495802241402,0.11702474546120029,0.17894754981364172
expAE02,UCSD_ISSM,/Volumes/CrucialX8/computing/data/antarctica/ismip6_hackathon/ComputedScalarsHelene/expAE02/shelfmelt/computed_shelfmelt_AIS_UCSD_ISSM_expAE02.nc,0.15766100505110192,0.15766100505110192,0.15766100505110192,0.15766100505110192,0.15766100505110192,0.15766100505110192,0.15766100505110192,0.15766100505110192,0.15766100505110192,0.15766100505110192,0.15766100505110192,0.15766100505110192,0.15766100505110192,0.15766100505110192,0.15766100505110192,0.15766100505110192,0.15766100505110192,0.15766100505110192,0.15766100505110192,0.2146830562499616,0.10165610973780873,0.1854110442423847,0.25305928256597376,0.02348756577895583,0.007734860904961203
expAE02,ULB_fETISh-KoriBU1,/Volumes/CrucialX8/computing/data/antarctica/ismip6_hackathon/ComputedScalarsHelene/expAE02/shelfmelt/computed_shelfmelt_AIS_ULB_fETISh-KoriBU1_expAE02.nc,0.15079262419146505,0.15079262419146505,0.17935964240243127,0.15079262419146505,0.23810486088412522,0.15079262419146505,0.15079262419146505,0.15079262419146505,0.23797397163493705,0.23358058159778097,0.15079262419146505,0.15079262419146505,0.2424715889422213,0.24630627539188393,0.15079262419146505,0.15079262419146505,0.21458375235103072,0.15079262419146505,0.15079262419146505,0.14702611072735164,0.2590858158838396,-0.00046886869994480193,0.048948995721721636,0.06687723419833021,0.18626762365043342
expAE02,ULB_fETISh-KoriBU2,/Volumes/CrucialX8/computing/data/antarctica/ismip6_hackathon/ComputedScalarsHelene/expAE02/shelfmelt/computed_shelfmelt_AIS_ULB_fETISh-KoriBU2_expAE02.nc,0.21969708720170728,0.21969708720170728,0.21969708720170728,0.21969708720170728,0.21969708720170728,0.21969708720170728,0.21969708720170728,0.21969708720170728,0.21969708720170728,0.21969708720170728,0.21969708720170728,0.21969708720170728,0.21969708720170728,0.21969708720170728,0.21969708720170728,0.2220149693963098,0.2220149693963098,0.21969708720170728,0.21969708720170728,0.283084880912319,0.22712245765452485,0.07810890691185397,0.5896863282154119,0.18978630819782585,0.2751472839162408
expAE02,UNN_Ua,/Volumes/CrucialX8/computing/data/antarctica/ismip6_hackathon/ComputedScalarsHelene/expAE02/shelfmelt/computed_shelfmelt_AIS_UNN_Ua_expAE02.nc,0.632684432655553,0.618506041945933,0.6589537072231808,0.618506041945933,0.6571005515278497,0.618506041945933,0.618506041945933,0.618506041945933,0.624492555214724,0.6482549036170131,0.6489220464306013,0.618506041945933,0.6510367018227393,0.618506041945933,0.632684432655553,0.618506041945933,0.6537009538764558,0.632684432655553,0.618506041945933,0.6613975272629455,0.6123157338609466,0.362142224999844,0.47585823166771957,0.4711965080933296,0.4953650013698947
expAE02,UTAS_ElmerIce,/Volumes/CrucialX8/computing/data/antarctica/ismip6_hackathon/ComputedScalarsHelene/expAE02/shelfmelt/computed_shelfmelt_AIS_UTAS_ElmerIce_expAE02.nc,0.977037558318087,0.993694721816368,0.910638596313934,0.9851859804296326,0.9822383776403243,0.9917484034072569,0.993694721816368,0.9911068139096474,0.9433277284138875,0.9805279927143701,0.9456030502950298,0.993694721816368,0.993694721816368,0.5716418948871764,0.9803549704058788,0.9902498837462487,0.8294446012443809,0.9146857190442733,0.9856752399664925,1.0993372171184848,0.9209504730877286,0.6072069020391887,0.6681557047577,0.7805550379764618,0.8017833801144899
expAE02,VUB_AISMPALEO,/Volumes/CrucialX8/computing/data/antarctica/ismip6_hackathon/ComputedScalarsHelene/expAE02/shelfmelt/computed_shelfmelt_AIS_VUB_AISMPALEO_expAE02.nc,0.18762778538818078,0.19736138837367193,0.17440442816068663,0.17440442816068663,0.18240813377465076,0.19736138837367193,0.1893902226931733,0.1751932960614753,0.19804239987625102,0.1940432270288476,0.19281202031989678,0.19996501364385125,0.1751932960614753,0.13954242948085638,0.1980321362040837,0.18240813377465076,0.1497478303032353,0.1677499893949338,0.18240813377465076,0.1887036476988104,0.18224553957129258,0.17803186396344595,-0.18844305667154707,0.1623613691516097,0.15885772468160606
expAE02,VUW_PISM1,/Volumes/CrucialX8/computing/data/antarctica/ismip6_hackathon/ComputedScalarsHelene/expAE02/shelfmelt/computed_shelfmelt_AIS_VUW_PISM1_expAE02.nc,1.0131178571947026,1.0131178571947026,1.0131178571947026,1.0131178571947026,1.0131178571947026,1.173705410909751,1.0131178571947026,1.0131178571947026,1.4669210001939983,0.6839874719361162,1.4954766024455344,1.0131178571947026,1.0131178571947026,1.0748843770940049,1.2553639731509467,1.336037715054903,1.504605804037572,1.0131178571947026,1.4954766024455344,1.257688126232303,1.4565569970413772,1.22496678494953,1.4042024297438398,0.6930473403282148,1.822944133393267
expAE02,VUW_PISM1_s1,/Volumes/CrucialX8/computing/data/antarctica/ismip6_hackathon/ComputedScalarsHelene/expAE02/shelfmelt/computed_shelfmelt_AIS_VUW_PISM1_s1_expAE02.nc,1.0549896818211404,1.0549896818211404,1.0549896818211404,1.0549896818211404,1.0549896818211404,1.2467453772000399,1.0549896818211404,1.0549896818211404,1.5194118427813883,-0.1372988255854962,1.5473796113751768,1.0549896818211404,1.0549896818211404,1.2189018651625445,1.2863938288360068,1.3723554893467438,1.4555141303149692,1.0549896818211404,1.0549896818211404,1.3441447486053295,1.5371768876507566,0.7023238281316622,1.4475798956913102,0.7369115251946312,1.8325488430860528
expAE02,VUW_PISM1_s2,/Volumes/CrucialX8/computing/data/antarctica/ismip6_hackathon/ComputedScalarsHelene/expAE02/shelfmelt/computed_shelfmelt_AIS_VUW_PISM1_s2_expAE02.nc,0.9857836299396269,0.9857836299396269,0.9857836299396269,0.9857836299396269,0.9857836299396269,1.1331766560923506,0.9857836299396269,0.9857836299396269,1.4580445757813179,0.7520310362383877,1.4019562695609884,0.9857836299396269,0.9857836299396269,0.9828217363600928,1.2645143869649278,1.4204764020854082,1.5168988662742484,0.9857836299396269,1.496037042885179,1.213725916113927,1.4642301171544834,1.2069483501095941,1.351304532391582,0.6839493582520132,1.607438146061257
expAE02,VUW_PISM1_s3,/Volumes/CrucialX8/computing/data/antarctica/ismip6_hackathon/ComputedScalarsHelene/expAE02/shelfmelt/computed_shelfmelt_AIS_VUW_PISM1_s3_expAE02.nc,1.0285389537794005,1.0285389537794005,1.0285389537794005,1.0285389537794005,1.0285389537794005,1.212342671923613,1.0285389537794005,1.0285389537794005,1.4651951225672508,-0.18955535091450657,1.4887331751675306,1.0285389537794005,1.0285389537794005,1.0285389537794005,1.257083723524737,1.3450301798858724,1.424926765675907,1.0285389537794005,1.4887331751675306,1.322109350049976,1.4742330640476904,0.7291719981995934,1.4321233016702162,0.6956049980831197,1.81974941392732
expAE02,VUW_PISM1_s4,/Volumes/CrucialX8/computing/data/antarctica/ismip6_hackathon/ComputedScalarsHelene/expAE02/shelfmelt/computed_shelfmelt_AIS_VUW_PISM1_s4_expAE02.nc,1.0242080096895183,1.0242080096895183,1.0242080096895183,1.0242080096895183,1.0242080096895183,1.1946847328800456,1.0242080096895183,1.0242080096895183,1.4754058055235015,0.6911197730091589,1.49873649836594,1.0242080096895183,1.0242080096895183,1.0242080096895183,1.2868649754161197,1.3621823473774886,1.4406253168804923,1.0242080096895183,1.49873649836594,1.2639882382352647,1.46972379192547,0.8132641250660563,1.4039206189455422,0.6823304252008885,1.8293398713805082
expAE02,VUW_PISM2,/Volumes/CrucialX8/computing/data/antarctica/ismip6_hackathon/ComputedScalarsHelene/expAE02/shelfmelt/computed_shelfmelt_AIS_VUW_PISM2_expAE02.nc,1.0622160044238438,1.0622160044238438,1.0622160044238438,1.0622160044238438,1.0622160044238438,1.1312497110727462,1.0622160044238438,1.0622160044238438,1.3947161418862892,0.8232602227004954,1.3988797263148929,1.0622160044238438,1.062508130356535,1.0622160044238438,1.2835469921069134,1.3891562826371637,1.4138601357071678,1.0622160044238438,1.0622160044238438,1.3083642385472336,1.3871935402860345,0.7531740679385692,1.5456961694302913,0.6833932669520781,1.672323891056084
expAE02,VUW_PISM2_s1,/Volumes/CrucialX8/computing/data/antarctica/ismip6_hackathon/ComputedScalarsHelene/expAE02/shelfmelt/computed_shelfmelt_AIS_VUW_PISM2_s1_expAE02.nc,1.0842236148168007,1.0842236148168007,1.0842236148168007,1.0842236148168007,1.0842236148168007,1.1762550555138944,1.0842236148168007,1.0842236148168007,1.4154565521908182,1.0105807235034412,1.406709754367716,1.0842236148168007,1.1000250390265192,1.0842236148168007,1.3140097573108214,1.419023555942331,1.4376585327988356,1.0842236148168007,1.0842236148168007,1.3619346251289595,1.3925261937702857,0.7000559560097106,1.5407442827897166,0.6884360693864636,1.6738762918788015
expAE02,VUW_PISM2_s2,/Volumes/CrucialX8/computing/data/antarctica/ismip6_hackathon/ComputedScalarsHelene/expAE02/shelfmelt/computed_shelfmelt_AIS_VUW_PISM2_s2_expAE02.nc,1.0047654909120538,1.0047654909120538,1.0047654909120538,1.0047654909120538,1.0047654909120538,1.0834239753453387,1.0047654909120538,1.0047654909120538,1.3848269688807557,1.2775074431167808,1.3749426992433782,1.0047654909120538,1.0033201034074852,1.0047654909120538,1.2775074431167808,1.3887828277099141,1.5013890163109858,1.0047654909120538,1.3749426992433782,1.243355375969464,1.3586386545085891,0.7087910711626108,1.3739650499575404,0.6717251446380607,1.6638534425452558
expAE02,VUW_PISM2_s3,/Volumes/CrucialX8/computing/data/antarctica/ismip6_hackathon/ComputedScalarsHelene/expAE02/shelfmelt/computed_shelfmelt_AIS_VUW_PISM2_s3_expAE02.nc,1.0550702954580147,1.0550702954580147,1.0550702954580147,1.0550702954580147,1.062224706342336,1.1619369233318018,1.0550702954580147,1.0550702954580147,1.3967638743763018,0.7204990972777705,1.3979466075531848,1.0550702954580147,1.0777671195380762,1.0550702954580147,1.2958491934896677,1.401948837235629,1.4341415042948085,1.0550702954580147,1.3979466075531848,1.3789481942606767,1.3980347019283477,0.7076021265357988,1.5362086790339444,0.7515261012129988,1.671377865241599
expAE02,VUW_PISM2_s4,/Volumes/CrucialX8/computing/data/antarctica/ismip6_hackathon/ComputedScalarsHelene/expAE02/shelfmelt/computed_shelfmelt_AIS_VUW_PISM2_s4_expAE02.nc,1.063392064650663,1.063392064650663,1.063392064650663,1.063392064650663,1.063392064650663,1.1281664149865633,1.063392064650663,1.063392064650663,1.4077068780986035,0.835900161804515,1.4048748416360868,1.063392064650663,1.0594603081829923,1.063392064650663,1.3270713807913652,1.3907343237527428,1.454883093496943,1.063392064650663,1.063392064650663,1.305760176324704,1.3883728538306195,0.7007635827397428,1.5127937234218005,0.6765548344735639,1.672200061248527
expAE03,DC_ISSM,/Volumes/CrucialX8/computing/data/antarctica/ismip6_hackathon/ComputedScalarsHelene/expAE03/shelfmelt/computed_shelfmelt_AIS_DC_ISSM_expAE03.nc,0.42273841117929806,0.42273841117929806,0.42273841117929806,0.42273841117929806,0.42273841117929806,0.42273841117929806,0.42273841117929806,0.42273841117929806,0.42273841117929806,0.42273841117929806,0.42273841117929806,0.42273841117929806,0.42273841117929806,0.42273841117929806,0.42273841117929806,0.42273841117929806,0.42273841117929806,0.42273841117929806,0.42273841117929806,0.4265964443843711,0.4437756800517244,0.15736768688244931,0.8311984825136582,0.32734909169864373,0.3918639740344975
expAE03,IGE_ElmerIce,/Volumes/CrucialX8/computing/data/antarctica/ismip6_hackathon/ComputedScalarsHelene/expAE03/shelfmelt/computed_shelfmelt_AIS_IGE_ElmerIce_expAE03.nc,0.8493682571476197,0.7854662541874384,1.0152633559092077,0.7854662541874384,0.7854662541874384,0.9913462528736395,0.7854662541874384,0.7854662541874384,0.943739140506016,0.7854662541874384,0.7854662541874384,0.880938414069719,0.7854662541874384,0.7854662541874384,1.3246253481643162,0.912797408295107,0.912797408295107,0.6934293830582756,0.7854662541874384,0.49547217827896334,1.0589452045414842,1.1599501121865592,1.2033111997480312,1.0934699072676715,0.2858768670389972
expAE03,ILTS_SICOPOLIS,/Volumes/CrucialX8/computing/data/antarctica/ismip6_hackathon/ComputedScalarsHelene/expAE03/shelfmelt/computed_shelfmelt_AIS_ILTS_SICOPOLIS_expAE03.nc,0.8300823949699019,0.8300823949699019,0.502296658834464,0.8300823949699019,0.8300823949699019,0.8300823949699019,0.8300823949699019,0.8214474729241606,0.8300823949699019,0.8300823949699019,0.8300823949699019,0.8300823949699019,0.8286948958339313,0.8300823949699019,0.8300823949699019,0.8300823949699019,0.8300823949699019,0.5486679678833973,0.8300823949699019,0.7786581001021152,0.7686154790909391,0.6368981191523707,1.6711937386671558,0.5652418353091306,0.6547354652466563
expAE03,LSCE_GRISLI2,/Volumes/CrucialX8/computing/data/antarctica/ismip6_hackathon/ComputedScalarsHelene/expAE03/shelfmelt/computed_shelfmelt_AIS_LSCE_GRISLI2_expAE03.nc,0.2619975609676709,0.3910472502261354,0.2587946395432615,0.3910472502261354,0.3910472502261354,0.3145861589291245,0.3910472502261354,0.3696779875233904,0.3869138635259148,0.3696779875233904,0.3696779875233904,0.3910472502261354,0.3910472502261354,0.3696779875233904,0.3910472502261354,0.3910472502261354,0.3843430315831562,0.2832661300980673,0.3696779875233904,0.2717834264405988,0.36432135989519415,0.48380832373943333,0.7937163214902652,0.2609308141043218,0.2899808124354919
expAE03,LSCE_GRISLI,/Volumes/CrucialX8/computing/data/antarctica/ismip6_hackathon/ComputedScalarsHelene/expAE03/shelfmelt/computed_shelfmelt_AIS_LSCE_GRISLI_expAE03.nc,0.24189379063269548,0.39915564880810317,0.24189379063269548,0.4147173759228506,0.4147173759228506,0.33452068074074603,0.4098227551548527,0.4098227551548527,0.4147173759228506,0.4098227551548527,0.4098227551548527,0.4147173759228506,0.4147173759228506,0.4147173759228506,0.4147173759228506,0.4147173759228506,0.2052960880347204,0.19949568637402523,0.4147173759228506,0.30747603477861724,0.3753862991627755,0.4243006088676655,0.8251900638315763,0.3037000301519213,0.3128377655574184
expAE03,NCAR_CISM1,/Volumes/CrucialX8/computing/data/antarctica/ismip6_hackathon/ComputedScalarsHelene/expAE03/shelfmelt/computed_shelfmelt_AIS_NCAR_CISM1_expAE03.nc,0.5029577099996542,0.571394948289477,0.5486323353766098,0.571394948289477,0.571394948289477,0.571394948289477,0.571394948289477,0.571394948289477,0.5692503994742555,0.571394948289477,0.571394948289477,0.571394948289477,0.571394948289477,0.571394948289477,0.571394948289477,0.571394948289477,0.571394948289477,0.571394948289477,0.571394948289477,0.6734630004562862,0.6330637010719974,0.09338898190610187,0.52920319949774,0.5976601965337266,0.7822192628685568
expAE03,NCAR_CISM2,/Volumes/CrucialX8/computing/data/antarctica/ismip6_hackathon/ComputedScalarsHelene/expAE03/shelfmelt/computed_shelfmelt_AIS_NCAR_CISM2_expAE03.nc,1.1978455071443468,1.1978455071443468,1.1007467560042423,1.1978455071443468,1.1978455071443468,1.1050620510526075,1.1978455071443468,1.1978455071443468,1.1955665124413013,1.1978455071443468,1.1978455071443468,1.1978455071443468,1.1978455071443468,1.1978455071443468,1.1978455071443468,1.1978455071443468,1.1978455071443468,1.152047098827841,1.1978455071443468,1.2013384284982198,1.4185184788849692,0.2291951600071842,1.8577791941211819,1.1553363860226638,2.045807738359549
expAE03,NORCE_CISM2-MAR364-ERA-t1,/Volumes/CrucialX8/computing/data/antarctica/ismip6_hackathon/ComputedScalarsHelene/expAE03/shelfmelt/computed_shelfmelt_AIS_NORCE_CISM2-MAR364-ERA-t1_expAE03.nc,0.9493363433805518,1.6794646317576865,1.0049465889915303,1.6794646317576865,1.6842102773870373,1.6794646317576865,1.6794646317576865,1.6794646317576865,1.6794646317576865,1.7008158714457555,1.4870545990486757,1.6794646317576865,1.6794646317576865,1.5612166206033835,1.6794646317576865,1.6794646317576865,1.6842102773870373,0.9493363433805518,1.6794646317576865,2.041415865014094,1.878784193476633,0.5461542306321863,2.389799509996825,2.4451263935589327,2.9714304631427955
expAE03,NORCE_CISM3-MAR364-ERA-t1-local,/Volumes/CrucialX8/computing/data/antarctica/ismip6_hackathon/ComputedScalarsHelene/expAE03/shelfmelt/computed_shelfmelt_AIS_NORCE_CISM3-MAR364-ERA-t1-local_expAE03.nc,0.1720230971814969,0.1720230971814969,0.16997993011515772,0.1720230971814969,0.1720230971814969,0.1720230971814969,0.1720230971814969,0.1720230971814969,0.1720230971814969,0.1720230971814969,0.1720230971814969,0.1720230971814969,0.1720230971814969,0.1720230971814969,0.1720230971814969,0.1720230971814969,0.16928107975201287,0.17624270638593137,0.1720230971814969,0.22219741883531013,0.20890046435064033,0.15190173675844623,0.27696956895121705,0.21623130811075106,0.27010770859720884
expAE03,NORCE_CISM3-MAR364-ERA-t1-nonlocal,/Volumes/CrucialX8/computing/data/antarctica/ismip6_hackathon/ComputedScalarsHelene/expAE03/shelfmelt/computed_shelfmelt_AIS_NORCE_CISM3-MAR364-ERA-t1-nonlocal_expAE03.nc,0.1538132615088761,0.1538132615088761,0.1532741502830234,0.1538132615088761,0.1538132615088761,0.1538132615088761,0.1538132615088761,0.1538132615088761,0.1538132615088761,0.1538132615088761,0.1538132615088761,0.1538132615088761,0.1538132615088761,0.1538132615088761,0.1538132615088761,0.1538132615088761,0.1538132615088761,0.19502017626459262,0.1538132615088761,0.22532766432099874,0.17432543031672199,0.15771605741154182,0.3555998721403722,0.15949655168081614,0.26686199791567794
expAE03,NORCE_CISM3-MAR364-ERA-t1,/Volumes/CrucialX8/computing/data/antarctica/ismip6_hackathon/ComputedScalarsHelene/expAE03/shelfmelt/computed_shelfmelt_AIS_NORCE_CISM3-MAR364-ERA-t1_expAE03.nc,0.45714479559935606,0.45714479559935606,0.37790573507156144,0.45714479559935606,0.45714479559935606,0.45714479559935606,0.45714479559935606,0.45714479559935606,0.45714479559935606,0.45714479559935606,0.45714479559935606,0.45714479559935606,0.45714479559935606,0.45714479559935606,0.45714479559935606,0.45714479559935606,0.45714479559935606,0.28164720332645166,0.45714479559935606,0.47103404917775304,0.5252379953095677,0.14023995206338907,0.8586347183373031,0.7398323683016182,1.1519786694880672
expAE03,NORCE_CISM4-MAR364-ERA-t1-local,/Volumes/CrucialX8/computing/data/antarctica/ismip6_hackathon/ComputedScalarsHelene/expAE03/shelfmelt/computed_shelfmelt_AIS_NORCE_CISM4-MAR364-ERA-t1-local_expAE03.nc,0.03262338526613942,0.03437866415258698,0.033854729147146115,0.03437866415258698,0.03437866415258698,0.03437866415258698,0.03437866415258698,0.03437866415258698,0.03437866415258698,0.03437866415258698,0.03437866415258698,0.03437866415258698,0.03437866415258698,0.03437866415258698,0.03437866415258698,0.03437866415258698,0.030236670032951007,0.038252385023715675,0.03437866415258698,0.035544020909219015,0.0422032071583558,0.052952549359464994,0.03704302860316697,0.03764601010585562,0.04813972587541913
expAE03,NORCE_CISM4-MAR364-ERA-t1-nonlocal,/Volumes/CrucialX8/computing/data/antarctica/ismip6_hackathon/ComputedScalarsHelene/expAE03/shelfmelt/computed_shelfmelt_AIS_NORCE_CISM4-MAR364-ERA-t1-nonlocal_expAE03.nc,0.03280822317269197,0.03280822317269197,0.032138319649533544,0.03280822317269197,0.03280822317269197,0.03280822317269197,0.03280822317269197,0.03280822317269197,0.03280822317269197,0.03280822317269197,0.03280822317269197,0.03280822317269197,0.03280822317269197,0.03280822317269197,0.03280822317269197,0.03280822317269197,0.029467104564234774,0.0315388093144,0.03280822317269197,0.03913631129071835,0.03751582320978174,0.03588432728900491,0.0452508627484432,0.028941365029515446,0.046997556226901355
expAE03,NORCE_CISM4-MAR364-ERA-t1,/Volumes/CrucialX8/computing/data/antarctica/ismip6_hackathon/ComputedScalarsHelene/expAE03/shelfmelt/computed_shelfmelt_AIS_NORCE_CISM4-MAR364-ERA-t1_expAE03.nc,0.06320188366283284,0.06320188366283284,0.052229456051797116,0.06320188366283284,0.06320188366283284,0.06320188366283284,0.06320188366283284,0.06320188366283284,0.06320188366283284,0.06320188366283284,0.06320188366283284,0.06320188366283284,0.06320188366283284,0.06320188366283284,0.06320188366283284,0.06320188366283284,0.034896226319786575,0.06320188366283284,0.06320188366283284,0.05927472165793848,0.06736578681298334,0.022628787448065475,0.07903700737719753,0.0820089343142104,0.10463849844954164
expAE03,NORCE_CISM4-MAR364-JRA-t1,/Volumes/CrucialX8/computing/data/antarctica/ismip6_hackathon/ComputedScalarsHelene/expAE03/shelfmelt/computed_shelfmelt_AIS_NORCE_CISM4-MAR364-JRA-t1_expAE03.nc,0.06204586823309266,0.06204586823309266,0.05148906093915194,0.06204586823309266,0.06204586823309266,0.06204586823309266,0.06204586823309266,0.06204586823309266,0.06204586823309266,0.06204586823309266,0.06204586823309266,0.06204586823309266,0.06204586823309266,0.06204586823309266,0.06204586823309266,0.06204586823309266,0.04173938152520711,0.06204586823309266,0.06204586823309266,0.05835443252414905,0.07012707230541754,0.023378004111176166,0.07563289969265692,0.07672695987199583,0.11264838940922628
expAE03,NORCE_CISM5-MAR364-ERA-t1-local,/Volumes/CrucialX8/computing/data/antarctica/ismip6_hackathon/ComputedScalarsHelene/expAE03/shelfmelt/computed_shelfmelt_AIS_NORCE_CISM5-MAR364-ERA-t1-local_expAE03.nc,0.020807187058928252,0.020807187058928252,0.020807187058928252,0.020807187058928252,0.020807187058928252,0.020807187058928252,0.020807187058928252,0.020807187058928252,0.02077908462158429,0.020807187058928252,0.020807187058928252,0.021912674890193027,0.020807187058928252,0.020807187058928252,0.020807187058928252,0.020807187058928252,0.014215940346726123,0.020807187058928252,0.020807187058928252,0.009860081919311757,0.02643093612932382,-0.00044694607619819027,0.0015956489322863899,0.04851906731619151,0.027952169072174828
expAE03,NORCE_CISM5-MAR364-ERA-t1-nonlocal,/Volumes/CrucialX8/computing/data/antarctica/ismip6_hackathon/ComputedScalarsHelene/expAE03/shelfmelt/computed_shelfmelt_AIS_NORCE_CISM5-MAR364-ERA-t1-nonlocal_expAE03.nc,0.01731516648585991,0.01731516648585991,0.01731516648585991,0.01731516648585991,0.01731516648585991,0.01731516648585991,0.01731516648585991,0.01731516648585991,0.01731516648585991,0.01731516648585991,0.01731516648585991,0.017866907594381417,0.01731516648585991,0.01731516648585991,0.01731516648585991,0.01731516648585991,0.014653791086065139,0.01731516648585991,0.01731516648585991,0.015321404317605607,0.021774943479191507,0.0038839295198420604,0.02545877992999577,0.046430145834584303,0.028505024838519546
expAE03,NORCE_CISM5-MAR364-ERA-t1,/Volumes/CrucialX8/computing/data/antarctica/ismip6_hackathon/ComputedScalarsHelene/expAE03/shelfmelt/computed_shelfmelt_AIS_NORCE_CISM5-MAR364-ERA-t1_expAE03.nc,0.02570593597789943,0.02570593597789943,0.02570593597789943,0.02570593597789943,0.02570593597789943,0.01989303671377228,0.02570593597789943,0.02570593597789943,0.026456374947437324,0.02570593597789943,0.02570593597789943,0.02616014296792704,0.02570593597789943,0.02570593597789943,0.02570593597789943,0.02570593597789943,0.017724184087262607,0.02570593597789943,0.02570593597789943,0.02526575793494358,0.024044808274115165,-0.00036985249971218704,-0.0028063093190782967,0.07173210630643741,0.06732962981626084
expAE03,PIK_PISM,/Volumes/CrucialX8/computing/data/antarctica/ismip6_hackathon/ComputedScalarsHelene/expAE03/shelfmelt/computed_shelfmelt_AIS_PIK_PISM_expAE03.nc,0.38880545042270453,0.38880545042270453,0.52305185651544,0.38880545042270453,0.38880545042270453,0.6182368947646614,0.38880545042270453,0.38880545042270453,0.38880545042270453,0.38880545042270453,0.38880545042270453,0.38880545042270453,0.38880545042270453,0.38880545042270453,0.38880545042270453,0.4836950595604038,0.6184113070076058,0.38880545042270453,0.38880545042270453,0.5165324043865905,0.33246174901884024,0.19934993910872495,0.5848580011638986,0.4811995299219379,0.5064876827417907
expAE03,UCM_Yelmo,/Volumes/CrucialX8/computing/data/antarctica/ismip6_hackathon/ComputedScalarsHelene/expAE03/shelfmelt/computed_shelfmelt_AIS_UCM_Yelmo_expAE03.nc,0.24637449335970185,0.24637449335970185,0.24637449335970185,0.24637449335970185,0.24637449335970185,0.24637449335970185,0.24637449335970185,0.24637449335970185,0.24637449335970185,0.24637449335970185,0.24637449335970185,0.24637449335970185,0.24637449335970185,0.24637449335970185,0.24637449335970185,0.24637449335970185,0.24637449335970185,0.24637449335970185,0.24637449335970185,0.2757975026099496,0.13597925571399413,0.0263606336252387,0.42413711440575275,0.1458840417563496,0.16339703826339358
expAE03,UCSD_ISSM,/Volumes/CrucialX8/computing/data/antarctica/ismip6_hackathon/ComputedScalarsHelene/expAE03/shelfmelt/computed_shelfmelt_AIS_UCSD_ISSM_expAE03.nc,0.2206030704936477,0.2206030704936477,0.2206030704936477,0.2206030704936477,0.2206030704936477,0.2206030704936477,0.2206030704936477,0.2206030704936477,0.2206030704936477,0.2206030704936477,0.2206030704936477,0.2206030704936477,0.2206030704936477,0.2206030704936477,0.2206030704936477,0.2206030704936477,0.2206030704936477,0.2206030704936477,0.2206030704936477,0.3128106593663383,0.1715325564916588,0.1674777076131031,0.6275093398972115,0.028276177572257092,0.0002908673351663913
expAE03,ULB_fETISh-KoriBU1,/Volumes/CrucialX8/computing/data/antarctica/ismip6_hackathon/ComputedScalarsHelene/expAE03/shelfmelt/computed_shelfmelt_AIS_ULB_fETISh-KoriBU1_expAE03.nc,0.23530168963374284,0.23530168963374284,0.23412555616862987,0.23530168963374284,0.22986426530732323,0.23530168963374284,0.23530168963374284,0.23530168963374284,0.24191406920164107,0.22842231451410222,0.23530168963374284,0.23530168963374284,0.23235277648053512,0.23530168963374284,0.22842231451410222,0.23530168963374284,0.23655030368857075,0.23530168963374284,0.23530168963374284,0.17622922200849966,0.3875918212276482,0.003899597435704065,0.32890463980370527,0.1560391667056324,0.3284192834554362
expAE03,ULB_fETISh-KoriBU2,/Volumes/CrucialX8/computing/data/antarctica/ismip6_hackathon/ComputedScalarsHelene/expAE03/shelfmelt/computed_shelfmelt_AIS_ULB_fETISh-KoriBU2_expAE03.nc,0.25924596287453594,0.25924596287453594,0.23644805907890495,0.25924596287453594,0.25924596287453594,0.25924596287453594,0.25924596287453594,0.25924596287453594,0.25924596287453594,0.25924596287453594,0.25924596287453594,0.25924596287453594,0.25924596287453594,0.24926306632299428,0.25924596287453594,0.25924596287453594,0.25924596287453594,0.25924596287453594,0.25924596287453594,0.2635860080509657,0.32458705853612857,0.01380929002517653,0.5388570378647783,0.2309772750762073,0.2927593990036881
expAE03,UNN_Ua,/Volumes/CrucialX8/computing/data/antarctica/ismip6_hackathon/ComputedScalarsHelene/expAE03/shelfmelt/computed_shelfmelt_AIS_UNN_Ua_expAE03.nc,0.5875380114207644,0.5319623834420276,0.5803655715801008,0.5319623834420276,0.5319623834420276,0.5611941113301174,0.5319623834420276,0.5319623834420276,0.5319623834420276,0.5319623834420276,0.5319623834420276,0.5319623834420276,0.5319623834420276,0.5319623834420276,0.5319623834420276,0.5319623834420276,0.5319623834420276,0.5319623834420276,0.5319623834420276,0.5945190603422544,0.6116040543327179,0.38083902980034784,0.632216893404116,0.4967035705707065,0.5757961663856636
expAE03,UTAS_ElmerIce,/Volumes/CrucialX8/computing/data/antarctica/ismip6_hackathon/ComputedScalarsHelene/expAE03/shelfmelt/computed_shelfmelt_AIS_UTAS_ElmerIce_expAE03.nc,0.7688111449533283,1.0397784800006198,0.802645069764367,1.0397784800006198,1.0397784800006198,0.9692722271109836,1.0397784800006198,1.0397784800006198,1.0308780153763215,1.0397784800006198,0.9728047606992533,1.0397784800006198,1.0397784800006198,0.9906331739228086,1.0397784800006198,1.0397784800006198,1.0397784800006198,0.7688111449533283,1.0397784800006198,0.9349186582756036,1.004880056921007,0.46849559744938774,1.1366004035180237,0.8780911050582235,0.9679248160370371
expAE03,VUB_AISMPALEO,/Volumes/CrucialX8/computing/data/antarctica/ismip6_hackathon/ComputedScalarsHelene/expAE03/shelfmelt/computed_shelfmelt_AIS_VUB_AISMPALEO_expAE03.nc,0.07792026809673827,0.16028052575525717,0.16028052575525717,0.16028052575525717,0.16028052575525717,0.16028052575525717,0.16028052575525717,0.10285700750120513,0.16028052575525717,0.16028052575525717,0.16028052575525717,0.16028052575525717,0.16028052575525717,0.16028052575525717,0.16028052575525717,0.16028052575525717,0.16028052575525717,0.16028052575525717,0.16028052575525717,0.12044557087144349,0.1754879620754365,0.1867340055627607,0.40142820107110744,0.11900273948261163,0.14415122577576325
expAE03,VUW_PISM1,/Volumes/CrucialX8/computing/data/antarctica/ismip6_hackathon/ComputedScalarsHelene/expAE03/shelfmelt/computed_shelfmelt_AIS_VUW_PISM1_expAE03.nc,1.0640258813347128,1.0640258813347128,2.1099199515041205,1.0640258813347128,1.0640258813347128,2.0918511825764656,1.0640258813347128,1.0640258813347128,2.400390548558341,-0.011824742383324321,1.5423495787799424,1.0640258813347128,1.0640258813347128,1.0640258813347128,2.5205041514695377,1.0640258813347128,2.4346234849238653,1.0273138366529828,1.0640258813347128,1.3004454017296698,1.405572145800129,1.563398090861607,2.305173110251065,1.1974655478832734,1.9321263288198616
expAE03,VUW_PISM1_s1,/Volumes/CrucialX8/computing/data/antarctica/ismip6_hackathon/ComputedScalarsHelene/expAE03/shelfmelt/computed_shelfmelt_AIS_VUW_PISM1_s1_expAE03.nc,1.131316058433951,1.131316058433951,2.153157967778652,1.131316058433951,1.131316058433951,2.141685984532231,1.131316058433951,1.131316058433951,2.4653700857170007,1.8922070385413676,1.6309331155575773,1.131316058433951,1.131316058433951,1.131316058433951,2.6146766074518184,2.5337142201197627,2.538516094396441,1.131316058433951,1.131316058433951,1.3242239496440662,1.5261739244272203,0.588254240685421,2.4319975789506967,1.2131049835783752,1.9550980489475
expAE03,VUW_PISM1_s2,/Volumes/CrucialX8/computing/data/antarctica/ismip6_hackathon/ComputedScalarsHelene/expAE03/shelfmelt/computed_shelfmelt_AIS_VUW_PISM1_s2_expAE03.nc,1.0223952137961518,1.0223952137961518,2.1006640318979484,1.0223952137961518,1.0223952137961518,2.4044408525741288,1.0223952137961518,1.0223952137961518,2.4370798677541647,2.3490385216564635,1.521062128002951,1.0223952137961518,1.0223952137961518,1.0223952137961518,2.5476190691786473,1.0223952137961518,2.436911032293738,1.0642032466963676,1.0223952137961518,1.2767334657319576,1.3824534109448663,1.1307903646052777,2.159382307025022,1.4410001570207318,1.9642659807746683
expAE03,VUW_PISM1_s3,/Volumes/CrucialX8/computing/data/antarctica/ismip6_hackathon/ComputedScalarsHelene/expAE03/shelfmelt/computed_shelfmelt_AIS_VUW_PISM1_s3_expAE03.nc,1.0835923775799257,2.19623494858947,1.9739037786958582,1.0835923775799257,1.0835923775799257,2.0456091046670553,1.0835923775799257,1.0835923775799257,2.2949452926657945,-0.011824742383324321,1.562144024610105,1.1124802116176375,1.0835923775799257,1.0835923775799257,2.4289941654896907,1.0835923775799257,2.3942524776053813,0.747458239087069,1.562144024610105,1.3165302088983493,1.4505223648429977,1.5832830088090781,2.339533064307123,1.2085061108313693,1.9599478819632095
expAE03,VUW_PISM1_s4,/Volumes/CrucialX8/computing/data/antarctica/ismip6_hackathon/ComputedScalarsHelene/expAE03/shelfmelt/computed_shelfmelt_AIS_VUW_PISM1_s4_expAE03.nc,1.0659802708542496,1.0659802708542496,2.1069459835605513,1.0659802708542496,1.0659802708542496,2.1850657859927867,1.0659802708542496,1.0659802708542496,2.415039603757331,-0.011824742383324321,1.5535164479592871,1.0659802708542496,1.0659802708542496,1.0659802708542496,2.5510704204067554,1.0659802708542496,2.4587311506192027,0.9997812768832133,1.0659802708542496,1.289224387835172,1.4126718975126353,1.5474573951251902,2.3442609450630525,1.2760938179725863,1.9492514040021762
expAE03,VUW_PISM2,/Volumes/CrucialX8/computing/data/antarctica/ismip6_hackathon/ComputedScalarsHelene/expAE03/shelfmelt/computed_shelfmelt_AIS_VUW_PISM2_expAE03.nc,1.0715856642827,1.0715856642827,1.9974495761433428,1.0715856642827,1.0715856642827,1.9974495761433428,1.0715856642827,1.0715856642827,2.223792788193294,1.881223363419755,1.4997624205667035,1.0715856642827,1.0715856642827,1.0715856642827,2.348397019224499,1.0715856642827,2.2999230906015797,1.2570665329701414,1.0715856642827,1.3925488941689608,1.393361396232495,1.416323791418676,2.346067811944648,1.2108720035443623,1.8563462024418902
expAE03,VUW_PISM2_s1,/Volumes/CrucialX8/computing/data/antarctica/ismip6_hackathon/ComputedScalarsHelene/expAE03/shelfmelt/computed_shelfmelt_AIS_VUW_PISM2_s1_expAE03.nc,1.104409002989013,1.104409002989013,2.0498156842253965,1.104409002989013,1.104409002989013,2.0498156842253965,1.104409002989013,1.104409002989013,2.321199125176943,1.9239503009004693,1.549062311629542,1.104409002989013,1.104409002989013,1.104409002989013,2.4408055879567874,1.104409002989013,2.387316099775296,1.104409002989013,1.104409002989013,1.3623458906205266,0.7908004433017546,0.6037482024229057,2.3314764130267425,1.2230208971629781,1.8590751313795866
expAE03,VUW_PISM2_s2,/Volumes/CrucialX8/computing/data/antarctica/ismip6_hackathon/ComputedScalarsHelene/expAE03/shelfmelt/computed_shelfmelt_AIS_VUW_PISM2_s2_expAE03.nc,1.0373517408209247,1.0373517408209247,1.988500004549351,1.0373517408209247,1.0373517408209247,1.988500004549351,1.0373517408209247,1.0373517408209247,2.219812027683483,1.8629649728626174,1.4734721071829653,1.0373517408209247,1.0373517408209247,1.0373517408209247,2.3243899903963383,1.0373517408209247,2.2514793105016246,1.0373517408209247,1.0373517408209247,1.3275421639596152,1.3761805370261184,0.42960585314256494,2.3117170710074118,1.1939505751176986,1.8660943666663188
expAE03,VUW_PISM2_s3,/Volumes/CrucialX8/computing/data/antarctica/ismip6_hackathon/ComputedScalarsHelene/expAE03/shelfmelt/computed_shelfmelt_AIS_VUW_PISM2_s3_expAE03.nc,1.0419308733247188,1.0419308733247188,1.936702924345487,1.0419308733247188,1.0419308733247188,1.936702924345487,1.0419308733247188,1.0419308733247188,2.2156055239550585,1.7657298285204996,1.5561093130736332,1.0584261323969537,1.0419308733247188,1.0419308733247188,2.3305432774636694,1.0419308733247188,2.3071222066885415,1.000065507151216,1.0419308733247188,1.3132950580884546,1.573872791327704,0.6996950814659824,2.3814112146815867,1.1977090163434527,1.9078187392719208
expAE03,VUW_PISM2_s4,/Volumes/CrucialX8/computing/data/antarctica/ismip6_hackathon/ComputedScalarsHelene/expAE03/shelfmelt/computed_shelfmelt_AIS_VUW_PISM2_s4_expAE03.nc,1.0732117550792624,1.0732117550792624,2.021016301792888,1.0732117550792624,1.0732117550792624,2.021016301792888,1.0732117550792624,1.0732117550792624,2.272607171298342,1.9091992264433704,1.5028545599160235,1.0732117550792624,1.0732117550792624,1.0732117550792624,2.389268022623452,1.0732117550792624,2.339547537918643,1.218110971298988,1.0732117550792624,1.3957113320755146,1.4187752990364406,0.6263209448339152,2.1601753787292224,1.225012360673922,1.8538005994534879
expAE04,DC_ISSM,/Volumes/CrucialX8/computing/data/antarctica/ismip6_hackathon/ComputedScalarsHelene/expAE04/shelfmelt/computed_shelfmelt_AIS_DC_ISSM_expAE04.nc,0.4861884052403255,0.4861884052403255,0.4861884052403255,0.4861884052403255,0.4861884052403255,0.4861884052403255,0.4861884052403255,0.4861884052403255,0.4861884052403255,0.4861884052403255,0.4861884052403255,0.4861884052403255,0.4861884052403255,0.4861884052403255,0.4861884052403255,0.4861884052403255,0.4861884052403255,0.4861884052403255,0.4861884052403255,0.44993457155491423,0.5299223229154885,0.4272624125637435,0.7504729398043629,0.3543711718034241,0.5296702231891881
expAE04,IGE_ElmerIce,/Volumes/CrucialX8/computing/data/antarctica/ismip6_hackathon/ComputedScalarsHelene/expAE04/shelfmelt/computed_shelfmelt_AIS_IGE_ElmerIce_expAE04.nc,0.580123709484512,0.5808715511806488,0.5808715511806488,0.5808715511806488,0.5808715511806488,0.5808715511806488,0.5808715511806488,0.5808715511806488,0.5808715511806488,0.5808715511806488,0.5808715511806488,0.5808715511806488,0.5808715511806488,0.5808715511806488,0.5789861927204122,0.6109953516686712,0.5923297785731929,0.2942069503171802,0.5808715511806488,0.4472359999284674,0.7219554379577952,0.5678598612607633,0.18981503666137378,0.5945369911274564,0.3709170386979735
expAE04,ILTS_SICOPOLIS,/Volumes/CrucialX8/computing/data/antarctica/ismip6_hackathon/ComputedScalarsHelene/expAE04/shelfmelt/computed_shelfmelt_AIS_ILTS_SICOPOLIS_expAE04.nc,0.9166385920511674,0.9166385920511674,0.8503009165850427,0.9166385920511674,0.9166385920511674,0.9166385920511674,0.9166385920511674,0.9166385920511674,0.9166385920511674,0.9166385920511674,0.9166385920511674,0.9166385920511674,0.7858913134824699,0.9166385920511674,0.9166385920511674,0.9166385920511674,0.9166385920511674,0.7858913134824699,0.9166385920511674,0.7992229972656183,0.9132453615814369,0.7884576608992306,1.7162541962134583,0.6154577677410991,0.8146574382209955
expAE04,LSCE_GRISLI2,/Volumes/CrucialX8/computing/data/antarctica/ismip6_hackathon/ComputedScalarsHelene/expAE04/shelfmelt/computed_shelfmelt_AIS_LSCE_GRISLI2_expAE04.nc,0.42455259129388256,0.47353387949565456,0.47353387949565456,0.47353387949565456,0.46255005476759475,0.47353387949565456,0.47353387949565456,0.46255005476759475,0.47353387949565456,0.47353387949565456,0.4398374293872445,0.47353387949565456,0.47353387949565456,0.4655285953351199,0.38195157590472734,0.47353387949565456,0.32595981043842875,0.3732077996522338,0.47353387949565456,0.4366978766417014,0.39087132517095136,0.41197861482658177,0.7500345798846524,0.25709687530188585,0.38968670945850126
expAE04,LSCE_GRISLI,/Volumes/CrucialX8/computing/data/antarctica/ismip6_hackathon/ComputedScalarsHelene/expAE04/shelfmelt/computed_shelfmelt_AIS_LSCE_GRISLI_expAE04.nc,0.45635709627367027,0.45635709627367027,0.3998968284624914,0.45635709627367027,0.45635709627367027,0.45635709627367027,0.45635709627367027,0.4463964048376845,0.42007431970732956,0.45635709627367027,0.45635709627367027,0.45635709627367027,0.45635709627367027,0.45635709627367027,0.45635709627367027,0.45635709627367027,0.3182719169206825,0.45635709627367027,0.45635709627367027,0.40386428111669004,0.3830377370413311,0.31044351468194775,0.743048202671471,0.2746757173274416,0.3985198465363021
expAE04,NCAR_CISM1,/Volumes/CrucialX8/computing/data/antarctica/ismip6_hackathon/ComputedScalarsHelene/expAE04/shelfmelt/computed_shelfmelt_AIS_NCAR_CISM1_expAE04.nc,0.6691106065682887,0.6691106065682887,0.6691106065682887,0.6691106065682887,0.6691106065682887,0.6691106065682887,0.6691106065682887,0.6691106065682887,0.6691106065682887,0.6691106065682887,0.6691106065682887,0.6691106065682887,0.6691106065682887,0.6691106065682887,0.6691106065682887,0.6691106065682887,0.6691106065682887,0.6691106065682887,0.6691106065682887,0.7391658903883769,0.6956522751719579,0.3095409476176076,0.7179740285382332,0.5618284969987695,0.9839842146511176
expAE04,NCAR_CISM2,/Volumes/CrucialX8/computing/data/antarctica/ismip6_hackathon/ComputedScalarsHelene/expAE04/shelfmelt/computed_shelfmelt_AIS_NCAR_CISM2_expAE04.nc,1.2395104875150142,1.2395104875150142,1.2523965487625561,1.2395104875150142,1.2395104875150142,1.2395104875150142,1.2395104875150142,1.2395104875150142,1.2908016522123695,1.3220675963589328,1.2395104875150142,1.2395104875150142,1.2395104875150142,1.2395104875150142,1.2395104875150142,1.2395104875150142,1.2395104875150142,1.322849149017462,1.2395104875150142,1.7103896084711043,1.1473129761859426,0.5474980512602686,1.4569523516292069,1.1813894028822873,2.283296377367858
expAE04,NORCE_CISM2-MAR364-ERA-t1,/Volumes/CrucialX8/computing/data/antarctica/ismip6_hackathon/ComputedScalarsHelene/expAE04/shelfmelt/computed_shelfmelt_AIS_NORCE_CISM2-MAR364-ERA-t1_expAE04.nc,1.7217720614909884,1.7217720614909884,1.7273825300397334,1.7217720614909884,2.024435698686938,1.7217720614909884,1.7217720614909884,1.7217720614909884,1.7217720614909884,2.038091862291829,1.7217720614909884,1.7217720614909884,1.7217720614909884,1.7217720614909884,1.7217720614909884,1.7217720614909884,1.9527542669244131,2.0629084081894034,1.7217720614909884,2.6575892201184352,1.5635109769328392,0.5510088254604921,2.2026568768812926,1.2774459968748884,5.633331329265432
expAE04,NORCE_CISM3-MAR364-ERA-t1-local,/Volumes/CrucialX8/computing/data/antarctica/ismip6_hackathon/ComputedScalarsHelene/expAE04/shelfmelt/computed_shelfmelt_AIS_NORCE_CISM3-MAR364-ERA-t1-local_expAE04.nc,0.2001121828175225,0.2001121828175225,0.2001121828175225,0.2001121828175225,0.2001121828175225,0.2001121828175225,0.2001121828175225,0.2001121828175225,0.2001121828175225,0.2001121828175225,0.2001121828175225,0.2001121828175225,0.2001121828175225,0.2001121828175225,0.2001121828175225,0.2001121828175225,-0.11988583830605037,0.19282996391727708,0.2001121828175225,0.2658688604404549,0.18681140799405388,0.13013904643642404,0.25467850776780787,0.17343473439415924,0.30403802323979434
expAE04,NORCE_CISM3-MAR364-ERA-t1-nonlocal,/Volumes/CrucialX8/computing/data/antarctica/ismip6_hackathon/ComputedScalarsHelene/expAE04/shelfmelt/computed_shelfmelt_AIS_NORCE_CISM3-MAR364-ERA-t1-nonlocal_expAE04.nc,0.18810041319437287,0.18810041319437287,0.18810041319437287,0.18810041319437287,0.18810041319437287,0.18810041319437287,0.18810041319437287,0.18810041319437287,0.18810041319437287,0.18810041319437287,0.18810041319437287,0.18810041319437287,0.18810041319437287,0.18810041319437287,0.18810041319437287,0.18810041319437287,0.1855423293263754,0.18790577612481182,0.18810041319437287,0.24007786628494746,0.1781730826443648,0.11436365125734077,0.34255134162649,0.17441774501938212,0.3162681016020053
expAE04,NORCE_CISM3-MAR364-ERA-t1,/Volumes/CrucialX8/computing/data/antarctica/ismip6_hackathon/ComputedScalarsHelene/expAE04/shelfmelt/computed_shelfmelt_AIS_NORCE_CISM3-MAR364-ERA-t1_expAE04.nc,0.5236179030633626,0.5236179030633626,0.5236179030633626,0.5236179030633626,0.5236179030633626,0.5236179030633626,0.5236179030633626,0.5236179030633626,0.5236179030633626,0.5236179030633626,0.5236179030633626,0.5236179030633626,0.5236179030633626,0.5236179030633626,0.5236179030633626,0.5236179030633626,0.4787337347013391,0.4996613641650898,0.5236179030633626,0.8173110160021777,0.4908249644086822,0.1556974848165706,0.748266568991774,0.4149075961903401,1.4502939705151063
expAE04,NORCE_CISM4-MAR364-ERA-t1-local,/Volumes/CrucialX8/computing/data/antarctica/ismip6_hackathon/ComputedScalarsHelene/expAE04/shelfmelt/computed_shelfmelt_AIS_NORCE_CISM4-MAR364-ERA-t1-local_expAE04.nc,0.03480810217944373,0.03480810217944373,0.03480810217944373,0.03480810217944373,0.03480810217944373,0.03480810217944373,0.03480810217944373,0.03480810217944373,0.03480810217944373,0.03480810217944373,0.03480810217944373,0.03480810217944373,0.03480810217944373,0.03480810217944373,0.03480810217944373,0.03480810217944373,-0.02661916429783069,0.03379577121787754,0.03480810217944373,0.042098364922164525,0.039970900626291175,0.017280449682055853,0.03872915822391425,0.031357559320587404,0.05014431044907477
expAE04,NORCE_CISM4-MAR364-ERA-t1-nonlocal,/Volumes/CrucialX8/computing/data/antarctica/ismip6_hackathon/ComputedScalarsHelene/expAE04/shelfmelt/computed_shelfmelt_AIS_NORCE_CISM4-MAR364-ERA-t1-nonlocal_expAE04.nc,0.03600027792019279,0.03600027792019279,0.03600027792019279,0.03600027792019279,0.03600027792019279,0.03600027792019279,0.03600027792019279,0.03600027792019279,0.03600027792019279,0.03600027792019279,0.03600027792019279,0.03600027792019279,0.03600027792019279,0.03600027792019279,0.03600027792019279,0.03600027792019279,0.03583525537527915,0.03650995973599949,0.03600027792019279,0.039628498160721955,0.03983026467279758,0.02302287674454756,0.07768580705644938,0.03206918136599654,0.051333923052864765
expAE04,NORCE_CISM4-MAR364-ERA-t1,/Volumes/CrucialX8/computing/data/antarctica/ismip6_hackathon/ComputedScalarsHelene/expAE04/shelfmelt/computed_shelfmelt_AIS_NORCE_CISM4-MAR364-ERA-t1_expAE04.nc,0.07414943022120521,0.07414943022120521,0.07414943022120521,0.07414943022120521,0.07414943022120521,0.07414943022120521,0.07414943022120521,0.07414943022120521,0.07312745380218817,0.07414943022120521,0.07414943022120521,0.07414943022120521,0.07414943022120521,0.07414943022120521,0.07414943022120521,0.07414943022120521,-0.02763733990447028,0.07414943022120521,0.07414943022120521,0.08979643751523594,0.08022392792975008,-0.021994605665867483,0.09119536911693617,0.06864196363719778,0.08924010639223914
expAE04,NORCE_CISM4-MAR364-JRA-t1,/Volumes/CrucialX8/computing/data/antarctica/ismip6_hackathon/ComputedScalarsHelene/expAE04/shelfmelt/computed_shelfmelt_AIS_NORCE_CISM4-MAR364-JRA-t1_expAE04.nc,0.0739825006062571,0.0739825006062571,0.0739825006062571,0.0739825006062571,0.0739825006062571,0.0739825006062571,0.0739825006062571,0.0739825006062571,0.07372122972544067,0.0739825006062571,0.0739825006062571,0.0739825006062571,0.0739825006062571,0.0739825006062571,0.0739825006062571,0.0739825006062571,-0.03766772760188981,0.0739825006062571,0.0739825006062571,0.09399260563166134,0.07887471331424943,-0.024974250563888075,0.10170959321743023,0.07023716281635657,0.10750267192036175
expAE04,NORCE_CISM5-MAR364-ERA-t1-local,/Volumes/CrucialX8/computing/data/antarctica/ismip6_hackathon/ComputedScalarsHelene/expAE04/shelfmelt/computed_shelfmelt_AIS_NORCE_CISM5-MAR364-ERA-t1-local_expAE04.nc,0.018050732756380257,0.018050732756380257,0.018050732756380257,0.018050732756380257,0.018050732756380257,0.018050732756380257,0.018050732756380257,0.018050732756380257,0.018050732756380257,0.018050732756380257,0.018050732756380257,0.018050732756380257,0.018050732756380257,0.018050732756380257,0.018050732756380257,0.018050732756380257,-0.003077683648774406,0.018050732756380257,0.018050732756380257,0.018548681220600525,0.022720765843247236,0.005162628468375203,0.030569827082248365,0.029288263396857812,0.026875650775928076
expAE04,NORCE_CISM5-MAR364-ERA-t1-nonlocal,/Volumes/CrucialX8/computing/data/antarctica/ismip6_hackathon/ComputedScalarsHelene/expAE04/shelfmelt/computed_shelfmelt_AIS_NORCE_CISM5-MAR364-ERA-t1-nonlocal_expAE04.nc,0.01345920494742354,0.01345920494742354,0.01345920494742354,0.01345920494742354,0.01345920494742354,0.01345920494742354,0.01345920494742354,0.01345920494742354,0.01345920494742354,0.01345920494742354,0.01345920494742354,0.01345920494742354,0.01345920494742354,0.01345920494742354,0.01345920494742354,0.01345920494742354,-0.0009827534254340635,0.01345920494742354,0.01345920494742354,0.017773255059926666,0.017537975738383203,0.010737148367762694,0.0346405477830429,0.03800041474436184,0.02904099444133856
expAE04,NORCE_CISM5-MAR364-ERA-t1,/Volumes/CrucialX8/computing/data/antarctica/ismip6_hackathon/ComputedScalarsHelene/expAE04/shelfmelt/computed_shelfmelt_AIS_NORCE_CISM5-MAR364-ERA-t1_expAE04.nc,0.017114933152225238,0.017114933152225238,0.017114933152225238,0.017114933152225238,0.017114933152225238,0.017114933152225238,0.017114933152225238,0.017114933152225238,0.017114933152225238,0.017114933152225238,0.017114933152225238,0.017114933152225238,0.017114933152225238,0.017114933152225238,0.017114933152225238,0.017114933152225238,-0.0025082757586688898,0.017114933152225238,0.017114933152225238,0.02526376080432394,0.021864346537885836,0.004853251441830246,-0.0052232361758734955,0.06506886979017298,0.0689848843970027
expAE04,PIK_PISM,/Volumes/CrucialX8/computing/data/antarctica/ismip6_hackathon/ComputedScalarsHelene/expAE04/shelfmelt/computed_shelfmelt_AIS_PIK_PISM_expAE04.nc,0.364612740934303,0.364612740934303,0.364612740934303,0.364612740934303,0.364612740934303,0.364612740934303,0.364612740934303,0.364612740934303,0.364612740934303,0.364612740934303,0.364612740934303,0.364612740934303,0.364612740934303,0.364612740934303,0.364612740934303,0.364612740934303,0.364612740934303,0.364612740934303,0.364612740934303,0.3538737254123134,0.44843443934962385,0.12535180716854014,-0.12197429865582424,0.5095607605054946,0.3523038415561535
expAE04,UCM_Yelmo,/Volumes/CrucialX8/computing/data/antarctica/ismip6_hackathon/ComputedScalarsHelene/expAE04/shelfmelt/computed_shelfmelt_AIS_UCM_Yelmo_expAE04.nc,0.30346602914226045,0.30346602914226045,0.30346602914226045,0.30346602914226045,0.30346602914226045,0.30346602914226045,0.30346602914226045,0.30346602914226045,0.30346602914226045,0.30346602914226045,0.30346602914226045,0.30346602914226045,0.30346602914226045,0.30346602914226045,0.30346602914226045,0.30346602914226045,0.30346602914226045,0.30346602914226045,0.30346602914226045,0.25941062835849904,0.3208798155604282,0.11143626466785674,0.3914821903550961,0.18009209483774088,0.2083125058031928
expAE04,UCSD_ISSM,/Volumes/CrucialX8/computing/data/antarctica/ismip6_hackathon/ComputedScalarsHelene/expAE04/shelfmelt/computed_shelfmelt_AIS_UCSD_ISSM_expAE04.nc,0.08281000024979503,0.08281000024979503,0.08281000024979503,0.08281000024979503,0.08281000024979503,0.08281000024979503,0.08281000024979503,0.08281000024979503,0.08281000024979503,0.08281000024979503,0.08281000024979503,0.08281000024979503,0.08281000024979503,0.08281000024979503,0.08281000024979503,0.08281000024979503,0.08281000024979503,0.08281000024979503,0.08281000024979503,0.14572126793311574,0.064173877758748,0.05698740727856035,0.25240032406884483,0.018156509780973516,0.013197086584877971
expAE04,ULB_fETISh-KoriBU1,/Volumes/CrucialX8/computing/data/antarctica/ismip6_hackathon/ComputedScalarsHelene/expAE04/shelfmelt/computed_shelfmelt_AIS_ULB_fETISh-KoriBU1_expAE04.nc,0.13412456818810217,0.13412456818810217,0.13412456818810217,0.13412456818810217,0.13377721523127684,0.13412456818810217,0.13412456818810217,0.13412456818810217,0.13412456818810217,0.13412456818810217,0.13412456818810217,0.13412456818810217,0.138295166154233,0.13412456818810217,0.13412456818810217,0.13412456818810217,0.06826735696476664,0.13412456818810217,0.13412456818810217,0.16420187059220986,0.17486536122139826,-0.0033519429358687385,0.15942211600899767,0.15962691228762346,0.21673201095923425
expAE04,ULB_fETISh-KoriBU2,/Volumes/CrucialX8/computing/data/antarctica/ismip6_hackathon/ComputedScalarsHelene/expAE04/shelfmelt/computed_shelfmelt_AIS_ULB_fETISh-KoriBU2_expAE04.nc,0.23307399064696763,0.23307399064696763,0.23307399064696763,0.23307399064696763,0.23307399064696763,0.23307399064696763,0.23307399064696763,0.23307399064696763,0.23307399064696763,0.23307399064696763,0.23307399064696763,0.23307399064696763,0.23307399064696763,0.23307399064696763,0.23307399064696763,0.23307399064696763,0.23307399064696763,0.23307399064696763,0.23307399064696763,0.3151465524734816,0.2620209073340028,0.033367533453871744,0.44927665475670536,0.23811955635890322,0.3467502509753844
expAE04,UNN_Ua,/Volumes/CrucialX8/computing/data/antarctica/ismip6_hackathon/ComputedScalarsHelene/expAE04/shelfmelt/computed_shelfmelt_AIS_UNN_Ua_expAE04.nc,0.6707816431626501,0.6707816431626501,0.6707816431626501,0.6707816431626501,0.6707816431626501,0.6707816431626501,0.6707816431626501,0.6707816431626501,0.6707816431626501,0.6707816431626501,0.6707816431626501,0.6707816431626501,0.6707816431626501,0.6707816431626501,0.6707816431626501,0.6707816431626501,0.5740062141192448,0.6707816431626501,0.6707816431626501,0.6978539771476352,0.6459058490600811,0.31090450349213766,0.19635408109760888,0.42289794156876753,0.672056737586776
expAE04,UTAS_ElmerIce,/Volumes/CrucialX8/computing/data/antarctica/ismip6_hackathon/ComputedScalarsHelene/expAE04/shelfmelt/computed_shelfmelt_AIS_UTAS_ElmerIce_expAE04.nc,0.9551022264425588,1.0584190137981297,1.0584190137981297,1.0584190137981297,1.0584190137981297,1.0584190137981297,1.0584190137981297,1.0584190137981297,1.0584190137981297,1.0528635883674171,1.0584190137981297,1.0584190137981297,1.0584190137981297,1.0584190137981297,1.0584190137981297,1.0584190137981297,0.9168624918846884,0.9439289945572017,1.0584190137981297,1.1246828943192753,1.0193512453771212,0.6081637909614132,0.7047058070452408,0.7327563956230938,0.9609127300731727
expAE04,VUB_AISMPALEO,/Volumes/CrucialX8/computing/data/antarctica/ismip6_hackathon/ComputedScalarsHelene/expAE04/shelfmelt/computed_shelfmelt_AIS_VUB_AISMPALEO_expAE04.nc,0.22180071329960402,0.22180071329960402,0.22180071329960402,0.22180071329960402,0.22180071329960402,0.22180071329960402,0.22180071329960402,0.22180071329960402,0.22180071329960402,0.22180071329960402,0.22180071329960402,0.22180071329960402,0.22180071329960402,0.22180071329960402,0.22180071329960402,0.22180071329960402,0.22180071329960402,0.22180071329960402,0.22180071329960402,0.22688507885280806,0.20092390471493182,0.09281470851466854,0.013984618306266548,0.14485651553898876,0.19947351040058797
expAE04,VUW_PISM1,/Volumes/CrucialX8/computing/data/antarctica/ismip6_hackathon/ComputedScalarsHelene/expAE04/shelfmelt/computed_shelfmelt_AIS_VUW_PISM1_expAE04.nc,0.7790473299305896,0.7790473299305896,0.7790473299305896,0.7790473299305896,0.7790473299305896,0.7790473299305896,0.7790473299305896,0.7790473299305896,1.5145063507731094,2.1747920727097396,1.715292620382971,0.7790473299305896,0.7790473299305896,0.7790473299305896,1.2895987970051153,0.7790473299305896,1.7824449091391257,0.7790473299305896,0.7790473299305896,1.0411265511704677,1.2929131530192104,0.4353828871796626,1.1624639505668715,0.8847338588236853,1.2680173877613308
expAE04,VUW_PISM1_s1,/Volumes/CrucialX8/computing/data/antarctica/ismip6_hackathon/ComputedScalarsHelene/expAE04/shelfmelt/computed_shelfmelt_AIS_VUW_PISM1_s1_expAE04.nc,0.8138239709876631,0.8138239709876631,0.8138239709876631,0.8138239709876631,0.8138239709876631,0.8138239709876631,0.8138239709876631,0.8138239709876631,1.4657373428566836,2.0725860941697136,1.7540626254932516,0.8138239709876631,0.8138239709876631,0.8138239709876631,1.306169728373025,0.8138239709876631,1.8293255327426319,0.8138239709876631,0.8138239709876631,1.1065727201443873,1.232857042334742,0.3448325874441193,1.1247946903561992,0.9147500865817374,1.3025816502606344
expAE04,VUW_PISM1_s2,/Volumes/CrucialX8/computing/data/antarctica/ismip6_hackathon/ComputedScalarsHelene/expAE04/shelfmelt/computed_shelfmelt_AIS_VUW_PISM1_s2_expAE04.nc,0.7363915777246611,0.7363915777246611,0.7363915777246611,0.7363915777246611,0.7363915777246611,0.7363915777246611,0.7363915777246611,0.7363915777246611,1.5006093403621095,2.2762983716909626,1.7429790641533387,0.7363915777246611,0.7363915777246611,0.7363915777246611,1.2692334862193815,0.7363915777246611,1.7667169668617744,0.7363915777246611,0.7363915777246611,0.9668211163885959,1.264699705579332,0.41118348323881243,1.1309809045411003,0.9163020399777079,1.3113470718331133
expAE04,VUW_PISM1_s3,/Volumes/CrucialX8/computing/data/antarctica/ismip6_hackathon/ComputedScalarsHelene/expAE04/shelfmelt/computed_shelfmelt_AIS_VUW_PISM1_s3_expAE04.nc,0.7723869564940953,0.7723869564940953,0.7723869564940953,0.7723869564940953,0.7723869564940953,0.7723869564940953,0.7723869564940953,0.7723869564940953,0.917047731621612,2.1747920727097396,1.6768856474561504,0.7723869564940953,0.7723869564940953,0.917047731621612,1.3142168622351953,0.7723869564940953,1.7824449091391257,0.7723869564940953,0.7723869564940953,1.1302104352340818,1.2691645978456048,0.4434070868503309,1.1509241733564612,0.9264136250095963,1.2674100904211882
expAE04,VUW_PISM1_s4,/Volumes/CrucialX8/computing/data/antarctica/ismip6_hackathon/ComputedScalarsHelene/expAE04/shelfmelt/computed_shelfmelt_AIS_VUW_PISM1_s4_expAE04.nc,0.786257041080693,0.786257041080693,0.786257041080693,0.786257041080693,0.786257041080693,0.786257041080693,0.786257041080693,0.786257041080693,1.5057590450230376,2.1747920727097396,1.7282597169678848,0.786257041080693,0.786257041080693,0.786257041080693,1.2931018026493823,0.786257041080693,1.7824449091391257,0.786257041080693,0.786257041080693,1.0714818298948539,1.2959120519503489,0.44225064937434533,1.126652802939808,0.9254426221731729,1.2773950110596022
expAE04,VUW_PISM2,/Volumes/CrucialX8/computing/data/antarctica/ismip6_hackathon/ComputedScalarsHelene/expAE04/shelfmelt/computed_shelfmelt_AIS_VUW_PISM2_expAE04.nc,0.8614425834663751,0.8614425834663751,0.8614425834663751,0.8614425834663751,0.8614425834663751,0.8614425834663751,0.8614425834663751,0.8614425834663751,0.9899195305353391,1.5175265247332919,1.653727755945256,0.8614425834663751,0.8614425834663751,0.8614425834663751,1.0363682612411278,2.042762210265597,1.6510907430098234,0.8614425834663751,0.8614425834663751,1.1485367096436065,1.0963912539074474,0.3287364928718972,1.3338859623271482,0.9065959895149392,1.1497654557929076
expAE04,VUW_PISM2_s1,/Volumes/CrucialX8/computing/data/antarctica/ismip6_hackathon/ComputedScalarsHelene/expAE04/shelfmelt/computed_shelfmelt_AIS_VUW_PISM2_s1_expAE04.nc,0.9120020281864828,0.9120020281864828,0.9120020281864828,0.9120020281864828,0.9120020281864828,0.9120020281864828,0.9120020281864828,0.9120020281864828,1.273745848788653,1.5463899041097795,1.6759217044495374,0.9120020281864828,0.9165431737570341,0.9120020281864828,1.0737214448414305,2.037276625735536,1.7607957906210747,0.9120020281864828,0.9120020281864828,1.2073141521884654,1.0907138187718535,0.25872125528370193,1.178016126317358,0.8917516234437639,1.1898022215275066
expAE04,VUW_PISM2_s2,/Volumes/CrucialX8/computing/data/antarctica/ismip6_hackathon/ComputedScalarsHelene/expAE04/shelfmelt/computed_shelfmelt_AIS_VUW_PISM2_s2_expAE04.nc,0.8081363702081837,0.8081363702081837,0.8081363702081837,0.8081363702081837,0.8081363702081837,0.8081363702081837,0.8081363702081837,0.8081363702081837,1.2603394959962808,1.4925420837544077,1.626341561459033,0.8081363702081837,0.8127937496753387,0.8081363702081837,0.9724090960299634,2.0404124597986315,1.6387301101160872,0.8081363702081837,0.8081363702081837,1.110716497648205,1.0941723675264945,0.32107265361031795,1.2382268632998061,0.9082606261009945,1.1493902965333669
expAE04,VUW_PISM2_s3,/Volumes/CrucialX8/computing/data/antarctica/ismip6_hackathon/ComputedScalarsHelene/expAE04/shelfmelt/computed_shelfmelt_AIS_VUW_PISM2_s3_expAE04.nc,0.8576750983623034,0.8576750983623034,0.8576750983623034,0.8576750983623034,0.8576750983623034,0.8576750983623034,0.8576750983623034,0.8576750983623034,0.9862148167055563,1.4875629140526394,1.6621611754889793,0.8576750983623034,0.8697703451623833,0.8576750983623034,1.0274857776036492,2.035681640531269,1.7556188151085528,0.8576750983623034,0.8576750983623034,1.1697889890647055,1.1087185423916428,0.30099645841495104,1.1141714589747802,0.9266970827723164,1.2062207102729938
expAE04,VUW_PISM2_s4,/Volumes/CrucialX8/computing/data/antarctica/ismip6_hackathon/ComputedScalarsHelene/expAE04/shelfmelt/computed_shelfmelt_AIS_VUW_PISM2_s4_expAE04.nc,0.8566320657805603,0.8566320657805603,0.8566320657805603,0.8566320657805603,0.8566320657805603,0.8566320657805603,0.8566320657805603,0.8566320657805603,1.2681388413442187,2.5584346353269636,1.6419178349816643,0.8566320657805603,0.8566320657805603,0.8566320657805603,1.0193948135106614,0.8566320657805603,1.7556188151085528,0.8566320657805603,0.8566320657805603,1.1575979787612625,0.4970646179489108,0.280737544229012,1.237663337934748,0.8999614820439811,1.1792704737616775
expAE05,DC_ISSM,/Volumes/CrucialX8/computing/data/antarctica/ismip6_hackathon/ComputedScalarsHelene/expAE05/shelfmelt/computed_shelfmelt_AIS_DC_ISSM_expAE05.nc,0.32045390185048594,0.36425297878354096,0.36425297878354096,0.36425297878354096,0.36425297878354096,0.36425297878354096,0.36425297878354096,0.36425297878354096,0.36425297878354096,0.36425297878354096,0.36425297878354096,0.36425297878354096,0.36425297878354096,0.36425297878354096,0.36425297878354096,0.36425297878354096,0.36425297878354096,0.36425297878354096,0.36425297878354096,0.32756880462479226,0.3978983872428242,0.057514141725090645,0.7870465643443125,0.2454408072778072,0.27053373699970884
expAE05,IGE_ElmerIce,/Volumes/CrucialX8/computing/data/antarctica/ismip6_hackathon/ComputedScalarsHelene/expAE05/shelfmelt/computed_shelfmelt_AIS_IGE_ElmerIce_expAE05.nc,1.399257522926568,0.9184103403506586,1.6442955096959093,0.7670307832535102,0.7670307832535102,0.9330574786475442,0.7670307832535102,0.7670307832535102,1.6913099208564997,0.7670307832535102,0.7670307832535102,0.9047216800012632,0.7670307832535102,0.7670307832535102,0.8835357130824871,0.7224327291720197,0.8874103434644494,1.5907527890972597,0.7670307832535102,0.5113191700334528,1.0742548995429664,1.172411604585005,1.914417645898589,0.7053148898119799,0.04364035408974718
expAE05,ILTS_SICOPOLIS,/Volumes/CrucialX8/computing/data/antarctica/ismip6_hackathon/ComputedScalarsHelene/expAE05/shelfmelt/computed_shelfmelt_AIS_ILTS_SICOPOLIS_expAE05.nc,0.6789047306649784,0.6789047306649784,0.47557153478102787,0.6789047306649784,0.6789047306649784,0.6789047306649784,0.6789047306649784,0.6789047306649784,0.6789047306649784,0.6789047306649784,0.6789047306649784,0.6789047306649784,0.6789047306649784,0.6789047306649784,0.6789047306649784,0.6789047306649784,0.6789047306649784,0.47557153478102787,0.6789047306649784,0.6193070249657305,0.7250894315634614,0.3839402480953103,1.4884005726342027,0.42700145620978724,0.39236376108460946
expAE05,LSCE_GRISLI2,/Volumes/CrucialX8/computing/data/antarctica/ismip6_hackathon/ComputedScalarsHelene/expAE05/shelfmelt/computed_shelfmelt_AIS_LSCE_GRISLI2_expAE05.nc,0.2273152635210661,0.2882548080002646,0.2273152635210661,0.2882548080002646,0.2882548080002646,0.2882548080002646,0.2882548080002646,0.2882548080002646,0.2882548080002646,0.2882548080002646,0.2882548080002646,0.2882548080002646,0.2882548080002646,0.2882548080002646,0.2882548080002646,0.2434134443133876,0.2434134443133876,0.21943960703317913,0.2882548080002646,0.23110346839864074,0.3213482158060167,0.22241442838191033,0.7543634848738953,0.1861597663991811,0.20892692063533852
expAE05,LSCE_GRISLI,/Volumes/CrucialX8/computing/data/antarctica/ismip6_hackathon/ComputedScalarsHelene/expAE05/shelfmelt/computed_shelfmelt_AIS_LSCE_GRISLI_expAE05.nc,0.19670800872815944,0.32095673202591246,0.19670800872815944,0.32095673202591246,0.32095673202591246,0.27659629431105853,0.32095673202591246,0.32095673202591246,0.32095673202591246,0.32095673202591246,0.32095673202591246,0.32095673202591246,0.32095673202591246,0.32095673202591246,0.32095673202591246,0.32095673202591246,0.2298897962138382,0.19271469591021645,0.32095673202591246,0.2545392406827456,0.3154708585133848,0.20728215222350752,0.7827181012598662,0.21360483914106965,0.22804686276398783
expAE05,NCAR_CISM1,/Volumes/CrucialX8/computing/data/antarctica/ismip6_hackathon/ComputedScalarsHelene/expAE05/shelfmelt/computed_shelfmelt_AIS_NCAR_CISM1_expAE05.nc,0.5184553459279584,0.5691080820812072,0.5129862893431775,0.5691080820812072,0.5691080820812072,0.5691080820812072,0.5691080820812072,0.5691080820812072,0.5691080820812072,0.5691080820812072,0.5691080820812072,0.5691080820812072,0.5691080820812072,0.5691080820812072,0.5691080820812072,0.5691080820812072,0.5691080820812072,0.5691080820812072,0.5691080820812072,0.6034070784267007,0.5648684674788162,0.21789055052961456,0.6190984638766102,0.40139724991708026,0.4845316617150553
expAE05,NCAR_CISM2,/Volumes/CrucialX8/computing/data/antarctica/ismip6_hackathon/ComputedScalarsHelene/expAE05/shelfmelt/computed_shelfmelt_AIS_NCAR_CISM2_expAE05.nc,1.4414366860361614,1.4414366860361614,1.1135878443157312,1.4414366860361614,1.4414366860361614,1.155529908312155,1.4414366860361614,1.4414366860361614,1.4414366860361614,1.4414366860361614,1.4414366860361614,1.4414366860361614,1.4414366860361614,1.4414366860361614,1.4414366860361614,1.4414366860361614,1.4414366860361614,1.4414366860361614,1.4414366860361614,1.2152512031189568,1.504366794764787,0.6195480360817974,1.8612120941207515,1.0720311711017403,2.0510865730345618
expAE05,NORCE_CISM2-MAR364-ERA-t1,/Volumes/CrucialX8/computing/data/antarctica/ismip6_hackathon/ComputedScalarsHelene/expAE05/shelfmelt/computed_shelfmelt_AIS_NORCE_CISM2-MAR364-ERA-t1_expAE05.nc,1.374953730024364,1.374953730024364,0.8646057910712924,1.374953730024364,1.374953730024364,0.9362052466818586,1.374953730024364,1.374953730024364,1.374953730024364,1.374953730024364,1.3134474543714145,1.374953730024364,1.374953730024364,1.374953730024364,1.374953730024364,1.374953730024364,0.55037760970339,1.374953730024364,1.374953730024364,1.0089706349210534,1.7024602996283602,0.25931915211960577,1.8348414773857948,0.7369719405717534,1.6635449568884817
expAE05,NORCE_CISM3-MAR364-ERA-t1-local,/Volumes/CrucialX8/computing/data/antarctica/ismip6_hackathon/ComputedScalarsHelene/expAE05/shelfmelt/computed_shelfmelt_AIS_NORCE_CISM3-MAR364-ERA-t1-local_expAE05.nc,0.17423180094987814,0.20567789891869542,0.20567789891869542,0.20567789891869542,0.20567789891869542,0.20567789891869542,0.20567789891869542,0.20567789891869542,0.20567789891869542,0.20567789891869542,0.20567789891869542,0.20567789891869542,0.20567789891869542,0.20567789891869542,0.20567789891869542,0.20567789891869542,0.11147436660237107,0.1796888548901588,0.20567789891869542,0.2207468485696172,0.21025191588645142,0.13021578764787323,0.2878949509364942,0.18938014823322322,0.25177058849857864
expAE05,NORCE_CISM3-MAR364-ERA-t1-nonlocal,/Volumes/CrucialX8/computing/data/antarctica/ismip6_hackathon/ComputedScalarsHelene/expAE05/shelfmelt/computed_shelfmelt_AIS_NORCE_CISM3-MAR364-ERA-t1-nonlocal_expAE05.nc,0.1585405459976963,0.15443812717285585,0.15443812717285585,0.15443812717285585,0.15443812717285585,0.15443812717285585,0.15443812717285585,0.15443812717285585,0.15443812717285585,0.15443812717285585,0.15443812717285585,0.15443812717285585,0.15443812717285585,0.15443812717285585,0.15443812717285585,0.15443812717285585,0.13592914781529233,0.1524521578375086,0.15443812717285585,0.19977405254768665,0.15419715924790678,0.13893776011193906,0.3274140352856931,0.12233935993916609,0.17806449202310295
expAE05,NORCE_CISM3-MAR364-ERA-t1,/Volumes/CrucialX8/computing/data/antarctica/ismip6_hackathon/ComputedScalarsHelene/expAE05/shelfmelt/computed_shelfmelt_AIS_NORCE_CISM3-MAR364-ERA-t1_expAE05.nc,0.34013869477709485,0.34013869477709485,0.34013869477709485,0.34013869477709485,0.34013869477709485,0.34013869477709485,0.34013869477709485,0.34013869477709485,0.34013869477709485,0.34013869477709485,0.34013869477709485,0.34013869477709485,0.34013869477709485,0.34013869477709485,0.34013869477709485,0.34013869477709485,0.19309571750106613,0.27665638043355706,0.34013869477709485,0.32975134218956775,0.4229315980995385,0.183445847841164,0.6351305164758718,0.2454104910966041,0.43618902663129405
expAE05,NORCE_CISM4-MAR364-ERA-t1-local,/Volumes/CrucialX8/computing/data/antarctica/ismip6_hackathon/ComputedScalarsHelene/expAE05/shelfmelt/computed_shelfmelt_AIS_NORCE_CISM4-MAR364-ERA-t1-local_expAE05.nc,0.04306665269523365,0.04306665269523365,0.04306665269523365,0.04306665269523365,0.04306665269523365,0.04306665269523365,0.04306665269523365,0.04306665269523365,0.04306665269523365,0.04306665269523365,0.04306665269523365,0.04306665269523365,0.04306665269523365,0.04306665269523365,0.04306665269523365,0.04306665269523365,0.03297382169129215,0.04017835133172687,0.04306665269523365,0.037873297940429304,0.050039796145662785,0.04844600227104045,0.044681699966419054,0.030584930013882218,0.05373322757665206
expAE05,NORCE_CISM4-MAR364-ERA-t1-nonlocal,/Volumes/CrucialX8/computing/data/antarctica/ismip6_hackathon/ComputedScalarsHelene/expAE05/shelfmelt/computed_shelfmelt_AIS_NORCE_CISM4-MAR364-ERA-t1-nonlocal_expAE05.nc,0.03575475589185511,0.03575475589185511,0.032994791133965674,0.03575475589185511,0.03575475589185511,0.03575475589185511,0.03575475589185511,0.03575475589185511,0.03575475589185511,0.03575475589185511,0.03575475589185511,0.03575475589185511,0.03575475589185511,0.03575475589185511,0.03575475589185511,0.03575475589185511,0.03710304255795879,0.036072576324422026,0.03575475589185511,0.03528405368927892,0.0394167437966134,0.050754149017508965,0.06470689999529859,0.02133082725971333,0.03301926879833367
expAE05,NORCE_CISM4-MAR364-ERA-t1,/Volumes/CrucialX8/computing/data/antarctica/ismip6_hackathon/ComputedScalarsHelene/expAE05/shelfmelt/computed_shelfmelt_AIS_NORCE_CISM4-MAR364-ERA-t1_expAE05.nc,0.05631678783663775,0.05631678783663775,0.05631678783663775,0.05631678783663775,0.05631678783663775,0.05631678783663775,0.05631678783663775,0.05631678783663775,0.056769625219245674,0.05631678783663775,0.05631678783663775,0.05631678783663775,0.05631678783663775,0.05631678783663775,0.05631678783663775,0.05631678783663775,0.04992223060877323,0.04424449104251505,0.05631678783663775,0.04571229513667863,0.06556661742577974,0.0682907450071407,0.08916191570647403,0.03939323247818907,0.06288045015652201
expAE05,NORCE_CISM4-MAR364-JRA-t1,/Volumes/CrucialX8/computing/data/antarctica/ismip6_hackathon/ComputedScalarsHelene/expAE05/shelfmelt/computed_shelfmelt_AIS_NORCE_CISM4-MAR364-JRA-t1_expAE05.nc,0.05552222335816241,0.05552222335816241,0.059478124112268174,0.05552222335816241,0.05552222335816241,0.05552222335816241,0.05552222335816241,0.05552222335816241,0.05868585814511444,0.05552222335816241,0.05552222335816241,0.05552222335816241,0.05552222335816241,0.05552222335816241,0.05552222335816241,0.05552222335816241,0.053018769179751714,0.04768149456315588,0.05552222335816241,0.047976222196605606,0.06828112672944657,0.06764181964780497,0.08265873907640585,0.041902337234153375,0.06384160253793535
expAE05,NORCE_CISM5-MAR364-ERA-t1-local,/Volumes/CrucialX8/computing/data/antarctica/ismip6_hackathon/ComputedScalarsHelene/expAE05/shelfmelt/computed_shelfmelt_AIS_NORCE_CISM5-MAR364-ERA-t1-local_expAE05.nc,0.019973357316524543,0.019973357316524543,0.019973357316524543,0.019973357316524543,0.019973357316524543,0.019973357316524543,0.019973357316524543,0.019973357316524543,0.019395598940332565,0.019973357316524543,0.019973357316524543,0.015959583546249764,0.019973357316524543,0.019973357316524543,0.019973357316524543,0.019973357316524543,0.022617673020213218,0.019973357316524543,0.019973357316524543,0.00829166009624409,0.02985181515345203,0.02254967329903043,-0.007912240176236313,0.024220525712138785,0.02255631205750103
expAE05,NORCE_CISM5-MAR364-ERA-t1-nonlocal,/Volumes/CrucialX8/computing/data/antarctica/ismip6_hackathon/ComputedScalarsHelene/expAE05/shelfmelt/computed_shelfmelt_AIS_NORCE_CISM5-MAR364-ERA-t1-nonlocal_expAE05.nc,0.01699086135907598,0.01699086135907598,0.01699086135907598,0.01699086135907598,0.01699086135907598,0.01699086135907598,0.01699086135907598,0.01699086135907598,0.01699086135907598,0.01699086135907598,0.01699086135907598,0.015841063601780146,0.01699086135907598,0.01699086135907598,0.01699086135907598,0.01699086135907598,0.028536516813268645,0.01699086135907598,0.01699086135907598,0.015448398052735736,0.022376629831617784,0.047952408829544074,0.022965822207455862,0.03429318211556872,0.019170944206069882
expAE05,NORCE_CISM5-MAR364-ERA-t1,/Volumes/CrucialX8/computing/data/antarctica/ismip6_hackathon/ComputedScalarsHelene/expAE05/shelfmelt/computed_shelfmelt_AIS_NORCE_CISM5-MAR364-ERA-t1_expAE05.nc,0.02064332444074681,0.02064332444074681,0.02064332444074681,0.02064332444074681,0.02064332444074681,0.021338839140517495,0.02064332444074681,0.02064332444074681,0.02064332444074681,0.02064332444074681,0.02064332444074681,0.02064332444074681,0.02064332444074681,0.02064332444074681,0.02064332444074681,0.02064332444074681,0.024617101067442623,0.02064332444074681,0.02064332444074681,0.014830962443673957,0.028131721262789396,0.04103287613844615,-0.003610508653240766,0.04965597313097265,0.04965115972655128
expAE05,PIK_PISM,/Volumes/CrucialX8/computing/data/antarctica/ismip6_hackathon/ComputedScalarsHelene/expAE05/shelfmelt/computed_shelfmelt_AIS_PIK_PISM_expAE05.nc,0.46165252306783205,0.489296217204279,0.46165252306783205,0.46165252306783205,0.46165252306783205,0.5302671325088429,0.46165252306783205,0.46165252306783205,0.46165252306783205,0.46165252306783205,0.46165252306783205,0.48615933861296834,0.46165252306783205,0.46165252306783205,0.46165252306783205,0.6343873603295752,0.46165252306783205,0.46165252306783205,0.46165252306783205,0.3763878091665691,0.3822475424672413,0.17073347740568098,0.7309612624726769,0.5289606646956099,0.12017856253014689
expAE05,UCM_Yelmo,/Volumes/CrucialX8/computing/data/antarctica/ismip6_hackathon/ComputedScalarsHelene/expAE05/shelfmelt/computed_shelfmelt_AIS_UCM_Yelmo_expAE05.nc,0.231159293903199,0.231159293903199,0.231159293903199,0.231159293903199,0.231159293903199,0.231159293903199,0.231159293903199,0.231159293903199,0.231159293903199,0.231159293903199,0.231159293903199,0.231159293903199,0.231159293903199,0.231159293903199,0.231159293903199,0.231159293903199,0.231159293903199,0.231159293903199,0.231159293903199,0.1389487365736459,0.14402136184790967,0.05400792158944565,0.28721965781497755,0.10431223682539502,0.17777079307551147
expAE05,UCSD_ISSM,/Volumes/CrucialX8/computing/data/antarctica/ismip6_hackathon/ComputedScalarsHelene/expAE05/shelfmelt/computed_shelfmelt_AIS_UCSD_ISSM_expAE05.nc,0.20462693303206783,0.20462693303206783,0.20462693303206783,0.20462693303206783,0.20462693303206783,0.20462693303206783,0.20462693303206783,0.20462693303206783,0.20462693303206783,0.20462693303206783,0.20462693303206783,0.20462693303206783,0.20462693303206783,0.20462693303206783,0.20462693303206783,0.20462693303206783,0.20462693303206783,0.20462693303206783,0.20462693303206783,0.344979087766024,0.16696034655030198,0.19624723414853476,0.9633764259124336,0.016657840174102552,-0.0035203609233879197
expAE05,ULB_fETISh-KoriBU1,/Volumes/CrucialX8/computing/data/antarctica/ismip6_hackathon/ComputedScalarsHelene/expAE05/shelfmelt/computed_shelfmelt_AIS_ULB_fETISh-KoriBU1_expAE05.nc,0.1467039653526075,0.1467039653526075,0.1512828295795012,0.1467039653526075,0.1467039653526075,0.12863322370639663,0.1467039653526075,0.1467039653526075,0.141155986672597,0.1467039653526075,0.1467039653526075,0.1467039653526075,0.1467039653526075,0.1467039653526075,0.1467039653526075,0.1467039653526075,0.20106815943116813,0.1467039653526075,0.1467039653526075,0.09804109195825257,0.27211117380934086,0.15113002895154704,0.3815766806178934,0.09426514676481487,0.03414895097064225
expAE05,ULB_fETISh-KoriBU2,/Volumes/CrucialX8/computing/data/antarctica/ismip6_hackathon/ComputedScalarsHelene/expAE05/shelfmelt/computed_shelfmelt_AIS_ULB_fETISh-KoriBU2_expAE05.nc,0.1781722833046567,0.1781722833046567,0.17766472220787255,0.1781722833046567,0.1781722833046567,0.1781722833046567,0.1781722833046567,0.1781722833046567,0.1781722833046567,0.1781722833046567,0.1781722833046567,0.1781722833046567,0.1781722833046567,0.1781722833046567,0.1781722833046567,0.1781722833046567,0.1781722833046567,0.17766472220787255,0.1781722833046567,0.20901499580532823,0.2807189766776849,0.01960115074520889,0.5295523095053836,0.1510661514430306,0.1505482243255348
expAE05,UNN_Ua,/Volumes/CrucialX8/computing/data/antarctica/ismip6_hackathon/ComputedScalarsHelene/expAE05/shelfmelt/computed_shelfmelt_AIS_UNN_Ua_expAE05.nc,0.5121685955251993,0.6007256594003018,0.5121685955251993,0.6007256594003018,0.6007256594003018,0.6007256594003018,0.6007256594003018,0.6007256594003018,0.6007256594003018,0.6007256594003018,0.6007256594003018,0.6007256594003018,0.6007256594003018,0.6007256594003018,0.6007256594003018,0.6007256594003018,0.4341114550264711,0.6007256594003018,0.6007256594003018,0.5370431755233921,0.6379917797114557,0.1997619461688794,0.38229869976129816,0.3856752085563661,0.5298455224544365
expAE05,UTAS_ElmerIce,/Volumes/CrucialX8/computing/data/antarctica/ismip6_hackathon/ComputedScalarsHelene/expAE05/shelfmelt/computed_shelfmelt_AIS_UTAS_ElmerIce_expAE05.nc,0.6921579930752944,1.0117826892162123,0.6590187836804128,1.0117826892162123,1.0117826892162123,0.7778731719456128,1.0117826892162123,1.0117826892162123,1.0117826892162123,1.0117826892162123,1.0117826892162123,1.0117826892162123,1.0117826892162123,1.0117826892162123,1.0117826892162123,1.0117826892162123,0.3941243865609072,1.0117826892162123,1.0117826892162123,0.7813915168581311,1.0475950814753836,0.5231911645242255,0.9429158299634989,0.6560315878957288,0.6825041057203707
expAE05,VUB_AISMPALEO,/Volumes/CrucialX8/computing/data/antarctica/ismip6_hackathon/ComputedScalarsHelene/expAE05/shelfmelt/computed_shelfmelt_AIS_VUB_AISMPALEO_expAE05.nc,0.18784958724721348,0.17398856265368554,0.18784958724721348,0.18784958724721348,0.18784958724721348,0.17398856265368554,0.18784958724721348,0.18784958724721348,0.18784958724721348,0.18784958724721348,0.18784958724721348,0.18784958724721348,0.18784958724721348,0.1852404516731188,0.18784958724721348,0.18784958724721348,0.18784958724721348,0.18784958724721348,0.18784958724721348,0.1368321807740732,0.19118263695962978,0.28626807847367547,0.44234833228102216,0.10810504599585627,0.11048043046870898
expAE05,VUW_PISM1,/Volumes/CrucialX8/computing/data/antarctica/ismip6_hackathon/ComputedScalarsHelene/expAE05/shelfmelt/computed_shelfmelt_AIS_VUW_PISM1_expAE05.nc,1.305580467411204,1.2384952464394676,1.9830828571209553,1.305580467411204,1.305580467411204,1.2647906864234977,1.305580467411204,1.305580467411204,2.0871114545286784,0.7841996956128335,1.3683393078280721,1.305580467411204,1.305580467411204,1.305580467411204,0.9899731004595596,0.9899731004595596,0.9899731004595596,1.951919673125355,1.3398465982618346,1.2074850054019823,1.35891304897849,1.0236296156381595,2.644613368090703,1.0900813930871531,2.0247612757206612
expAE05,VUW_PISM1_s1,/Volumes/CrucialX8/computing/data/antarctica/ismip6_hackathon/ComputedScalarsHelene/expAE05/shelfmelt/computed_shelfmelt_AIS_VUW_PISM1_s1_expAE05.nc,1.3640435810936045,1.3640435810936045,2.019418115969772,1.3640435810936045,1.3640435810936045,1.33168091842727,1.3640435810936045,1.3640435810936045,2.1186088901625064,0.7420378755596221,1.4107210630924303,1.3640435810936045,1.3640435810936045,1.3640435810936045,0.9573702394699098,0.7420378755596221,0.9573702394699098,2.019418115969772,1.3640435810936045,1.2499022316785577,1.4376121710589684,1.0708764408227358,2.5950812578921028,0.7113482842915211,1.9654221588086558
expAE05,VUW_PISM1_s2,/Volumes/CrucialX8/computing/data/antarctica/ismip6_hackathon/ComputedScalarsHelene/expAE05/shelfmelt/computed_shelfmelt_AIS_VUW_PISM1_s2_expAE05.nc,1.2637899671808561,1.2191127288206067,1.9040726115792277,1.2637899671808561,1.2637899671808561,1.2518271522503877,1.2637899671808561,1.2637899671808561,1.9843274268724107,0.7891298723699908,1.3739581649651507,1.2637899671808561,1.2637899671808561,1.2637899671808561,0.9884251739713018,0.7891298723699908,0.9884251739713018,1.7858949107016597,1.3739581649651507,1.2151049598229682,1.365632507993018,1.0853969752829533,2.5349248831708358,1.1033617482774523,1.9565268241013665
expAE05,VUW_PISM1_s3,/Volumes/CrucialX8/computing/data/antarctica/ismip6_hackathon/ComputedScalarsHelene/expAE05/shelfmelt/computed_shelfmelt_AIS_VUW_PISM1_s3_expAE05.nc,1.356185892636671,1.2124293244596256,1.9677502858418747,1.356185892636671,1.356185892636671,1.3364008640907192,1.356185892636671,1.356185892636671,2.0816411625359987,0.7262773657454795,1.4069587889706547,1.356185892636671,1.356185892636671,1.356185892636671,0.9516879231921187,0.9516879231921187,0.9516879231921187,1.8080684326685763,1.4069587889706547,1.2869588602853352,1.424024192062519,1.023671968217247,2.6398442490621,0.9856045263618096,1.992181976742374
expAE05,VUW_PISM1_s4,/Volumes/CrucialX8/computing/data/antarctica/ismip6_hackathon/ComputedScalarsHelene/expAE05/shelfmelt/computed_shelfmelt_AIS_VUW_PISM1_s4_expAE05.nc,1.3108140558473382,1.2464206277910717,2.005206863445677,1.3108140558473382,1.3108140558473382,1.2804363899606803,1.3108140558473382,1.3108140558473382,2.09704066289465,0.8025296408498436,1.404546781050368,1.3108140558473382,1.3108140558473382,1.3108140558473382,1.0002051244743995,1.0002051244743995,1.0002051244743995,1.8699698698726661,1.3108140558473382,1.2267731185539488,1.36950689550972,1.0192619619123815,2.5606038267010685,1.1304196192726894,2.0555375656578896
expAE05,VUW_PISM2,/Volumes/CrucialX8/computing/data/antarctica/ismip6_hackathon/ComputedScalarsHelene/expAE05/shelfmelt/computed_shelfmelt_AIS_VUW_PISM2_expAE05.nc,1.2305905950072917,1.2305905950072917,2.0068837472353662,1.2305905950072917,1.2305905950072917,1.295703103281502,1.2305905950072917,1.2305905950072917,2.0817967793125765,0.8254743718538342,1.268417847667469,1.2305905950072917,1.2305905950072917,1.2305905950072917,1.0163360758307707,0.8254743718538342,1.0163360758307707,2.075037263621845,1.2305905950072917,1.2318447948084648,1.2516616180734208,1.041306728975722,2.478520452690019,0.6319830163774609,1.8330784967358906
expAE05,VUW_PISM2_s1,/Volumes/CrucialX8/computing/data/antarctica/ismip6_hackathon/ComputedScalarsHelene/expAE05/shelfmelt/computed_shelfmelt_AIS_VUW_PISM2_s1_expAE05.nc,1.2652647713535614,1.2652647713535614,2.095660975036209,1.2652647713535614,1.2652647713535614,1.3452141843858458,1.2652647713535614,1.2652647713535614,2.131024474108582,0.8353751220537698,1.3172474780917771,1.2652647713535614,1.2652647713535614,1.2652647713535614,1.0325461492775578,0.8353751220537698,0.8353751220537698,2.07721111650524,1.2652647713535614,1.2741039781773844,1.3159651376916732,1.0078010319635826,2.5295518654964972,0.6190923243651621,1.8406898817766895
expAE05,VUW_PISM2_s2,/Volumes/CrucialX8/computing/data/antarctica/ismip6_hackathon/ComputedScalarsHelene/expAE05/shelfmelt/computed_shelfmelt_AIS_VUW_PISM2_s2_expAE05.nc,1.2031698292141837,1.2841449296801635,2.0485292402960975,1.2031698292141837,1.2031698292141837,1.2218499921940806,1.2031698292141837,1.2031698292141837,2.0884635659012054,0.8187390059867384,1.2760171675880858,1.2031698292141837,1.2031698292141837,1.2031698292141837,1.014435493593793,1.014435493593793,1.014435493593793,2.033240825792444,1.2031698292141837,1.2244566118940257,1.2449715182100969,1.0570388209619017,2.5152700802434995,1.239963176173479,1.8304814465656407
expAE05,VUW_PISM2_s3,/Volumes/CrucialX8/computing/data/antarctica/ismip6_hackathon/ComputedScalarsHelene/expAE05/shelfmelt/computed_shelfmelt_AIS_VUW_PISM2_s3_expAE05.nc,1.1835126829495177,1.2615048586583941,2.024892270393566,1.1835126829495177,1.1835126829495177,1.2598315764364876,1.1835126829495177,1.1835126829495177,2.0750636564908262,0.7973429821091443,1.2925594871074777,1.1835126829495177,1.1835126829495177,1.1835126829495177,0.9974870346117402,0.9974870346117402,0.9974870346117402,2.073870151797046,1.2925594871074777,1.2506228230275198,1.2907330388726879,1.0099318365444692,2.5568918505629763,1.139462260443928,1.8114973904922405
expAE05,VUW_PISM2_s4,/Volumes/CrucialX8/computing/data/antarctica/ismip6_hackathon/ComputedScalarsHelene/expAE05/shelfmelt/computed_shelfmelt_AIS_VUW_PISM2_s4_expAE05.nc,1.2335680200530403,1.2335680200530403,2.09479269257662,1.2335680200530403,1.2335680200530403,1.2226986449449915,1.2335680200530403,1.2335680200530403,2.134443828424954,0.8455756847003517,1.2680124817425948,1.2335680200530403,1.2335680200530403,1.2335680200530403,1.0345318781474744,1.0345318781474744,1.0345318781474744,2.09479269257662,1.2335680200530403,1.3138929034088143,1.2745045992249513,1.049139583238129,2.5081414608717076,0.6169111902575539,1.8439926530914896
