,Model,mean-error,method,parameterization,melt_sensetivity_AIS,melt_sensetivity_intercept_AIS,melt_sensetivity_Amundsen,melt_sensetivity_intercept_Amundsen,melt_sensetivity_Ross,melt_sensetivity_intercept_Ross,melt_sensetivity_FilchnerRonne,melt_sensetivity_intercept_FilchnerRonne,melt_sensetivity_Aurora,melt_sensetivity_intercept_Aurora,melt_sensetivity_Wilkes,melt_sensetivity_intercept_Wilkes,max_melt_sensetivity_AIS,min_melt_sensetivity_AIS,max_melt_sensetivity_Amundsen,min_melt_sensetivity_Amundsen,max_melt_sensetivity_Ross,min_melt_sensetivity_Ross,max_melt_sensetivity_FilchnerRonne,min_melt_sensetivity_FilchnerRonne,max_melt_sensetivity_Aurora,min_melt_sensetivity_Aurora,max_melt_sensetivity_Wilkes,min_melt_sensetivity_Wilkes
0,DC_ISSM,1.1268750874031401,df_maxbmb,Quad. Non-local,3.9407459224514056,-1.6946605662136687,8.640168874418022,-3.372736014863949,3.3541304094382522,-1.5368939505749226,4.269001394820952,-1.9843956078114042,6.9836802787007315,-2.1247611048762876,6.423657139267104,-3.9945351797969453,4.794957152151413,3.2239792097178994,9.121424355838224,7.7842095084347855,3.791177985658009,2.735087237015283,4.857322014002796,3.8415991086027015,7.838300663879344,6.429557175659584,8.042652831801611,4.970572394786918
1,DOE_MALI_4km,1.5426924620702762,df_maxbmb,Quad. Non-local,7.091285827374742,-4.422678297151762,18.827810461171573,-17.01839467779866,4.042974772672642,-1.9080869610905902,5.389555413441501,-2.4047112690355346,9.581577696702634,-2.9709563755979733,10.61870690164571,-7.781417121665106,9.32992023828402,5.600732589756895,19.957436681354345,16.7972442785505,4.544990010993866,3.2071012707506545,6.106848270859902,5.010266839381214,9.880264622720894,8.903614837952754,12.380654223912748,8.259562137778877
2,DOE_MALI_8km_Ant95,1.6094647311258363,df_maxbmb,Quad. Non-local,10.636001358764359,-8.527296715810847,21.83582122852074,-23.217318390689783,4.302845484487639,-1.8953682381558052,6.010998992229148,-2.5536594905553054,11.298475056749993,-4.911402164223439,13.488095561435554,-10.237464183312607,19.338827684508168,5.70706532353873,24.583878999302048,18.16922341284849,5.019943786987184,3.4426128251715205,6.821161620937263,5.568244996266978,13.23329688825054,9.795045181301251,19.297469855377148,10.301516930398282
3,DOE_MALI_8km_AntMean,1.3361661785778185,df_maxbmb,Quad. Non-local,6.905943548128146,-3.67160541090956,17.703470052881915,-16.183662708950056,4.3459241611485675,-2.012369819732908,6.094616743695246,-2.8502302456461743,10.741954534025858,-4.673021662682748,11.40357076604908,-8.562308095754123,8.273618329850311,5.276277432012081,19.75387701546877,14.641349767110803,4.888419201528115,3.3062097395418037,7.341319984799228,5.449799548182407,11.694209492671384,9.643335133117851,14.995560912980684,8.487652620076581
4,IGE_ElmerIce,1.8224292923024068,df_maxbmb,PICO,1.8871776540895857,0.2705984591234051,2.6114158361335664,8.705786891416036,1.5700261030248006,-0.37997768871494814,1.8375771122439124,-1.0789014842660378,8.152143414133912,0.46457598135402656,7.746371438742653,-0.7358733674858713,2.835667085793947,1.4810865372532491,3.751514191990136,1.4012717349799646,2.067568577651128,0.788558060771518,2.1210034214706264,1.6755779468913476,9.39632682818718,6.887554928004809,8.812093007799511,6.727566306249827
5,ILTS_SICOPOLIS,1.8552193826284384,df_maxbmb,Quad. Non-local,9.529746378109959,-7.334160655594687,19.867997744805486,-14.139390779560596,4.215458128688971,-1.9400841541941325,5.730757518775957,-2.780314202051808,9.565331544442238,-1.5602620740244824,11.42638124542701,-7.366424970432174,15.87372686105567,6.297751018232764,23.52122044730389,17.93164024499326,4.604854265649182,3.637592904104063,6.767952524171808,5.077222102969984,9.960693187936537,9.113834516977615,14.35629152002625,7.47794468437694
6,LSCE_GRISLI2,1.4799120822790996,df_maxbmb,Quad. Non-local,5.44252506034822,-2.596552591948827,17.034515084267202,-12.135002508684853,3.6430004407228394,-1.6625659912105046,4.9359309980040775,-2.3183165888456365,7.970280382224544,-1.0276966786399613,8.46935308131953,-4.225665621288176,6.546757168893168,4.814534205180231,21.7104400735508,13.588458581946549,4.260584376253531,3.0259116439821474,5.983986655360379,4.390995905825629,8.426073263634056,7.308179385115049,9.519845390187696,6.907442418370196
7,LSCE_GRISLI,1.5179419705805237,df_maxbmb,Quad. Non-local,5.507551039497663,-2.62188179541791,17.728342029687514,-13.573607731087053,3.6061776629666333,-1.6476750925819832,5.148202615721377,-2.4994293940386245,8.673908327321755,-1.4825378781975984,9.330891735539009,-5.637041847133611,5.747110042075818,5.028247043032227,19.805070965671145,16.38822944989854,4.285702862427256,2.8664984524486408,6.504900707211011,4.597672739454889,9.487260630522613,8.109158095459037,14.329793897490331,4.104477144838003
8,NCAR_CISM1,1.3990159283477421,df_maxbmb,Quad. Non-local,3.7923470948774067,-1.4236900675868687,6.875624428279567,-9.69823667349365,3.831562494363369,-1.8010184195631678,4.972992439358668,-2.4674047120752207,2.3658464395054644,-3.2007795110965094,5.33924271842236,-3.602602161603251,4.333051051002049,3.0765359136385064,7.499554023588191,5.646885418792235,4.297693445150961,3.108540882834418,5.699291942598053,4.567765222639507,3.450083006528456,1.034504012110279,5.926054798138457,4.72233646482765
9,NCAR_CISM2,1.702341976733629,df_maxbmb,Quad. Local,5.509822944580898,-2.209887675929695,11.917042043905779,-12.972439615062385,4.581646406795551,-1.5193660435917105,6.870203398819023,-2.6374472807072156,7.991847918892123,-2.4477611920387696,7.707624230488532,-2.2058060603558274,8.284003242183285,3.071913496814496,16.70638935194124,6.855166281655354,5.148022901393659,3.985033093005013,7.876698461194609,5.855036136864102,8.587777666959475,6.685874386675651,10.639149819777758,5.98133135328316
10,NORCE_CISM2-MAR364-ERA-t1,2.5515028024941846,df_maxbmb,Quad. Non-local Slope,4.870692282795628,-2.7599897032990963,11.988626335024144,-12.259152847134871,2.6684832861700962,-1.3716497275763597,6.677381235436458,-4.112422676842946,11.817781035910176,-6.749513221990782,13.435160656639061,-9.58861430024459,6.27463766824852,3.1360817826981933,17.328276489810076,7.79613587511764,3.140832627049853,2.1363947584965204,9.26576601349018,5.124246615925506,16.429601695306168,8.866872917699714,21.531333587407868,7.268852520464446
11,NORCE_CISM3-MAR364-ERA-t1-local,1.223790316769272,df_maxbmb,Quad. Local,3.349035430079304,-1.0460550752049835,4.782387554433301,-3.9838149383704975,3.4909139421286755,-1.2778072015031852,4.644570069745381,-2.03390060994253,4.387384904498844,-3.2316990461004993,3.4537725233609042,-1.305450532528509,3.732089552555784,2.7295888855180404,5.59661435956854,3.283589462833392,3.8894397035407335,3.0748215165752737,5.445839091183146,4.085873071867157,4.712903848031913,3.7196515713729776,4.048459189167511,2.9823692093153484
12,NORCE_CISM3-MAR364-ERA-t1-nonlocal,1.18127062143473,df_maxbmb,Quad. Non-local,3.5622804054250645,-1.0827086635196153,6.134014643512463,-6.042781271658816,3.774776084405949,-1.3476840384146227,4.738372398053075,-1.8357983144064174,5.335485486265513,-4.4866569346312835,4.217072192606335,-1.8663855218346155,3.9384047388317422,2.991133324825104,6.981116859645629,4.356589718922827,4.281502854064866,2.9984039655591515,5.286653342158095,4.467089620060783,6.066286431080373,4.4639546666981005,4.7288764166542485,3.4463028494930983
13,NORCE_CISM3-MAR364-ERA-t1,2.2636052871985894,df_maxbmb,Quad. Non-local Slope,3.653415950021538,-1.4077279809105085,11.180424489218183,-10.782909026459524,2.2118681679828844,-0.9423581216904013,5.275121446815835,-3.277593370072296,9.257542444687209,-6.479667658240805,6.635037231072487,-1.3527108213821817,4.784000549029265,3.135930075861692,14.1166917462825,7.079255993307957,2.491747648449468,2.0157068677220065,7.344778280800049,3.717371208791439,12.954940592258648,7.645481980985596,8.29436400680735,5.480296826533454
14,NORCE_CISM4-MAR364-ERA-t1-local,1.2139535808487991,df_maxbmb,Quad. Local,3.317123973718625,-0.8097636990244308,3.584070808799502,-0.14674043276107868,3.3528204029515902,-1.1433495418566961,4.346661148212076,-1.877500737950366,4.131640075636264,-0.5067257314723324,1.5216855461976089,2.5143935655411838,3.666409028933713,2.9493386253676754,4.1052199990621006,2.5182019835227827,3.7660356261391126,2.80351696311408,5.0965576964850525,3.810552932236911,4.611878410125273,3.557656990358236,1.6910743592939876,1.3615195537537703
15,NORCE_CISM4-MAR364-ERA-t1-nonlocal,1.0215667361956948,df_maxbmb,Quad. Non-local,3.1552683609321877,-0.6434217764018266,4.406930971989723,-1.620609389992478,3.561790293795723,-1.2907022609920804,4.3990812122820095,-1.74263810582123,4.670091873361715,-1.0423162206004297,1.7966451516360449,2.474135380523984,3.550599710640047,2.467278540828368,5.181505555128941,3.628280947080007,4.080092713534799,2.7604498255934318,4.943002366457151,4.176239253604369,4.975368919757553,4.097949946869301,2.112509057868712,1.3895173393860571
16,NORCE_CISM4-MAR364-ERA-t1,2.1249288275706353,df_maxbmb,Quad. Non-local Slope,2.695622803162377,-0.6942826867452505,8.326621767441088,-8.006951692362064,2.040475208760049,-0.8575847989785701,4.113579539790595,-2.3363935685484734,6.306751884502885,-1.8445262840654848,2.4342976227595523,1.70006058425857,3.5814176720625386,1.8946928082179788,10.626702810774256,4.548825986427026,2.506456472177005,1.7345544373918136,5.363642331964076,3.399604358389656,6.397737641305925,6.131695475036175,3.017737810541176,1.313427823325276
17,NORCE_CISM4-MAR364-JRA-t1,2.090617250876935,df_maxbmb,Quad. Non-local Slope,2.8855696304235954,-0.8317682071344074,8.227836719521328,-7.710995233139512,1.985933577628757,-0.8191854228976219,4.130414046167987,-2.3016200701388216,6.30845656996873,-1.8532517568650795,2.407086338144741,1.646799027970733,3.660726014231977,2.5809572377694305,10.447965253223703,4.87746600046358,2.20441040712144,1.653542790702357,5.4778398839213445,3.11850814493072,6.602862156226744,6.083152134397273,2.852295099217402,1.9485012366978025
18,NORCE_CISM5-MAR364-ERA-t1-local,1.5207917095538661,df_maxbmb_2k,Quad. Local,2.5777753560870176,-0.23386851741706338,1.571778063570759,2.620980746323943,3.318276622864604,-1.1107861406024964,4.101453153031581,-1.5548591748787757,3.209365217767607,0.8349605233984317,0.6223895359186886,2.3569461618351344,2.952335865327165,2.1336735220960747,2.1404610361258505,1.231269553967243,3.7650553018179846,2.8398460038810893,4.707158495743954,3.619247336388297,4.495179910085454,2.252581646696358,0.9056513395000914,0.4290010392365648
19,NORCE_CISM5-MAR364-ERA-t1-nonlocal,1.218840738477115,df_maxbmb,Quad. Non-local,2.6981596478592937,-0.2895839769813292,2.765453169428792,1.6279396492955318,3.565988453314435,-1.2741810178556205,4.254554681772336,-1.5383157289430747,3.2622474445468113,1.4695571540346237,0.41644038135752814,2.609383176511018,3.088029942106361,2.0588339258443726,3.07810204148448,2.4389565726552966,4.017571647840641,2.763947419031839,4.583388814556758,4.007366445606752,3.87703077051125,2.2963679067462244,0.6267893043850088,0.2209217227857981
20,NORCE_CISM5-MAR364-ERA-t1,1.713283208550707,df_maxbmb_2k,Quad. Non-local Slope,1.873106285383351,-0.1836310166982188,2.6279890776903225,1.7261391372658,1.3355066992286209,-0.36244074099211226,2.269627664131204,-0.8035580388761709,3.1830891526387304,0.9748058564683901,-0.0385739971132098,2.814921409378147,2.3581955831788504,1.5882151046170954,2.882966334355151,2.149840762829496,1.4404664461970895,1.1272985197532457,2.706241318040309,2.0642564790630376,3.3549614565437635,2.8597890565880317,0.1323775631753254,-0.2133321202014266
21,PIK_PISM,1.9455368336346937,df_maxbmb,PICO,4.1592463636511825,-1.079487814716432,7.094027410356641,8.245916287782936,1.444014146369673,-0.17372719281006305,3.7100098932658785,-1.9721634651149342,11.950475798667854,-0.35975971367584414,15.390580239601135,-5.241636120945479,5.972415137510138,2.491689255038285,18.531152666606182,2.7747198230314667,2.0971875713467507,1.0161564093585698,4.611039567154558,2.7559164553390105,17.48651819358763,8.970811898768718,19.324756737859325,11.72003028102639
22,UCM_Yelmo,0.951696230663538,df_maxbmb,Quad. Non-local,4.069618380968674,-0.9797173233013994,5.785241426624025,-1.2971674378154905,3.633335456631124,-1.1475969601400333,4.723531635451135,-1.3649719235146334,4.565591380872256,-0.21185984234597174,4.33173281399739,-0.5584615568433957,4.426157583398099,3.909334616251856,6.428526872507658,5.284980485521274,4.145539981793005,2.8206561078302967,5.355244139119486,4.285460994274797,4.9132565295968345,4.322587481320965,4.576873284427202,3.968139547653279
23,UCSD_ISSM,1.3932842353567085,df_maxbmb,PICOP,1.668020076700766,-0.22000148544064263,0.5082873319858039,22.217689637938065,0.5496452596036773,-0.5106749514479008,0.9835794751925991,-1.016409704047828,3.7887280491126427,5.189396620655852,7.191929122555034,-3.9715943313842113,2.3076776894385413,0.9241120724103766,1.996963708849253,-1.6761205183631294,1.123858684515998,0.2227244494109165,1.3334636794441626,0.4979436617367589,5.869820460344678,1.3703102381483814,9.56134925667125,5.479248406102095
24,ULB_fETISh-KoriBU1,4.152526783619073,df_maxbmb,PICO,1.3436669889677488,0.7034296240474258,0.9220698678215727,10.542510743609071,0.49334268590644514,-0.0553526616247109,1.9432741280223607,-0.8331791843864527,4.25917093519467,0.4049029989229358,3.9757205254075374,3.1882678820902792,1.671060696169381,0.7089569514523848,1.6153447958838232,0.2371353770236857,0.7611419423824669,0.1464781517648401,2.761465175498085,1.5862084916584585,5.758726874505158,1.3965410132372105,5.293244760227627,1.5715203405532594
25,ULB_fETISh-KoriBU2,1.7620910366082796,df_maxbmb,Quad. Non-local,4.163158149185648,-1.3202450916055377,10.567029655675857,-3.254264857230444,3.724998600419619,-1.621571965504759,4.666718813732902,-1.9491894133054026,5.49791777935426,0.4004832376409112,5.90428241936768,-2.5946932761006867,5.415642505088052,2.028549906532622,13.41753375466928,7.01095394271775,4.105378824516093,3.258498006136939,5.291052474380544,4.344672963404514,7.323099152338028,2.1690853199314946,8.524644873582718,2.928897682909864
26,UNN_Ua,1.5809673176036372,df_maxbmb,Quad. Local,3.5390518758588407,-1.126595810248742,9.902639171911428,-3.8573347138719107,3.2539600301145963,-1.425446835444455,4.5827213564378955,-2.2208077067654863,6.691440513810117,0.5466871545368225,4.95775223859421,-0.9021488376516178,3.967806343534177,3.0563391671479767,10.746233013705266,9.174395563733034,3.4705103026624724,2.7352476765080818,5.410917092561763,3.991889119235716,7.425101764029889,5.24795678175577,5.564347903601641,3.811583393541951
27,UTAS_ElmerIce,1.2445959893918495,df_maxbmb,Quad. Local,4.1076814604424206,-1.6472935069285126,8.580905251369886,0.21389021023506505,3.1323149762555107,-1.2597657888892262,4.518321071382991,-2.173270856580747,8.312237132533918,-1.8559121320609027,5.733872575341124,-2.099718464116818,4.520046400702356,3.800813733339951,11.57007421226575,4.445291923804247,3.6007901101535795,2.7047726053925567,5.403037697854964,3.9959762810827417,8.812350422354784,7.961060720939671,7.696383984780088,4.954828585637903
28,VUB_AISMPALEO,3.431731837088304,df_maxbmb,Quad. Non-local,5.430506372421134,-2.6638009257344537,15.558087416227103,-9.589986576949567,4.226111341223235,-1.9200139180809574,6.540761508521523,-4.448365846902868,7.443484438414705,-1.3989238953423027,5.616848884962955,-1.5656451771604312,6.594553656714292,4.493095113478676,23.17239472646929,5.703285446927096,5.559497394706873,3.375803820397993,8.324097686011745,5.612322127456834,14.494254794690562,2.830231506822237,13.344355783204016,1.9382341702427055
29,VUW_PISM1,4.492283885046794,df_maxbmb,Lin,18.05088302952688,-7.384437642864697,10.476501235290613,-5.821583239042303,9.016490707418997,-2.5250868473648516,16.441890148055645,-3.0726509108762143,13.624205783767907,10.45360245971412,18.805136420300357,-2.5908058565834677,23.582620839786653,13.99378713574044,13.705365925952968,8.933019004562492,11.762042788488497,6.769254215014555,24.712438824574164,7.78430915471473,16.882114924949214,8.440194557813482,23.13599954318967,11.00387407759841
30,VUW_PISM1_s1,5.085416951132702,df_maxbmb,Lin,19.522548175828856,-8.014279212428589,11.428727289242133,-7.218480436955954,9.870818955251844,-2.9732025816401957,17.847628589440593,-2.6931423959427803,11.275061660098215,12.313754243725993,12.849110844274284,0.10438380236680918,24.480744044796527,14.06920732597845,14.367074119345782,9.520549881700065,11.916504164163689,8.49213187595243,24.883237603029567,7.892205621800181,12.87908925086432,9.689899123450596,13.864390290731937,12.035782068348718
31,VUW_PISM1_s2,4.456280438817019,df_maxbmb,Lin,17.9983043201462,-7.420965964980501,9.912792263231905,-4.680709659475553,9.067191366840396,-2.5533622249101544,16.471240160761596,-3.11868283710637,14.031555001768414,8.712690557092166,15.790385704631241,-0.20624410934720494,23.42097623476938,13.91770233967116,11.000854571476298,8.41322305943373,11.9078469614664,6.804548969237632,24.584203222599697,7.945536096774418,17.04424336875872,9.407585009875158,21.68564076560321,9.95212853868371
32,VUW_PISM1_s3,4.584098278752747,df_maxbmb,Lin,18.01176401588411,-7.434336895352958,10.317215491110993,-4.90910546294824,8.956631320807908,-2.6027515922938074,16.613864307843247,-3.2985793670715102,16.62458675007247,8.221790326464134,17.151039199653162,-1.9070784514143593,23.2104733767712,14.098226932754498,12.537098215132463,8.14474549015273,11.85228234974714,6.910133806153699,24.498428501915157,8.127201371791395,21.28510515512873,10.81351713907625,21.64070679483825,12.060577864498788
33,VUW_PISM1_s4,4.5031495182165235,df_maxbmb,Lin,18.111639402841053,-7.404475814041698,11.002639463929391,-6.899613734929193,9.092092204052765,-2.549550354056022,16.700394817231984,-3.190872427744127,13.688054033737235,10.359889376397245,15.541536893285297,-0.08630078155760179,23.67321907734257,14.074849493986529,14.373078920473525,9.696070623523523,11.788657312361464,6.812312534999767,24.891983893940047,7.85041689375379,17.439339967656494,8.571034188532572,22.336182193912613,10.070043275676072
34,VUW_PISM2,3.6700749141443976,df_maxbmb,Lin,13.369704132036901,-4.072925043187683,13.995319764282417,-12.738146566549354,9.33816334095183,-2.6496352347417433,17.4909089631014,-3.900368266238767,13.61319154853604,8.626289226266792,13.141838732837996,-0.016832362384903155,19.78321023648342,5.411143373600245,17.57824181584741,11.48318424845914,12.279030590962554,6.902819617568871,23.83588525970337,8.809485171156117,20.01644591641873,6.35115852774071,16.756937443414667,10.804468560196058
35,VUW_PISM2_s1,3.461213034527127,df_maxbmb,Lin,13.593033041456277,-4.136328733256594,13.582398118542113,-11.74232595147126,9.399792344485533,-2.6670372767720627,17.65817319761602,-4.013972561473755,8.72014394028364,13.924061027988435,14.027231093397443,-0.0740345750100816,20.45808621394904,5.67070465943606,17.12776062637452,11.03017083925057,12.33158566785914,6.921554864794821,23.96788734598967,9.223479375255785,12.252124947471597,6.039019140375783,17.938528868636368,11.745685646314737
36,VUW_PISM2_s2,4.130416522451871,df_maxbmb,Lin,17.500641676583296,-7.145185143183133,13.958540097208585,-13.450647598864672,9.269748118053244,-2.620930091689355,17.29846073219649,-3.791186489898447,13.557361833243508,7.9440643795791885,13.038589917420088,0.33781702848919526,22.236332946189773,13.269058115717664,17.49362012237872,10.440100984199304,12.194612214594956,6.86441359493476,23.92009651287832,8.761593763396679,16.913355616811995,6.39464883319998,17.463272424338324,9.768452159218269
37,VUW_PISM2_s3,4.189916657760674,df_maxbmb,Lin,17.657756711502408,-7.227697763681662,11.771431650145805,-8.311741552139882,9.343589842798696,-2.7273706879110002,17.538590207685232,-4.03645494762652,16.439511107670352,6.486275574251027,12.558678700029638,0.5508777301126793,22.320969548985214,13.327499953583072,16.287924582683942,8.834814171816909,12.306316553943132,7.12378889594571,23.5782878782617,9.295221758105209,20.110697164452716,11.931216314261365,16.964649447423973,9.351092889752955
38,VUW_PISM2_s4,3.536803756043122,df_maxbmb,Lin,13.562365903430308,-4.21675444646692,14.246505600688796,-13.134502804546667,9.485214773427407,-2.7009173955797534,17.65065362889162,-3.99744002928057,9.212100595531094,12.983482117252294,13.088453890736025,0.2896805318497595,20.02802567377705,5.794556131431119,17.074061043604612,11.868197882958215,12.353717702508034,6.940255264184932,24.01304142704797,9.175341036957352,10.152432413552848,8.485291061543748,14.91352465193617,11.162071326513535
39,IMAU_UFEMISM1,2.948084721082045,df_maxbmb_2100,Quad. Local,10.697730512669214,-3.0615034807961954,4.1536106521294816,0.0339529086086412,7.711336041717383,-1.6442175517157227,10.18842108490443,-2.7084653283812283,7.678426422638498,-3.1973908592661906,,,13.25584039108402,8.997721663671298,6.39096658156479,2.6618664080818606,8.991052237936632,6.695512168422721,12.868921080267553,7.916015602203969,9.850750076778986,3.3120692388196087,,
40,IMAU_UFEMISM2,2.875299572873907,df_maxbmb_2100,Quad. Local,11.256856378672667,-3.373600655723642,5.854132259398288,-1.6390358561668796,8.656541829029083,-2.1194018857832555,10.875787641938196,-2.8159070601700082,8.003962734082256,-1.9488903748256288,,,12.462004681522185,9.921358932371296,11.031047722249069,3.523861521512996,12.20844784586271,6.97805437886969,14.07699068820211,7.860578503256066,10.152250487440469,4.6839362421799375,,
41,IMAU_UFEMISM3,1.928542649900723,df_maxbmb_2k,Quad. Local,13.683747306164188,-4.463856153401134,9.407220683299762,-3.500025034983428,10.624330740858944,-2.986246646870706,14.042650372477452,-4.906236090952505,11.08082950573375,-4.391137668755264,5.966532622260866,-1.8547187151478988,15.447357651065552,10.835791863455292,12.655233678200474,7.247223701508771,13.227841868748987,9.701332825677367,17.65971883486775,8.770763642247024,13.765863259721144,9.254986770512472,8.54296952592432,2.5345090554416783
42,IMAU_UFEMISM4,1.9541147239714896,df_maxbmb_2k,Quad. Local,12.824620541481476,-3.9891286854699,9.476355101873235,-3.839896613648993,10.092898962557339,-2.7294346639806935,13.627241775067546,-4.414368890253782,10.560022575073827,-3.7949990505738507,4.286219349885401,-1.3192288959791747,15.022269988604414,10.756676186384848,13.280998783551665,6.077624062746255,11.6599235052777,8.348392119116452,17.03767558856,10.869248164993042,12.079081559657537,8.12784633878755,5.339976435673616,2.4813623491383563
