Experiment,Model,Path,sector_1,sector_2,sector_3,sector_4,sector_5,sector_6,sector_7,sector_8,sector_9,sector_10,sector_11,sector_12,sector_13,sector_14,sector_15,sector_16,sector_17,sector_18,AIS,region_1,region_2,region_3,FilchnerRonne,Ross,Amundsen
expAE02,DC_ISSM,/Volumes/CrucialX8/computing/data/antarctica/ismip6_hackathon/ComputedScalarsHelene/expAE02/shelfmelt/computed_shelfmelt_AIS_DC_ISSM_expAE02.nc,9.123392403125763,4.060542955994606,-10.20161584019661,40.30575454235077,10.67817360162735,2.8073716908693314,39.3498957157135,85.01496315002441,10.10890007019043,13.419923186302185,14.721886813640594,54.80756163597107,30.34833073616028,-3.9258908480405807,7.826908677816391,6.803340464830399,13.098150491714478,2.321869134902954,9.085775166749954,7.24087655544281,10.909849405288696,7.156525552272797,12.240911274166288,3.485857549413054,40.305755926290104
expAE02,IGE_ElmerIce,/Volumes/CrucialX8/computing/data/antarctica/ismip6_hackathon/ComputedScalarsHelene/expAE02/shelfmelt/computed_shelfmelt_AIS_IGE_ElmerIce_expAE02.nc,-31.93659484386444,5.003910884261131,3.0097024515271187,-8.263850212097168,7.232122868299484,0.18898422131314874,13.868647813796997,36.95636689662933,3.8648169487714767,3.9780382066965103,6.3065603375434875,-8.701322972774506,-2.0614614710211754,-20.556625723838806,-13.511821627616882,-55.53716421127319,-48.69083762168884,-49.51334297657013,-1.949256844818592,3.7581361830234528,0.41312240064144135,-50.83969235420227,6.878532817035017,2.8092632190991353,-8.263850407587693
expAE02,ILTS_SICOPOLIS,/Volumes/CrucialX8/computing/data/antarctica/ismip6_hackathon/ComputedScalarsHelene/expAE02/shelfmelt/computed_shelfmelt_AIS_ILTS_SICOPOLIS_expAE02.nc,-3.7341371178627014,4.505874961614609,4.207964986562729,-30.076169967651367,22.61076122522354,0.7589136715978384,1.5582130290567875,9.45516899228096,7.181219011545181,6.429765373468399,12.78742253780365,-0.004142604302614927,-0.6232296116650105,7.328294217586517,3.286898508667946,-0.8877524174749851,-3.2216139137744904,-18.095526099205017,6.564673036336899,9.700913727283478,5.640671029686928,-7.79423788189888,18.77753249399362,2.9566956841546763,-30.07617052727739
expAE02,LSCE_GRISLI2,/Volumes/CrucialX8/computing/data/antarctica/ismip6_hackathon/ComputedScalarsHelene/expAE02/shelfmelt/computed_shelfmelt_AIS_LSCE_GRISLI2_expAE02.nc,-3.5741418600082397,9.489452093839645,-14.585629105567932,-31.675130128860474,-35.13050675392151,3.383028879761696,-26.805102825164795,11.156690865755081,-39.154088497161865,-20.051507651805878,-11.64952740073204,-5.173118785023689,-41.750457882881165,-43.185755610466,-38.25916945934296,-51.01410150527954,-71.12276554107666,-15.654586255550385,-15.3360053896904,-13.52098286151886,-12.979236245155334,-41.90733730792999,-25.565182034484383,6.6036120031791725,-31.675128817020752
expAE02,LSCE_GRISLI,/Volumes/CrucialX8/computing/data/antarctica/ismip6_hackathon/ComputedScalarsHelene/expAE02/shelfmelt/computed_shelfmelt_AIS_LSCE_GRISLI_expAE02.nc,-31.099414825439453,23.623424768447876,-62.639230489730835,-35.80523431301117,-12.621073424816132,7.083208858966827,-22.100721299648285,-43.0741548538208,-26.218372583389282,-25.770479440689087,-3.312753140926361,1.8841439858078957,-34.14019048213959,-73.09309840202332,-44.35960352420807,-54.92987036705017,-83.37088227272034,-19.37495321035385,-10.698343813419342,-2.416231483221054,-12.720157206058502,-49.317896366119385,-8.87819232360664,15.888921955341836,-35.80523359421031
expAE02,NCAR_CISM1,/Volumes/CrucialX8/computing/data/antarctica/ismip6_hackathon/ComputedScalarsHelene/expAE02/shelfmelt/computed_shelfmelt_AIS_NCAR_CISM1_expAE02.nc,5.691356211900711,3.26332226395607,6.611833721399307,8.105913549661636,11.114513874053955,0.6347634829580784,2.5854432955384254,-0.19771824590861797,6.007644534111023,5.79913966357708,13.22418749332428,-1.643451489508152,1.6732418909668922,9.22226682305336,4.486416280269623,0.8549077436327934,5.571165680885315,4.140154644846916,6.1682745814323425,7.231349498033524,5.576051399111748,3.8317710161209106,11.910540415521467,2.01656325108191,8.105913891187187
expAE02,NCAR_CISM2,/Volumes/CrucialX8/computing/data/antarctica/ismip6_hackathon/ComputedScalarsHelene/expAE02/shelfmelt/computed_shelfmelt_AIS_NCAR_CISM2_expAE02.nc,14.475452899932861,6.281924992799759,15.355449914932251,30.14085292816162,21.268804371356964,1.0978708043694496,10.62202975153923,10.807833075523376,7.926490157842636,7.143671810626984,16.950848698616028,-1.2957839295268059,1.8938679248094559,16.57479852437973,12.312792241573334,5.765172466635704,9.68870222568512,12.330779433250427,11.176301538944244,14.383238554000854,8.676616102457047,9.838632494211197,19.592036630280482,3.9249638396044393,30.140854159083368
expAE02,NORCE_CISM2-MAR364-ERA-t1,/Volumes/CrucialX8/computing/data/antarctica/ismip6_hackathon/ComputedScalarsHelene/expAE02/shelfmelt/computed_shelfmelt_AIS_NORCE_CISM2-MAR364-ERA-t1_expAE02.nc,8.757607638835907,2.012428641319275,6.570087373256683,8.504027873277664,18.91511231660843,0.5637303460389376,7.490341365337372,17.827686667442322,8.148843795061111,3.1874239444732666,25.025513768196106,-1.3381050899624825,1.0478499345481396,11.21094673871994,4.631148278713226,1.834152266383171,6.804851442575455,5.060596764087677,9.069791436195374,10.624304413795471,8.393602073192596,4.972420632839203,21.07930946012069,1.3157255367260086,8.504028121128114
expAE02,NORCE_CISM3-MAR364-ERA-t1-local,/Volumes/CrucialX8/computing/data/antarctica/ismip6_hackathon/ComputedScalarsHelene/expAE02/shelfmelt/computed_shelfmelt_AIS_NORCE_CISM3-MAR364-ERA-t1-local_expAE02.nc,0.9902304038405418,4.035544767975807,0.3704054048284888,2.3827938362956047,5.849719047546387,0.3726626746356487,-6.015995517373085,3.4982748329639435,0.8392492309212685,2.8917819261550903,12.639079988002777,-4.22113761305809,-5.369679257273674,4.738705605268478,1.142631657421589,-1.2443787418305874,2.0613783970475197,6.048102304339409,3.7312615662813187,4.370222985744476,3.373846784234047,2.716136910021305,8.288979422885525,2.269589571438011,2.3827938048992565
expAE02,NORCE_CISM3-MAR364-ERA-t1-nonlocal,/Volumes/CrucialX8/computing/data/antarctica/ismip6_hackathon/ComputedScalarsHelene/expAE02/shelfmelt/computed_shelfmelt_AIS_NORCE_CISM3-MAR364-ERA-t1-nonlocal_expAE02.nc,2.2242240607738495,3.581216186285019,1.4996123500168324,3.42586487531662,6.13037496805191,0.5095419473946095,-4.464283213019371,3.4795917570590973,0.719318212941289,2.3888157680630684,12.790665030479431,-4.4137053191661835,-6.149424985051155,4.316043853759766,1.0691076517105103,-0.7770611438900232,1.1551814153790474,5.073678493499756,3.7164200097322464,4.502919688820839,3.3329054713249207,2.120088040828705,8.523019211539031,2.099610264640882,3.4258648916408405
expAE02,NORCE_CISM3-MAR364-ERA-t1,/Volumes/CrucialX8/computing/data/antarctica/ismip6_hackathon/ComputedScalarsHelene/expAE02/shelfmelt/computed_shelfmelt_AIS_NORCE_CISM3-MAR364-ERA-t1_expAE02.nc,5.624132603406906,3.218027576804161,5.929506570100784,11.215659230947495,15.323057770729065,0.5525176413357258,4.939539358019829,11.114989966154099,7.778964936733246,3.557630255818367,20.767317712306976,-1.0835366323590279,-1.8837269395589828,10.932961106300354,2.9344769194722176,2.231146953999996,6.072019040584564,4.90754246711731,7.7413760125637054,9.296730160713196,6.967981159687042,4.695739224553108,17.279872428231027,1.9320636479614068,11.215659556465278
expAE02,NORCE_CISM4-MAR364-ERA-t1-local,/Volumes/CrucialX8/computing/data/antarctica/ismip6_hackathon/ComputedScalarsHelene/expAE02/shelfmelt/computed_shelfmelt_AIS_NORCE_CISM4-MAR364-ERA-t1-local_expAE02.nc,4.011169075965881,3.879683092236519,3.1412966549396515,4.795391112565994,6.0126494616270065,0.8777736686170101,1.2683611363172531,4.168177768588066,6.099109351634979,2.1984700113534927,11.84946596622467,-3.5853758454322815,-4.933259263634682,7.967067509889603,3.038342483341694,0.4077181685715914,1.8460135906934738,6.785579025745392,4.3476901948452,4.788724705576897,4.190720245242119,3.216492384672165,8.161331133586046,2.438365459675103,4.795390995628165
expAE02,NORCE_CISM4-MAR364-ERA-t1-nonlocal,/Volumes/CrucialX8/computing/data/antarctica/ismip6_hackathon/ComputedScalarsHelene/expAE02/shelfmelt/computed_shelfmelt_AIS_NORCE_CISM4-MAR364-ERA-t1-nonlocal_expAE02.nc,3.7985358387231827,3.4490466117858887,3.7848468869924545,3.289569914340973,6.130857393145561,1.1026736348867416,1.0574419982731342,4.628031328320503,4.670209810137749,2.1140560507774353,11.632923781871796,-2.2341951727867126,-7.7048055827617645,7.000125199556351,2.2267842665314674,1.0468116961419582,0.7269219029694796,5.084319785237312,4.07809279859066,4.642866551876068,3.928540274500847,2.359628863632679,8.175845152482616,2.322696747220066,3.289570071754619
expAE02,NORCE_CISM4-MAR364-ERA-t1,/Volumes/CrucialX8/computing/data/antarctica/ismip6_hackathon/ComputedScalarsHelene/expAE02/shelfmelt/computed_shelfmelt_AIS_NORCE_CISM4-MAR364-ERA-t1_expAE02.nc,3.71401347219944,7.596193253993988,3.449421748518944,4.63840514421463,12.153996527194977,0.6536820903420448,1.4499591663479805,8.661345392465591,9.05405730009079,2.5190353393554688,17.055857181549072,-2.879476733505726,0.26539445389062166,7.7204301953315735,1.9536038860678673,0.2868582494556904,0.6705300882458687,3.645137697458267,6.615045666694641,8.86979028582573,5.634933337569237,1.571602001786232,13.928772088914362,4.31774154254642,4.638404971299736
expAE02,NORCE_CISM4-MAR364-JRA-t1,/Volumes/CrucialX8/computing/data/antarctica/ismip6_hackathon/ComputedScalarsHelene/expAE02/shelfmelt/computed_shelfmelt_AIS_NORCE_CISM4-MAR364-JRA-t1_expAE02.nc,3.465213254094124,1.716185174882412,3.5760458558797836,4.453714191913605,12.750323116779327,-0.0036555571568896994,1.4141056686639786,9.269218146800995,9.252089262008667,1.6625901684165,16.301006078720093,-3.6788225173950195,0.2592778066173196,7.396877557039261,1.9411051645874977,0.32725599594414234,1.3268266804516315,3.6561116576194763,5.594361945986748,6.809120625257492,5.236277729272842,1.8589505925774574,14.051631927127714,0.9062284482395424,4.453714194495384
expAE02,NORCE_CISM5-MAR364-ERA-t1-local,/Volumes/CrucialX8/computing/data/antarctica/ismip6_hackathon/ComputedScalarsHelene/expAE02/shelfmelt/computed_shelfmelt_AIS_NORCE_CISM5-MAR364-ERA-t1-local_expAE02.nc,3.087017312645912,4.81799803674221,2.8473448008298874,2.42102537304163,6.358425319194794,-0.06580434856005013,0.16526068793609738,2.7216795831918716,5.536412820219994,1.9315460696816444,11.11670807003975,-2.885100804269314,-5.358190089464188,5.059362202882767,2.816994860768318,0.5745640955865383,-3.3432818949222565,1.9725659862160683,3.3942487090826035,4.986736178398132,2.995438687503338,-0.6043895147740841,8.064485386769022,2.419534081164745,2.4210253324775435
expAE02,NORCE_CISM5-MAR364-ERA-t1-nonlocal,/Volumes/CrucialX8/computing/data/antarctica/ismip6_hackathon/ComputedScalarsHelene/expAE02/shelfmelt/computed_shelfmelt_AIS_NORCE_CISM5-MAR364-ERA-t1-nonlocal_expAE02.nc,0.7369827479124069,5.044229328632355,2.6318151503801346,4.428855702280998,6.371704488992691,0.4299457184970379,-0.01978327927645296,1.8012896180152893,2.064196951687336,2.2163204848766327,12.672574818134308,-2.1559003740549088,-5.421521887183189,4.789663851261139,1.401964109390974,1.8452998250722885,-3.199819102883339,1.0098443366587162,3.4277714788913727,5.047351494431496,3.012925200164318,-0.5396401975303888,8.670477076029194,2.809099898476963,4.428855881199951
expAE02,NORCE_CISM5-MAR364-ERA-t1,/Volumes/CrucialX8/computing/data/antarctica/ismip6_hackathon/ComputedScalarsHelene/expAE02/shelfmelt/computed_shelfmelt_AIS_NORCE_CISM5-MAR364-ERA-t1_expAE02.nc,0.4308559466153383,3.0261818319559097,2.504982613027096,3.494386002421379,6.744410842657089,-0.7629532366991043,-0.17745199147611856,4.34037558734417,4.624319821596146,2.0814163610339165,9.900666028261185,-0.07954949978739023,0.17365228850394487,2.879323996603489,0.6196928210556507,0.4125031642615795,1.3792810030281544,0.7767652627080679,3.1641673296689987,4.3695103377103806,2.6575854048132896,0.9438004344701767,7.862468298100849,1.2372281717295217,3.494386123528153
expAE02,PIK_PISM,/Volumes/CrucialX8/computing/data/antarctica/ismip6_hackathon/ComputedScalarsHelene/expAE02/shelfmelt/computed_shelfmelt_AIS_PIK_PISM_expAE02.nc,-18.020352721214294,0.32830836717039347,-24.813032150268555,-33.1587553024292,-2.6790278032422066,-0.3993599209934473,5.483675375580788,25.683480501174927,-52.31090188026428,-40.88335931301117,6.109213083982468,-8.116942644119263,-4.635294154286385,-28.186702728271484,-52.841103076934814,-82.54647254943848,-84.95232462882996,-4.869717359542847,-7.149568200111389,-2.7886606752872467,-6.518398225307465,-68.68908405303955,1.0215825856996947,0.040070238874927895,-33.15875655789117
expAE02,UCM_Yelmo,/Volumes/CrucialX8/computing/data/antarctica/ismip6_hackathon/ComputedScalarsHelene/expAE02/shelfmelt/computed_shelfmelt_AIS_UCM_Yelmo_expAE02.nc,-23.88571798801422,-0.569159584119916,-32.312774658203125,-57.2323203086853,-1.180389802902937,-0.7859338074922562,2.8897184878587723,-35.94675064086914,-23.71143251657486,3.4836750477552414,-6.106732040643692,20.57957947254181,-4.210536926984787,-39.71741497516632,0.2984612714499235,-0.8751517161726952,-12.296292185783386,-50.32670497894287,-10.265758633613586,-9.24149602651596,-9.942688792943954,-22.352108359336853,-3.054249201556559,-0.679236946743461,-57.232321529000544
expAE02,UCSD_ISSM,/Volumes/CrucialX8/computing/data/antarctica/ismip6_hackathon/ComputedScalarsHelene/expAE02/shelfmelt/computed_shelfmelt_AIS_UCSD_ISSM_expAE02.nc,-5.6945063173770905,5.3804196417331696,3.7247154861688614,35.73823571205139,2.9049085453152657,1.1767318472266197,6.408283859491348,48.0674684047699,0.3155068028718233,7.4650682508945465,4.424082860350609,-10.110524296760559,-23.75822812318802,1.4357120729982853,0.3281072713434696,-6.598380208015442,0.721418671309948,-7.05903172492981,3.588142618536949,4.743702337145805,3.5904377698898315,-4.292592406272888,3.48484683562251,3.5560040710589464,35.73823699107528
expAE02,ULB_fETISh-KoriBU1,/Volumes/CrucialX8/computing/data/antarctica/ismip6_hackathon/ComputedScalarsHelene/expAE02/shelfmelt/computed_shelfmelt_AIS_ULB_fETISh-KoriBU1_expAE02.nc,7.169889658689499,-0.36444098223000765,1.4957564882934093,5.111215636134148,15.268144011497498,-1.0657338425517082,-2.995861694216728,12.075839936733246,6.281198561191559,-27.313917875289917,10.527968406677246,0.010517121700104326,-4.092992842197418,-16.304856538772583,-17.311879992485046,-44.86842453479767,-25.446122884750366,3.4149806946516037,-1.0286584496498108,7.117334008216858,-3.4903373569250107,-20.163594186306,13.362103321807211,-0.7158160853070502,5.111215569838657
expAE02,ULB_fETISh-KoriBU2,/Volumes/CrucialX8/computing/data/antarctica/ismip6_hackathon/ComputedScalarsHelene/expAE02/shelfmelt/computed_shelfmelt_AIS_ULB_fETISh-KoriBU2_expAE02.nc,3.8441255688667297,2.0509835332632065,-2.528933063149452,10.51063984632492,20.454642176628113,0.11442526010796428,-1.0282031260430813,13.936351239681244,-2.962559461593628,-5.418316274881363,14.8286834359169,-0.9566555730998516,-2.7859611436724663,-13.656249642372131,-5.655021965503693,-0.980113260447979,-1.4710201881825924,-2.6864636689424515,4.5249249786138535,10.025101900100708,1.6082102432847023,-1.7881449311971664,18.171379503115496,1.073707987811349,10.510640016908338
expAE02,UNN_Ua,/Volumes/CrucialX8/computing/data/antarctica/ismip6_hackathon/ComputedScalarsHelene/expAE02/shelfmelt/computed_shelfmelt_AIS_UNN_Ua_expAE02.nc,-6.979504227638245,-2.8197990730404854,-0.41958424262702465,42.633071541786194,5.04925437271595,-1.6747070476412773,-12.532360851764679,15.055379271507263,0.36202725023031235,-15.192118287086487,0.2729265717789531,-33.64187777042389,-16.77917093038559,0.34448225051164627,-6.278892606496811,-16.13558530807495,-2.9451243579387665,-28.491023182868958,-1.6257485374808311,1.951410435140133,-3.695676103234291,-12.967009842395782,3.2414386956990273,-2.2973740593707848,42.633070315200605
expAE02,UTAS_ElmerIce,/Volumes/CrucialX8/computing/data/antarctica/ismip6_hackathon/ComputedScalarsHelene/expAE02/shelfmelt/computed_shelfmelt_AIS_UTAS_ElmerIce_expAE02.nc,-6.537241488695145,5.362481251358986,8.333911001682281,-27.300751209259033,10.959582775831223,0.40890038944780827,16.050083935260773,21.4385986328125,3.18724624812603,2.2197509184479713,10.040079057216644,3.2024741172790527,0.9480427950620651,-19.90649551153183,3.2555099576711655,-2.3697057738900185,2.2093193605542183,-4.704421758651733,3.9887655526399612,6.150887161493301,2.9706696048378944,-1.5825923532247543,10.606581077323963,3.099983741478724,-27.300752383213617
expAE02,VUB_AISMPALEO,/Volumes/CrucialX8/computing/data/antarctica/ismip6_hackathon/ComputedScalarsHelene/expAE02/shelfmelt/computed_shelfmelt_AIS_VUB_AISMPALEO_expAE02.nc,16.641324758529663,4.108037054538727,1.0669207200407982,6.1088163405656815,16.320928931236267,0.5918779410421848,0.0,0.0,5.508774146437645,0.0,10.682429373264313,0.0,0.0,0.0,0.0,2.5715183466672897,1.3281239196658134,23.888668417930603,6.158192455768585,9.59358811378479,3.211243823170662,2.5256548076868057,14.24833258504087,2.5345264413140245,6.108816267550984
expAE02,VUW_PISM1,/Volumes/CrucialX8/computing/data/antarctica/ismip6_hackathon/ComputedScalarsHelene/expAE02/shelfmelt/computed_shelfmelt_AIS_VUW_PISM1_expAE02.nc,-27.26168930530548,9.44632813334465,-5.557513982057571,-13.250403106212616,-59.25371050834656,-38.90082836151123,-39.40802812576294,-35.31336784362793,-46.64700925350189,-15.211176872253418,-62.46737837791443,22.017689049243927,-19.26375925540924,-20.916463434696198,-56.65255784988403,-85.09937524795532,-63.319242000579834,-26.594310998916626,-33.9079350233078,-23.345740139484406,-40.696340799331665,-51.978880167007446,-60.52162968125812,-13.205426868598044,-13.250402362747915
expAE02,VUW_PISM1_s1,/Volumes/CrucialX8/computing/data/antarctica/ismip6_hackathon/ComputedScalarsHelene/expAE02/shelfmelt/computed_shelfmelt_AIS_VUW_PISM1_s1_expAE02.nc,-25.954878330230713,9.515780955553055,-4.130924865603447,-18.551258742809296,-56.74331188201904,-40.11449217796326,-2.5283966213464737,-28.346455097198486,-41.91420078277588,-11.003578454256058,-59.3619704246521,10.211631655693054,-22.960521280765533,4.419310018420219,-56.77082538604736,-81.10029697418213,-64.20823335647583,-22.77323007583618,-31.791681051254272,-22.337205708026886,-37.6579225063324,-49.63502883911133,-57.77751053004651,-13.731250455138897,-18.551258252505338
expAE02,VUW_PISM1_s2,/Volumes/CrucialX8/computing/data/antarctica/ismip6_hackathon/ComputedScalarsHelene/expAE02/shelfmelt/computed_shelfmelt_AIS_VUW_PISM1_s2_expAE02.nc,-28.074395656585693,8.516903221607208,-4.599471762776375,-27.637922763824463,-59.77222919464111,-39.64630663394928,-35.223281383514404,-44.81072425842285,-49.66470003128052,-5.099997296929359,-65.04026651382446,17.873722314834595,-16.277846693992615,-30.69503605365753,-59.186869859695435,-80.61496019363403,-63.24437856674194,-26.24337077140808,-34.61039364337921,-24.57159012556076,-41.248637437820435,-50.61895251274109,-61.856067906266496,-14.062770627064086,-27.63792178350588
expAE02,VUW_PISM1_s3,/Volumes/CrucialX8/computing/data/antarctica/ismip6_hackathon/ComputedScalarsHelene/expAE02/shelfmelt/computed_shelfmelt_AIS_VUW_PISM1_s3_expAE02.nc,-24.29586499929428,10.854050517082214,-2.265731990337372,-12.303990870714188,-53.374820947647095,-40.22946059703827,-42.819005250930786,-35.3110671043396,-47.36798703670502,-13.776275515556335,-64.39486742019653,8.489356189966202,-1.4524723403155804,-16.950424015522003,-55.33818006515503,-84.77530479431152,-66.39517545700073,-23.90267550945282,-32.5297474861145,-19.86396610736847,-40.968409180641174,-51.8618106842041,-57.722670912724006,-13.079750405361823,-12.303990996518657
expAE02,VUW_PISM1_s4,/Volumes/CrucialX8/computing/data/antarctica/ismip6_hackathon/ComputedScalarsHelene/expAE02/shelfmelt/computed_shelfmelt_AIS_VUW_PISM1_s4_expAE02.nc,-24.967651069164276,8.483559638261795,-2.2777488455176353,-18.06022971868515,-65.86681008338928,-40.444496273994446,-45.31460404396057,-35.50591468811035,-47.35589623451233,-10.549065470695496,-62.954407930374146,4.967904090881348,-15.744991600513458,-6.840108335018158,-57.110583782196045,-86.12629175186157,-63.695669174194336,-25.25787055492401,-35.09568274021149,-26.402997970581055,-40.45511484146118,-51.750755310058594,-64.71775147820476,-14.44036110680238,-18.060230154216097
expAE02,VUW_PISM2,/Volumes/CrucialX8/computing/data/antarctica/ismip6_hackathon/ComputedScalarsHelene/expAE02/shelfmelt/computed_shelfmelt_AIS_VUW_PISM2_expAE02.nc,-12.778815627098083,13.005295395851135,1.6015687957406044,-9.149380773305893,-46.731388568878174,-40.68030118942261,-35.93387007713318,-27.891525626182556,-44.70630586147308,-13.973245024681091,-62.34171986579895,35.481128096580505,-3.1447608023881912,6.498564034700394,-45.80738842487335,-70.76601982116699,-63.53643536567688,-19.432565569877625,-28.623858094215393,-15.25724083185196,-37.87704408168793,-46.1039662361145,-52.87857190779193,-12.18836257858972,-9.149380841589386
expAE02,VUW_PISM2_s1,/Volumes/CrucialX8/computing/data/antarctica/ismip6_hackathon/ComputedScalarsHelene/expAE02/shelfmelt/computed_shelfmelt_AIS_VUW_PISM2_s1_expAE02.nc,-10.277905315160751,12.62912005186081,2.604404091835022,-12.00641393661499,-41.28239452838898,-41.118115186691284,5.11605404317379,-18.965458869934082,-45.47255337238312,-12.368141859769821,-59.55766439437866,32.503730058670044,-8.736710995435715,21.24578058719635,-44.20510530471802,-75.58314800262451,-66.68457388877869,-21.45637720823288,-26.652774214744568,-13.017496466636658,-35.502734780311584,-48.95917773246765,-48.49883851414473,-12.545205047751132,-12.006413576588844
expAE02,VUW_PISM2_s2,/Volumes/CrucialX8/computing/data/antarctica/ismip6_hackathon/ComputedScalarsHelene/expAE02/shelfmelt/computed_shelfmelt_AIS_VUW_PISM2_s2_expAE02.nc,-18.060308694839478,12.415144592523575,0.423130439594388,-18.03736239671707,-51.0918915271759,-40.81640839576721,-1.7582571133971214,-38.00041675567627,-46.57426178455353,-9.666191786527634,-65.52609205245972,33.09544920921326,-8.630631119012833,-15.270081162452698,-47.762706875801086,-69.83664035797119,-64.33701515197754,-21.45562618970871,-30.570074915885925,-18.056535720825195,-39.27907347679138,-46.87195420265198,-56.80072828507294,-12.557485250787542,-18.037362576425576
expAE02,VUW_PISM2_s3,/Volumes/CrucialX8/computing/data/antarctica/ismip6_hackathon/ComputedScalarsHelene/expAE02/shelfmelt/computed_shelfmelt_AIS_VUW_PISM2_s3_expAE02.nc,-7.201451063156128,11.68443039059639,8.642681688070297,-14.282864332199097,-47.58089482784271,-41.08750522136688,-23.485396802425385,-31.225216388702393,-45.29663026332855,-13.248509168624878,-64.22395706176758,33.75350832939148,-1.7852073535323143,-4.296945407986641,-45.89470326900482,-69.68473196029663,-64.08305764198303,-20.276816189289093,-29.22614812850952,-15.599735081195831,-38.75507414340973,-46.37533724308014,-54.14610008182712,-13.081161342243503,-14.282865076974746
expAE02,VUW_PISM2_s4,/Volumes/CrucialX8/computing/data/antarctica/ismip6_hackathon/ComputedScalarsHelene/expAE02/shelfmelt/computed_shelfmelt_AIS_VUW_PISM2_s4_expAE02.nc,-14.094248414039612,12.679189443588257,4.675674811005592,-5.537108704447746,-46.190083026885986,-41.50024950504303,-7.937045395374298,-23.053133487701416,-45.163366198539734,-9.859313070774078,-61.94595694541931,32.02648460865021,-2.757035009562969,3.728938475251198,-46.22661769390106,-70.02891898155212,-63.509368896484375,-22.267597913742065,-28.03928852081299,-14.821472764015198,-36.97190284729004,-47.10228443145752,-52.405316732813134,-12.746936200069142,-5.53710859755309
expAE03,DC_ISSM,/Volumes/CrucialX8/computing/data/antarctica/ismip6_hackathon/ComputedScalarsHelene/expAE03/shelfmelt/computed_shelfmelt_AIS_DC_ISSM_expAE03.nc,-17.242273688316345,15.515421330928802,-15.131454169750214,39.8910790681839,7.524727284908295,3.646894171833992,43.730318546295166,89.60803747177124,11.808272451162338,22.389379143714905,11.708126217126846,57.682448625564575,34.306418895721436,0.09411968057975173,8.141747117042542,6.125582009553909,12.563736736774445,-45.41272819042206,9.44095253944397,9.504501521587372,12.553359568119049,-11.98309138417244,9.141447726433242,10.072694230352235,39.891079614061844
expAE03,IGE_ElmerIce,/Volumes/CrucialX8/computing/data/antarctica/ismip6_hackathon/ComputedScalarsHelene/expAE03/shelfmelt/computed_shelfmelt_AIS_IGE_ElmerIce_expAE03.nc,-75.22398233413696,7.054989784955978,-26.260241866111755,-30.261197686195374,3.20480614900589,-6.88135102391243,0.7506225723773241,35.774075984954834,-4.565426707267761,-7.481866329908371,3.1655114144086838,-34.56450700759888,-1.7129870131611824,-3.5243622958660126,-27.725738286972046,-34.122028946876526,-19.28674429655075,-72.37349152565002,-6.950687617063522,-1.449496392160654,-6.278378516435623,-43.04834306240082,3.1897961038941025,0.7035534577707163,-30.261198552414143
expAE03,ILTS_SICOPOLIS,/Volumes/CrucialX8/computing/data/antarctica/ismip6_hackathon/ComputedScalarsHelene/expAE03/shelfmelt/computed_shelfmelt_AIS_ILTS_SICOPOLIS_expAE03.nc,-65.20008444786072,10.575884580612183,-74.06326532363892,-41.140228509902954,10.532838106155396,1.9868271425366402,1.8222792074084282,5.919717252254486,10.082666575908661,8.687110990285873,7.477382570505142,-0.6413862109184265,-0.6350063253194094,5.803625658154488,3.0241653323173523,-0.2154441550374031,0.6794977001845837,-74.72624778747559,0.5001355893909931,-1.0186069644987583,5.19980862736702,-26.095882058143616,9.341448357942527,7.028593368319096,-41.140229195314745
expAE03,LSCE_GRISLI2,/Volumes/CrucialX8/computing/data/antarctica/ismip6_hackathon/ComputedScalarsHelene/expAE03/shelfmelt/computed_shelfmelt_AIS_LSCE_GRISLI2_expAE03.nc,-84.31637287139893,-22.152070701122284,-79.3057382106781,-51.19354724884033,13.393080234527588,0.7068272214382887,-5.512802302837372,-11.941499263048172,1.5370765700936317,-33.419740200042725,5.785705894231796,-17.861540615558624,-25.079986453056335,-31.5166175365448,-28.12398076057434,-14.740638434886932,-10.753517597913742,-87.19155192375183,-12.83259242773056,-13.92998993396759,-6.939668953418732,-45.770496129989624,10.294877077107008,-11.368346557019777,-51.19354924198465
expAE03,LSCE_GRISLI,/Volumes/CrucialX8/computing/data/antarctica/ismip6_hackathon/ComputedScalarsHelene/expAE03/shelfmelt/computed_shelfmelt_AIS_LSCE_GRISLI_expAE03.nc,-87.06398606300354,13.76601755619049,-91.46485924720764,-34.12228524684906,23.756419122219086,-9.768176078796387,-26.04365050792694,-34.15667414665222,23.90790432691574,-34.35750603675842,12.011081725358963,-34.54425632953644,-36.05303168296814,-41.63945913314819,-27.43111550807953,-5.877326056361198,-2.869243733584881,-89.7466778755188,-5.7143595069646835,4.807838425040245,-9.479202330112457,-43.371304869651794,19.042388479173695,2.791602752791326,-34.12228649394075
expAE03,NCAR_CISM1,/Volumes/CrucialX8/computing/data/antarctica/ismip6_hackathon/ComputedScalarsHelene/expAE03/shelfmelt/computed_shelfmelt_AIS_NCAR_CISM1_expAE03.nc,15.684846043586731,18.029804527759552,11.162157356739044,25.796955823898315,6.47103413939476,2.8066055849194527,9.961647540330887,1.5160069800913334,7.803750783205032,17.850816249847412,8.738438785076141,0.859298650175333,2.9154255986213684,6.494137644767761,7.1743980050086975,0.6745227612555027,3.9105411618947983,-16.780398786067963,8.860906958580017,12.618352472782135,7.452863454818726,-4.740796238183975,7.326553050275473,10.810295250905282,25.796957209072062
expAE03,NCAR_CISM2,/Volumes/CrucialX8/computing/data/antarctica/ismip6_hackathon/ComputedScalarsHelene/expAE03/shelfmelt/computed_shelfmelt_AIS_NCAR_CISM2_expAE03.nc,23.79610538482666,23.53784292936325,24.360664188861847,47.078827023506165,14.969760179519653,3.4360237419605255,21.683190762996674,17.107252776622772,8.051837980747223,13.604266941547394,12.7602219581604,-5.03343902528286,-2.213873900473118,9.503855556249619,15.47078788280487,2.466277964413166,3.6555271595716476,-6.498603522777557,13.627804815769196,20.822034776210785,9.64733436703682,-0.8294303901493549,14.111743156388822,14.401138820632795,47.078826653309676
expAE03,NORCE_CISM2-MAR364-ERA-t1,/Volumes/CrucialX8/computing/data/antarctica/ismip6_hackathon/ComputedScalarsHelene/expAE03/shelfmelt/computed_shelfmelt_AIS_NORCE_CISM2-MAR364-ERA-t1_expAE03.nc,21.56127244234085,18.284615874290466,25.61545968055725,25.88827610015869,9.858687222003937,2.1883346140384674,11.318621784448624,20.521743595600128,7.8519947826862335,16.62505865097046,12.612394988536835,-4.097969084978104,1.9035475328564644,6.471338123083115,5.6008487939834595,0.6420143414288759,-0.20728274248540401,16.278977692127228,11.04530245065689,15.384039282798767,8.157552778720856,6.256257742643356,10.834028139544111,10.544729054719811,25.888274997800444
expAE03,NORCE_CISM3-MAR364-ERA-t1-local,/Volumes/CrucialX8/computing/data/antarctica/ismip6_hackathon/ComputedScalarsHelene/expAE03/shelfmelt/computed_shelfmelt_AIS_NORCE_CISM3-MAR364-ERA-t1-local_expAE03.nc,8.507268875837326,21.203984320163727,11.223756521940231,10.089226812124252,4.212214425206184,1.6606736928224564,-2.273048274219036,7.141757011413574,5.448514595627785,12.737827003002167,10.78798845410347,-3.9664387702941895,0.15258737839758396,1.5610725618898869,1.9612902775406837,-1.4329602010548115,-2.9962753877043724,11.756759881973267,7.81162828207016,11.80935651063919,5.35358153283596,2.82564964145422,6.5749767174372975,11.783234985120087,10.08922691221987
expAE03,NORCE_CISM3-MAR364-ERA-t1-nonlocal,/Volumes/CrucialX8/computing/data/antarctica/ismip6_hackathon/ComputedScalarsHelene/expAE03/shelfmelt/computed_shelfmelt_AIS_NORCE_CISM3-MAR364-ERA-t1-nonlocal_expAE03.nc,9.85654890537262,19.439980387687683,11.957482993602753,8.294519037008286,3.8549497723579407,0.7207922637462616,-3.1051527708768845,5.856088921427727,2.9749153181910515,9.163829684257507,9.296104311943054,-3.874139115214348,-0.053611164912581444,2.0668867975473404,1.6162509098649025,-0.7667211350053549,-2.1404825150966644,6.138433888554573,6.660216301679611,10.99197342991829,3.999173268675804,1.245361566543579,5.8098234873783765,10.412514204303536,8.294519254601841
expAE03,NORCE_CISM3-MAR364-ERA-t1,/Volumes/CrucialX8/computing/data/antarctica/ismip6_hackathon/ComputedScalarsHelene/expAE03/shelfmelt/computed_shelfmelt_AIS_NORCE_CISM3-MAR364-ERA-t1_expAE03.nc,13.790057599544525,21.528643369674683,17.751508951187134,27.225899696350098,5.984579771757126,1.2367519550025463,4.672498628497124,13.635307550430298,8.510039746761322,13.55510801076889,11.33483424782753,-0.9404351934790611,0.5556294228881598,6.5156228840351105,2.5987040251493454,1.898074522614479,-2.6123439893126488,12.880228459835052,9.501204639673233,14.215576648712158,6.515248119831085,4.203052073717117,7.907809107107358,11.740638493185587,27.22589962319748
expAE03,NORCE_CISM4-MAR364-ERA-t1-local,/Volumes/CrucialX8/computing/data/antarctica/ismip6_hackathon/ComputedScalarsHelene/expAE03/shelfmelt/computed_shelfmelt_AIS_NORCE_CISM4-MAR364-ERA-t1-local_expAE03.nc,10.597850382328033,22.10710197687149,11.528987437486649,3.3879242837429047,4.269706457853317,2.5431230664253235,0.45732278376817703,3.2562557607889175,11.702007055282593,12.656615674495697,9.573102742433548,0.1952540362253785,1.3477048836648464,3.7321753799915314,3.5748016089200974,0.521926861256361,-4.1138846427202225,-1.3536506332457066,7.85270631313324,12.028594315052032,6.213550642132759,-1.9556861370801926,6.2220851013317,12.715059249895596,3.3879243415338647
expAE03,NORCE_CISM4-MAR364-ERA-t1-nonlocal,/Volumes/CrucialX8/computing/data/antarctica/ismip6_hackathon/ComputedScalarsHelene/expAE03/shelfmelt/computed_shelfmelt_AIS_NORCE_CISM4-MAR364-ERA-t1-nonlocal_expAE03.nc,9.293386340141296,17.007559537887573,11.275585740804672,1.625652052462101,4.055838659405708,3.1605836004018784,1.008017174899578,1.9835157319903374,9.102363139390945,8.147092163562775,8.316365629434586,0.9235394187271595,0.3720686072483659,2.748679742217064,2.946828305721283,1.0020953603088856,-0.38054354954510927,-6.614851206541061,6.3226379454135895,9.779544174671173,5.072983726859093,-2.254287712275982,5.639371820423161,10.361510574514844,1.6256521382772566
expAE03,NORCE_CISM4-MAR364-ERA-t1,/Volumes/CrucialX8/computing/data/antarctica/ismip6_hackathon/ComputedScalarsHelene/expAE03/shelfmelt/computed_shelfmelt_AIS_NORCE_CISM4-MAR364-ERA-t1_expAE03.nc,9.29574966430664,18.3197021484375,13.550440967082977,13.685058057308197,3.750784695148468,0.6995614618062973,0.24248412810266018,10.175008326768875,10.554230213165283,10.424243658781052,8.65354835987091,-0.13436065055429935,0.7391677238047123,6.184261292219162,2.3734034970402718,0.39444430731236935,-4.513285309076309,10.408059507608414,7.353968173265457,11.051114648580551,5.3024522960186005,1.7453411594033241,5.526027026104266,9.999835299172505,13.68505736518453
expAE03,NORCE_CISM4-MAR364-JRA-t1,/Volumes/CrucialX8/computing/data/antarctica/ismip6_hackathon/ComputedScalarsHelene/expAE03/shelfmelt/computed_shelfmelt_AIS_NORCE_CISM4-MAR364-JRA-t1_expAE03.nc,8.38921070098877,8.404292911291122,13.76049816608429,13.502664864063263,3.9887845516204834,0.976891815662384,0.15301243402063847,11.030802875757217,9.641072899103165,8.975650370121002,7.551982253789902,-1.026867888867855,0.6462612189352512,5.166729539632797,2.309952676296234,0.4308314062654972,-3.3892590552568436,10.059955716133118,5.577642470598221,7.2061046957969666,4.839387536048889,2.133878692984581,5.29473392694723,4.906706894620667,13.502665274255115
expAE03,NORCE_CISM5-MAR364-ERA-t1-local,/Volumes/CrucialX8/computing/data/antarctica/ismip6_hackathon/ComputedScalarsHelene/expAE03/shelfmelt/computed_shelfmelt_AIS_NORCE_CISM5-MAR364-ERA-t1-local_expAE03.nc,5.40015734732151,23.947279155254364,7.962232083082199,-5.734798684716225,4.47213314473629,2.3420119658112526,-0.1422880101017654,-3.4431032836437225,7.47874453663826,3.8396045565605164,8.30666869878769,-0.013714417582377791,0.570550374686718,2.7181124314665794,3.032301552593708,0.27881201822310686,-6.615946441888809,-18.244141340255737,5.163182318210602,11.113560944795609,3.549009934067726,-9.148284792900085,5.847044090655761,13.338377573477759,-5.734798624823386
expAE03,NORCE_CISM5-MAR364-ERA-t1-nonlocal,/Volumes/CrucialX8/computing/data/antarctica/ismip6_hackathon/ComputedScalarsHelene/expAE03/shelfmelt/computed_shelfmelt_AIS_NORCE_CISM5-MAR364-ERA-t1-nonlocal_expAE03.nc,4.343478754162788,21.93428725004196,9.92206335067749,-13.930512964725494,3.7873253226280212,1.9414320588111877,-0.04469715349841863,-0.23570703342556953,3.7056829780340195,6.578594446182251,7.601648569107056,0.5456228274852037,-0.34363395534455776,1.9755061715841293,2.1087955683469772,1.5308728441596031,-0.8677773177623749,-18.665891885757446,4.808290675282478,9.860622137784958,3.361717239022255,-6.815170496702194,5.178955331973594,12.25167860215782,-13.930512367218078
expAE03,NORCE_CISM5-MAR364-ERA-t1,/Volumes/CrucialX8/computing/data/antarctica/ismip6_hackathon/ComputedScalarsHelene/expAE03/shelfmelt/computed_shelfmelt_AIS_NORCE_CISM5-MAR364-ERA-t1_expAE03.nc,5.754278972744942,15.475578606128693,10.13430505990982,8.871636539697647,3.4392084926366806,0.005585702820098959,0.031117742764763534,2.5416817516088486,4.08875048160553,7.765072584152222,5.780726671218872,-0.052271701861172915,0.665435753762722,3.4615177661180496,1.3502715155482292,0.38179962430149317,-1.7099346965551376,-4.435634985566139,4.869662597775459,9.039352089166641,2.998119220137596,-2.1860331296920776,4.268695417660115,8.172542927292364,8.871636665940377
expAE03,PIK_PISM,/Volumes/CrucialX8/computing/data/antarctica/ismip6_hackathon/ComputedScalarsHelene/expAE03/shelfmelt/computed_shelfmelt_AIS_PIK_PISM_expAE03.nc,-23.28931987285614,-78.6702573299408,-51.75660848617554,-57.05288648605347,5.44133335351944,-98.22313785552979,21.801063418388367,-35.037076473236084,-77.29164361953735,-74.98806715011597,3.679739683866501,-67.18157529830933,0.1626389566808939,-28.150179982185364,-54.67984080314636,-91.25586748123169,-83.11715722084045,-19.23457831144333,-53.51605415344238,-47.391337156295776,-59.09880995750427,-73.47906231880188,4.699426851731393,-86.4156374304319,-57.052882863784724
expAE03,UCM_Yelmo,/Volumes/CrucialX8/computing/data/antarctica/ismip6_hackathon/ComputedScalarsHelene/expAE03/shelfmelt/computed_shelfmelt_AIS_UCM_Yelmo_expAE03.nc,-85.24245023727417,-10.862789303064346,-71.44903540611267,-81.43503665924072,7.244709134101868,-4.193688184022903,7.500848174095154,-29.533404111862183,-0.16186716966331005,7.054794579744339,6.436213105916977,30.700013041496277,1.4433657750487328,-26.575347781181335,4.909445717930794,-2.5344230234622955,-10.139183700084686,-87.86101341247559,-11.101648211479187,-17.492292821407318,-3.7474501878023148,-35.441854596138,6.93717728419735,-7.476237837464862,-81.43503163101326
expAE03,UCSD_ISSM,/Volumes/CrucialX8/computing/data/antarctica/ismip6_hackathon/ComputedScalarsHelene/expAE03/shelfmelt/computed_shelfmelt_AIS_UCSD_ISSM_expAE03.nc,-7.599864155054092,6.861863285303116,4.208138212561607,70.95295190811157,3.502841666340828,1.4694368466734886,9.236349165439606,27.93889343738556,1.2861980125308037,11.136939376592636,4.760386422276497,-4.602137580513954,-18.320949375629425,2.1472686901688576,1.2925654649734497,-6.608098745346069,0.721418671309948,-5.808287113904953,4.82402928173542,6.761439889669418,4.1946206241846085,-3.7849683314561844,3.982903882501225,4.521530820303839,70.95295048813128
expAE03,ULB_fETISh-KoriBU1,/Volumes/CrucialX8/computing/data/antarctica/ismip6_hackathon/ComputedScalarsHelene/expAE03/shelfmelt/computed_shelfmelt_AIS_ULB_fETISh-KoriBU1_expAE03.nc,13.429096341133118,16.09206199645996,-22.371701896190643,7.3039621114730835,12.84952461719513,0.8255239576101303,1.1488552205264568,11.538971215486526,13.545413315296173,-29.154324531555176,9.897863119840622,-2.900548093020916,-5.448200553655624,-7.389257103204727,-22.39457368850708,-47.68173396587372,-26.424244046211243,6.825027614831924,0.6783820688724518,10.672000795602798,-2.827800065279007,-20.132426917552948,11.662651557114124,8.442930653914445,7.303961934572602
expAE03,ULB_fETISh-KoriBU2,/Volumes/CrucialX8/computing/data/antarctica/ismip6_hackathon/ComputedScalarsHelene/expAE03/shelfmelt/computed_shelfmelt_AIS_ULB_fETISh-KoriBU2_expAE03.nc,-2.882715128362179,13.946117460727692,-15.714822709560394,7.528296858072281,15.881626307964325,1.1922013945877552,4.1253093630075455,14.521270990371704,1.4883424155414104,11.221785843372345,11.956081539392471,0.0,-1.38852559030056,2.2675998508930206,4.000172391533852,-0.980113260447979,0.7273947354406118,-11.82965561747551,6.847640872001648,10.961341857910156,5.748584121465683,-3.830498084425926,14.28846687899946,7.509910307175735,7.528297169902455
expAE03,UNN_Ua,/Volumes/CrucialX8/computing/data/antarctica/ismip6_hackathon/ComputedScalarsHelene/expAE03/shelfmelt/computed_shelfmelt_AIS_UNN_Ua_expAE03.nc,-3.358691930770874,11.440549045801163,6.781476736068726,30.070269107818604,3.4124262630939484,-0.35048769786953926,-6.80997371673584,3.9237774908542633,2.6002516970038414,-9.869103878736496,-0.07349836523644626,-38.917601108551025,-26.8943190574646,-4.005062580108643,-6.1998151242733,-16.13558530807495,-2.9451243579387665,-33.124420046806335,1.3629145920276642,7.749508321285248,-2.815123088657856,-13.940702378749847,2.093021718381473,6.061128052782847,30.070267664698374
expAE03,UTAS_ElmerIce,/Volumes/CrucialX8/computing/data/antarctica/ismip6_hackathon/ComputedScalarsHelene/expAE03/shelfmelt/computed_shelfmelt_AIS_UTAS_ElmerIce_expAE03.nc,-66.6550874710083,13.752856850624084,-50.45241713523865,-55.043548345565796,8.878744393587112,1.5024376101791859,21.158966422080994,23.73412996530533,4.451246559619904,7.658643275499344,8.805443346500397,-2.0081909373402596,-0.38602249696850777,-21.826812624931335,3.3027969300746918,-5.241603776812553,0.9806087240576744,-59.78167653083801,0.8786066435277462,1.4215138740837574,3.8892585784196854,-23.563818633556366,8.85060566769763,8.156904331431889,-55.04354787865883
expAE03,VUB_AISMPALEO,/Volumes/CrucialX8/computing/data/antarctica/ismip6_hackathon/ComputedScalarsHelene/expAE03/shelfmelt/computed_shelfmelt_AIS_VUB_AISMPALEO_expAE03.nc,-100.0,8.834215253591537,-100.0,-100.0,12.223094701766968,1.1807224713265896,-5.389812961220741,-77.20438241958618,2.196018770337105,-0.0387921289075166,7.1528129279613495,0.0,-78.19904685020447,-0.06341994740068913,0.4996082279831171,0.0,0.0,-100.0,1.2516959570348263,1.769295334815979,1.1051496490836143,-2.5743909180164337,10.359363637650967,5.4092131009435755,-100.0
expAE03,VUW_PISM1,/Volumes/CrucialX8/computing/data/antarctica/ismip6_hackathon/ComputedScalarsHelene/expAE03/shelfmelt/computed_shelfmelt_AIS_VUW_PISM1_expAE03.nc,-78.25235724449158,-62.53277063369751,-52.568256855010986,-40.16045928001404,-34.17779207229614,-90.57063460350037,-51.60375237464905,-32.419660687446594,-43.51513087749481,-17.543967068195343,-8.870043605566025,19.639454782009125,-23.80804419517517,5.138802155852318,-66.9357419013977,-72.27542996406555,-61.77641153335571,-73.40381741523743,-48.27095866203308,-49.588340520858765,-44.49625015258789,-68.96803379058838,-24.192873143222997,-75.66915345427975,-40.16046002389507
expAE03,VUW_PISM1_s1,/Volumes/CrucialX8/computing/data/antarctica/ismip6_hackathon/ComputedScalarsHelene/expAE03/shelfmelt/computed_shelfmelt_AIS_VUW_PISM1_s1_expAE03.nc,-68.95298957824707,-61.07029914855957,-52.24232077598572,-30.661740899086,-33.658552169799805,-90.63587784767151,-34.58409607410431,-37.178611755371094,-39.541253447532654,-21.856623888015747,-8.07264968752861,-2.8565622866153717,-26.08901560306549,28.69108021259308,-62.518590688705444,-74.81006979942322,-55.066925287246704,-77.08068490028381,-47.036534547805786,-47.83793389797211,-43.60375702381134,-68.70359778404236,-23.55377675465628,-74.91894128682095,-30.661741880261612
expAE03,VUW_PISM1_s2,/Volumes/CrucialX8/computing/data/antarctica/ismip6_hackathon/ComputedScalarsHelene/expAE03/shelfmelt/computed_shelfmelt_AIS_VUW_PISM1_s2_expAE03.nc,-80.2269995212555,-65.40220379829407,-56.90429210662842,-48.73344898223877,-34.396299719810486,-90.8875823020935,-51.60812735557556,-52.04342007637024,-47.50727415084839,-14.359201490879059,-11.779585480690002,17.161566019058228,-18.117165565490723,-14.407852292060852,-67.21951365470886,-75.88234543800354,-57.53665566444397,-76.63847804069519,-50.27660131454468,-51.64685845375061,-46.65043652057648,-69.65818405151367,-25.449965652546,-77.35015113628155,-48.733449250103945
expAE03,VUW_PISM1_s3,/Volumes/CrucialX8/computing/data/antarctica/ismip6_hackathon/ComputedScalarsHelene/expAE03/shelfmelt/computed_shelfmelt_AIS_VUW_PISM1_s3_expAE03.nc,-70.0203537940979,-64.39704298973083,-53.467994928359985,-41.86038374900818,-32.27646052837372,-90.99907279014587,-48.18717837333679,-43.50864291191101,-43.62799823284149,-22.713352739810944,-12.453307211399078,7.9444460570812225,-15.473461151123047,-1.9012657925486565,-67.38146543502808,-69.5138692855835,-60.0041925907135,-77.08044052124023,-49.41067695617676,-49.31434988975525,-46.95076942443848,-69.34255957603455,-24.455434444953923,-76.86070719457257,-41.860383985886955
expAE03,VUW_PISM1_s4,/Volumes/CrucialX8/computing/data/antarctica/ismip6_hackathon/ComputedScalarsHelene/expAE03/shelfmelt/computed_shelfmelt_AIS_VUW_PISM1_s4_expAE03.nc,-79.86270189285278,-64.77125883102417,-55.70265054702759,-42.56504774093628,-34.07585620880127,-91.4575457572937,-50.628459453582764,-39.59641754627228,-42.549067735672,-16.335006058216095,-8.835379034280777,4.639699310064316,-22.729741036891937,-8.465518802404404,-67.25443005561829,-70.24701833724976,-59.06688570976257,-77.44272947311401,-49.38523769378662,-50.88307857513428,-45.55344581604004,-69.3119466304779,-24.117477686796224,-77.27439708705822,-42.565048518121536
expAE03,VUW_PISM2,/Volumes/CrucialX8/computing/data/antarctica/ismip6_hackathon/ComputedScalarsHelene/expAE03/shelfmelt/computed_shelfmelt_AIS_VUW_PISM2_expAE03.nc,-52.03905701637268,-58.6392343044281,-44.842010736465454,-32.74501860141754,-28.226041793823242,-90.18049240112305,-30.86530864238739,-31.343701481819153,-44.117650389671326,-14.952516555786133,-2.213536947965622,20.857547223567963,-10.385733097791672,13.55358511209488,-54.162585735321045,-65.07275104522705,-59.663939476013184,-65.55752158164978,-43.05979907512665,-43.31662952899933,-40.250229835510254,-63.334721326828,-17.982590775425688,-73.44096624611926,-32.74501754373189
expAE03,VUW_PISM2_s1,/Volumes/CrucialX8/computing/data/antarctica/ismip6_hackathon/ComputedScalarsHelene/expAE03/shelfmelt/computed_shelfmelt_AIS_VUW_PISM2_s1_expAE03.nc,-49.497219920158386,-57.76864290237427,-41.13020896911621,-37.89115846157074,-26.9735187292099,-90.62066078186035,-14.239342510700226,-16.600146889686584,-41.44081771373749,-17.119809985160828,-1.5656143426895142,13.761928677558899,-7.342676818370819,61.50144934654236,-50.63795447349548,-66.54195189476013,-57.39288926124573,-68.95050406455994,-41.150641441345215,-42.276009917259216,-37.22221255302429,-64.3220841884613,-16.940578488501355,-73.15599187466213,-37.89115969733121
expAE03,VUW_PISM2_s2,/Volumes/CrucialX8/computing/data/antarctica/ismip6_hackathon/ComputedScalarsHelene/expAE03/shelfmelt/computed_shelfmelt_AIS_VUW_PISM2_s2_expAE03.nc,-58.179110288619995,-60.336118936538696,-48.11981022357941,-43.08904707431793,-29.52408790588379,-90.44748544692993,-21.69041633605957,-40.881264209747314,-46.373170614242554,-17.474080622196198,-4.627205803990364,31.420785188674927,-18.950507044792175,-4.443822056055069,-58.777427673339844,-72.57447838783264,-59.050726890563965,-69.89051103591919,-45.52334547042847,-45.558106899261475,-42.82828867435455,-66.57032370567322,-19.67717783732884,-74.4623263167209,-43.08904696830601
expAE03,VUW_PISM2_s3,/Volumes/CrucialX8/computing/data/antarctica/ismip6_hackathon/ComputedScalarsHelene/expAE03/shelfmelt/computed_shelfmelt_AIS_VUW_PISM2_s3_expAE03.nc,-52.94899940490723,-62.88490891456604,-44.721901416778564,-49.84782040119171,-28.058692812919617,-90.9040093421936,-19.652871787548065,-30.207061767578125,-46.52047157287598,-17.70673245191574,-4.4799599796533585,24.292537569999695,-5.559840053319931,22.457510232925415,-54.867953062057495,-61.38684153556824,-54.971933364868164,-67.26808547973633,-44.36855614185333,-45.80727517604828,-40.922197699546814,-61.6349995136261,-18.757567591788288,-76.03412603185076,-49.84781988334277
expAE03,VUW_PISM2_s4,/Volumes/CrucialX8/computing/data/antarctica/ismip6_hackathon/ComputedScalarsHelene/expAE03/shelfmelt/computed_shelfmelt_AIS_VUW_PISM2_s4_expAE03.nc,-53.417134284973145,-59.97551679611206,-47.08215296268463,-31.851691007614136,-28.234976530075073,-90.60186743736267,-26.877468824386597,-25.084739923477173,-42.683494091033936,-12.363559752702713,-2.3623572662472725,25.391602516174316,-11.329266428947449,-7.990769296884537,-55.092328786849976,-67.7322268486023,-57.28241801261902,-67.5882875919342,-43.52307915687561,-44.07169222831726,-40.43920636177063,-63.94208073616028,-18.028979056596942,-74.34830195470688,-31.851692287150662
expAE04,DC_ISSM,/Volumes/CrucialX8/computing/data/antarctica/ismip6_hackathon/ComputedScalarsHelene/expAE04/shelfmelt/computed_shelfmelt_AIS_DC_ISSM_expAE04.nc,1.1895152740180492,2.9473353177309036,-12.446751445531845,39.42084312438965,17.325782775878906,2.597556822001934,39.97975289821625,78.75007390975952,10.634629428386688,3.8994692265987396,19.83460783958435,58.561426401138306,-11.485179513692856,-7.987368106842041,7.738916575908661,13.539308309555054,15.409660339355469,-45.864540338516235,7.98310860991478,9.06669795513153,9.61788222193718,-9.198769927024841,18.29534574860972,2.786932175072399,39.42084286788744
expAE04,IGE_ElmerIce,/Volumes/CrucialX8/computing/data/antarctica/ismip6_hackathon/ComputedScalarsHelene/expAE04/shelfmelt/computed_shelfmelt_AIS_IGE_ElmerIce_expAE04.nc,-35.66752076148987,5.281011760234833,2.508021518588066,-8.431024104356766,7.8917548060417175,-0.034945804509334266,12.15771734714508,33.71188044548035,4.222648963332176,-1.1378180235624313,6.744103878736496,-17.201408743858337,-13.414555788040161,-13.912206888198853,-14.41560685634613,-67.17665195465088,-71.6593861579895,-60.8899712562561,-3.4177176654338837,3.960082307457924,-0.41479673236608505,-66.43714904785156,7.453331090513851,2.8578604201513134,-8.431024072475754
expAE04,ILTS_SICOPOLIS,/Volumes/CrucialX8/computing/data/antarctica/ismip6_hackathon/ComputedScalarsHelene/expAE04/shelfmelt/computed_shelfmelt_AIS_ILTS_SICOPOLIS_expAE04.nc,-57.7728807926178,4.538000375032425,-24.295789003372192,-41.60461723804474,31.35337233543396,0.6721993442624807,1.8248559907078743,-1.0590131394565105,5.125465244054794,-36.54297888278961,17.65654981136322,-2.46032178401947,-72.54945635795593,0.9406388737261295,-0.8955296128988266,-5.2298326045274734,-4.978390038013458,-70.52537202835083,-0.06712133181281388,8.435744047164917,-3.968491032719612,-28.005510568618774,26.011419897921428,2.9397097357203346,-41.60461790524883
expAE04,LSCE_GRISLI2,/Volumes/CrucialX8/computing/data/antarctica/ismip6_hackathon/ComputedScalarsHelene/expAE04/shelfmelt/computed_shelfmelt_AIS_LSCE_GRISLI2_expAE04.nc,-66.05915427207947,7.622336596250534,-28.224804997444153,-38.9536052942276,-53.61483693122864,6.553015857934952,-30.331426858901978,-0.8313360624015331,-49.737548828125,-61.912572383880615,-31.127750873565674,-32.39336311817169,-76.58790349960327,-54.845041036605835,-69.32085156440735,-79.51125502586365,-96.30062580108643,-89.74298238754272,-32.05653727054596,-26.67083442211151,-28.112831711769104,-89.43350911140442,-44.46178222649125,7.1193164771861595,-38.95360501573396
expAE04,LSCE_GRISLI,/Volumes/CrucialX8/computing/data/antarctica/ismip6_hackathon/ComputedScalarsHelene/expAE04/shelfmelt/computed_shelfmelt_AIS_LSCE_GRISLI_expAE04.nc,-85.35282015800476,28.804001212120056,-75.34112334251404,-37.40178048610687,-30.655530095100403,10.80874353647232,-26.23724341392517,-36.35599911212921,-35.27529835700989,-58.32175612449646,-26.089194416999817,-34.9328875541687,-60.40980815887451,-78.63159775733948,-71.48910164833069,-87.18226552009583,-97.70458936691284,-91.56880974769592,-24.92232322692871,-12.353776395320892,-26.133254170417786,-92.3484206199646,-28.82867845149572,20.40632183455566,-37.401779702548005
expAE04,NCAR_CISM1,/Volumes/CrucialX8/computing/data/antarctica/ismip6_hackathon/ComputedScalarsHelene/expAE04/shelfmelt/computed_shelfmelt_AIS_NCAR_CISM1_expAE04.nc,2.9962046071887016,2.6206091046333313,7.348185777664185,6.777162849903107,17.470787465572357,0.4517948254942894,3.0953293666243553,1.737256906926632,7.313999533653259,9.292958676815033,17.730261385440826,0.5783656612038612,-31.80994689464569,6.39561340212822,7.118469476699829,-36.33957505226135,13.622409105300903,-51.19636654853821,6.096917763352394,9.70194861292839,6.878684461116791,-23.5792875289917,17.568695938993738,1.5918952197645875,6.7771627888519
expAE04,NCAR_CISM2,/Volumes/CrucialX8/computing/data/antarctica/ismip6_hackathon/ComputedScalarsHelene/expAE04/shelfmelt/computed_shelfmelt_AIS_NCAR_CISM2_expAE04.nc,20.203807950019836,6.355071067810059,16.27572476863861,29.711222648620605,30.858710408210754,1.3091238215565681,8.476284146308899,12.795725464820862,8.788906782865524,-28.03986370563507,20.836815237998962,-0.4321207292377949,-31.07852041721344,13.453483581542969,11.197087913751602,5.9386782348155975,9.543756395578384,-14.984485507011414,9.533373266458511,18.778811395168304,3.33716981112957,-1.453172042965889,26.96881720075463,4.060561870531569,29.711223799375556
expAE04,NORCE_CISM2-MAR364-ERA-t1,/Volumes/CrucialX8/computing/data/antarctica/ismip6_hackathon/ComputedScalarsHelene/expAE04/shelfmelt/computed_shelfmelt_AIS_NORCE_CISM2-MAR364-ERA-t1_expAE04.nc,17.5247460603714,1.5465136617422104,8.775825798511505,9.527227282524109,24.6322363615036,0.6607752293348312,7.1987926959991455,19.86456662416458,9.454312920570374,10.87910607457161,29.455658793449402,0.9848279878497124,-22.196702659130096,11.091478914022446,6.672907620668411,-0.6583524402230978,-13.671006262302399,3.3496487885713577,10.677137970924377,13.647481799125671,10.437799990177155,-4.146745055913925,26.340675632213074,1.120491237589168,9.527227088692216
expAE04,NORCE_CISM3-MAR364-ERA-t1-local,/Volumes/CrucialX8/computing/data/antarctica/ismip6_hackathon/ComputedScalarsHelene/expAE04/shelfmelt/computed_shelfmelt_AIS_NORCE_CISM3-MAR364-ERA-t1-local_expAE04.nc,10.600146651268005,3.0876537784934044,0.7743898779153824,2.760482206940651,10.530437529087067,0.2615442965179682,-5.8166105300188065,5.473395437002182,0.7287820801138878,-10.80380603671074,18.01893413066864,-2.5939684361219406,-39.70111608505249,4.363362491130829,-1.1054353788495064,-28.278809785842896,-18.19697618484497,-16.06021523475647,1.8214665353298187,6.571728736162186,1.469691563397646,-19.894348084926605,13.221153732041827,1.724897669837835,2.760482183157857
expAE04,NORCE_CISM3-MAR364-ERA-t1-nonlocal,/Volumes/CrucialX8/computing/data/antarctica/ismip6_hackathon/ComputedScalarsHelene/expAE04/shelfmelt/computed_shelfmelt_AIS_NORCE_CISM3-MAR364-ERA-t1-nonlocal_expAE04.nc,-1.0667710565030575,2.763044647872448,2.4554524570703506,4.0708329528570175,10.192235559225082,0.3955175168812275,-5.226707831025124,5.609791353344917,1.083417795598507,-14.936523139476776,17.441293597221375,-1.944451965391636,-43.377381563186646,4.631144925951958,-2.281646244227886,-43.8263863325119,-19.52536553144455,-31.11327588558197,0.3450242104008794,5.954962596297264,0.6572908721864223,-29.791009426116943,12.796689271354857,1.6208965825240944,4.0708327966565445
expAE04,NORCE_CISM3-MAR364-ERA-t1,/Volumes/CrucialX8/computing/data/antarctica/ismip6_hackathon/ComputedScalarsHelene/expAE04/shelfmelt/computed_shelfmelt_AIS_NORCE_CISM3-MAR364-ERA-t1_expAE04.nc,15.036210417747498,2.4327410385012627,7.418592274188995,12.296844273805618,22.774603962898254,0.7977180182933807,5.708185583353043,13.123884797096252,9.290698170661926,4.879529774188995,25.59903860092163,0.969492644071579,-30.626168847084045,11.03290542960167,4.409157112240791,0.22714606020599604,-21.320635080337524,-1.8869131803512573,8.582568913698196,12.908467650413513,7.894498854875565,-8.856327831745148,23.790011510535276,1.6438003279483189,12.296844068287921
expAE04,NORCE_CISM4-MAR364-ERA-t1-local,/Volumes/CrucialX8/computing/data/antarctica/ismip6_hackathon/ComputedScalarsHelene/expAE04/shelfmelt/computed_shelfmelt_AIS_NORCE_CISM4-MAR364-ERA-t1-local_expAE04.nc,-3.5488974303007126,2.9020313173532486,3.701884299516678,3.9710890501737595,11.32780984044075,0.7411295548081398,1.8510650843381882,1.3803143985569477,6.271878629922867,-21.43067717552185,17.994484305381775,2.7565808966755867,-33.99462103843689,6.813712418079376,0.7076968904584646,-23.932205140590668,-24.706703424453735,-33.61167013645172,0.509962160140276,6.338566541671753,0.6689273286610842,-27.640599012374878,13.782075815214807,1.8644218628352853,3.9710891267356976
expAE04,NORCE_CISM4-MAR364-ERA-t1-nonlocal,/Volumes/CrucialX8/computing/data/antarctica/ismip6_hackathon/ComputedScalarsHelene/expAE04/shelfmelt/computed_shelfmelt_AIS_NORCE_CISM4-MAR364-ERA-t1-nonlocal_expAE04.nc,-11.490533500909805,2.7067676186561584,4.713888838887215,3.9708133786916733,10.235799849033356,0.8394714444875717,1.3555816374719143,2.708560600876808,4.707713425159454,-26.940622925758362,16.599373519420624,2.1826522424817085,-38.21171224117279,6.367099285125732,0.9702521376311779,-21.82108759880066,-27.29097306728363,-40.8926397562027,-0.6903525907546282,5.482806637883186,-0.38335956633090973,-30.76046109199524,12.601041364013172,1.8103080708535964,3.970813525652405
expAE04,NORCE_CISM4-MAR364-ERA-t1,/Volumes/CrucialX8/computing/data/antarctica/ismip6_hackathon/ComputedScalarsHelene/expAE04/shelfmelt/computed_shelfmelt_AIS_NORCE_CISM4-MAR364-ERA-t1_expAE04.nc,9.481563419103622,7.019824534654617,4.629284888505936,5.468092113733292,19.646090269088745,1.0863814502954483,2.498776651918888,10.288114845752716,11.40235960483551,4.268614947795868,23.582440614700317,0.1314083579927683,-20.431505143642426,7.870754599571228,2.9796019196510315,-0.10229503968730569,-35.04675626754761,-4.310007393360138,7.272659242153168,12.256558984518051,7.103055715560913,-15.836231410503387,21.071471886799767,4.218880943895491,5.4680921975063645
expAE04,NORCE_CISM4-MAR364-JRA-t1,/Volumes/CrucialX8/computing/data/antarctica/ismip6_hackathon/ComputedScalarsHelene/expAE04/shelfmelt/computed_shelfmelt_AIS_NORCE_CISM4-MAR364-JRA-t1_expAE04.nc,8.644907921552658,1.4011469669640064,4.740681126713753,5.36300390958786,19.980844855308533,0.37804129533469677,2.4834465235471725,11.185280233621597,11.09367460012436,4.078491777181625,22.08091765642166,0.0885634683072567,-24.82719123363495,7.79544785618782,3.104967810213566,-0.6409561261534691,-31.64653778076172,-6.877568364143372,6.178799271583557,10.168348252773285,6.532110273838043,-15.351812541484833,20.75062044657038,0.9192802008300412,5.363003741338882
expAE04,NORCE_CISM5-MAR364-ERA-t1-local,/Volumes/CrucialX8/computing/data/antarctica/ismip6_hackathon/ComputedScalarsHelene/expAE04/shelfmelt/computed_shelfmelt_AIS_NORCE_CISM5-MAR364-ERA-t1-local_expAE04.nc,-10.182686150074005,3.189333900809288,3.1763050705194473,2.16718427836895,10.179036110639572,0.2052068943157792,0.776949804276228,-1.8893340602517128,5.747868120670319,-23.146335780620575,20.56002765893936,0.1411002827808261,-30.35222589969635,0.827778410166502,-5.454430356621742,-28.3436119556427,-66.95781946182251,-25.8978009223938,-3.3413778990507126,5.169203877449036,-1.6969045624136925,-43.93954873085022,13.901526444801119,1.7236284444446237,2.1671843235008765
expAE04,NORCE_CISM5-MAR364-ERA-t1-nonlocal,/Volumes/CrucialX8/computing/data/antarctica/ismip6_hackathon/ComputedScalarsHelene/expAE04/shelfmelt/computed_shelfmelt_AIS_NORCE_CISM5-MAR364-ERA-t1-nonlocal_expAE04.nc,-16.773682832717896,3.839586302638054,3.625662624835968,2.3643214255571365,9.379805624485016,0.6830544210970402,-12.3894564807415,-0.4783961921930313,1.8954506143927574,-25.002485513687134,19.320519268512726,0.9007974527776241,-30.396166443824768,1.3433855958282948,-2.0965920761227608,-26.5386164188385,-73.54273200035095,-33.658188581466675,-4.23559658229351,4.702002182602882,-2.0028874278068542,-48.520639538764954,13.006780751015198,2.3103906857006455,2.364321478881301
expAE04,NORCE_CISM5-MAR364-ERA-t1,/Volumes/CrucialX8/computing/data/antarctica/ismip6_hackathon/ComputedScalarsHelene/expAE04/shelfmelt/computed_shelfmelt_AIS_NORCE_CISM5-MAR364-ERA-t1_expAE04.nc,2.825959213078022,2.450890466570854,3.192117065191269,4.3575469404459,11.661511659622192,0.3297658637166023,0.33961799927055836,-0.34360771533101797,5.732288584113121,2.2456247359514236,17.39143580198288,0.23305132053792477,-15.225718915462494,3.716931492090225,2.69722081720829,-0.5748759023845196,-43.66843402385712,-9.377089887857437,2.274949289858341,6.428520381450653,3.627060353755951,-21.643969416618347,13.691535067904544,1.4493890105009226,4.357546908353836
expAE04,PIK_PISM,/Volumes/CrucialX8/computing/data/antarctica/ismip6_hackathon/ComputedScalarsHelene/expAE04/shelfmelt/computed_shelfmelt_AIS_PIK_PISM_expAE04.nc,-3.49341481924057,0.35921172238886356,-14.526093006134033,-43.20663809776306,0.7493485696613789,-1.7481746152043343,17.619596421718597,17.554739117622375,-66.65971279144287,-62.990087270736694,5.961126089096069,-35.487088561058044,-12.878614664077759,-24.49636608362198,-51.2079656124115,-87.85081505775452,-82.26507902145386,-7.778482884168625,-8.10120478272438,-1.365301851183176,-10.387084633111954,-69.64406967163086,2.944286290815539,-0.47582766615988004,-43.20663713042693
expAE04,UCM_Yelmo,/Volumes/CrucialX8/computing/data/antarctica/ismip6_hackathon/ComputedScalarsHelene/expAE04/shelfmelt/computed_shelfmelt_AIS_UCM_Yelmo_expAE04.nc,-71.21682167053223,0.74206767603755,-50.43781399726868,-68.62451434135437,-2.7775533497333527,0.14763433719053864,-2.3907456547021866,-41.87038540840149,-45.23933827877045,-48.39263558387756,-6.516621261835098,23.101414740085602,-57.2282075881958,-44.23132240772247,-31.35707676410675,-21.05638235807419,-47.54808247089386,-86.9149923324585,-19.85330581665039,-14.173270761966705,-21.19445502758026,-53.52769494056702,-4.1998029829639405,0.4402160241596905,-68.62450839250849
expAE04,UCSD_ISSM,/Volumes/CrucialX8/computing/data/antarctica/ismip6_hackathon/ComputedScalarsHelene/expAE04/shelfmelt/computed_shelfmelt_AIS_UCSD_ISSM_expAE04.nc,-4.639435186982155,5.246150121092796,2.917458303272724,32.567739486694336,2.8136402368545532,1.0609139688313007,5.709975957870483,42.103174328804016,0.5326723214238882,8.648937940597534,4.535989090800285,-8.290279656648636,-18.318019807338715,1.6131848096847534,1.375031191855669,-2.3005278781056404,5.087752640247345,-5.803350359201431,3.8079142570495605,4.540137946605682,3.812989965081215,-1.2120364233851433,3.471139547657404,3.4297425940242614,32.567738474231106
expAE04,ULB_fETISh-KoriBU1,/Volumes/CrucialX8/computing/data/antarctica/ismip6_hackathon/ComputedScalarsHelene/expAE04/shelfmelt/computed_shelfmelt_AIS_ULB_fETISh-KoriBU1_expAE04.nc,8.055755496025085,1.172246877104044,1.4926542527973652,0.7443707901984453,23.072321712970734,-1.1837153695523739,2.0095722749829292,10.435887426137924,6.291729211807251,-30.328476428985596,14.92881327867508,-0.009753477206686512,-6.1437807977199554,-6.88384547829628,-15.819387137889862,-44.86842453479767,-28.070101141929626,2.8596725314855576,0.8303658105432987,10.78399121761322,-2.338562160730362,-21.668443083763123,19.79778919082271,-0.008182140749829328,0.7443707699616421
expAE04,ULB_fETISh-KoriBU2,/Volumes/CrucialX8/computing/data/antarctica/ismip6_hackathon/ComputedScalarsHelene/expAE04/shelfmelt/computed_shelfmelt_AIS_ULB_fETISh-KoriBU2_expAE04.nc,3.845367580652237,3.265063464641571,-3.0338266864418983,9.756556153297424,27.988076210021973,0.11441067326813936,1.0442137718200684,10.913993418216705,-7.408291846513748,-27.4466335773468,19.143754243850708,0.00014226920939108822,-4.876741394400597,-10.821255296468735,-10.53290069103241,-3.7944823503494263,-0.3537711454555392,-11.28590777516365,4.235515743494034,13.584738969802856,-1.0501790791749954,-4.691272601485252,24.3986596364885,1.6751005896362317,9.756556225787207
expAE04,UNN_Ua,/Volumes/CrucialX8/computing/data/antarctica/ismip6_hackathon/ComputedScalarsHelene/expAE04/shelfmelt/computed_shelfmelt_AIS_UNN_Ua_expAE04.nc,-7.698257267475128,-3.3020280301570892,-0.6320412736386061,41.30811095237732,10.947492718696594,-1.437128521502018,-17.145705223083496,15.704138576984406,0.4867344629019499,-13.417410850524902,7.081710547208786,-33.64187777042389,-41.52882993221283,-4.51260544359684,-6.357008218765259,-11.195040494203568,9.14212390780449,-38.1850004196167,0.30515757389366627,4.144451022148132,-2.2958578541874886,-7.978320121765137,9.484313916431061,-2.451205581732027,41.30811108558257
expAE04,UTAS_ElmerIce,/Volumes/CrucialX8/computing/data/antarctica/ismip6_hackathon/ComputedScalarsHelene/expAE04/shelfmelt/computed_shelfmelt_AIS_UTAS_ElmerIce_expAE04.nc,-12.954221665859222,4.949664324522018,2.432808093726635,-43.31557750701904,15.874868631362915,0.30139447189867496,15.833631157875061,17.898452281951904,3.105826675891876,-2.315579168498516,13.006426393985748,0.43006399646401405,-41.24136567115784,-27.07078754901886,2.424420416355133,-5.262976884841919,0.17432819586247206,-42.27796196937561,2.4877019226551056,6.792303919792175,1.681942492723465,-17.232143878936768,14.77379514531899,2.8259739809377207,-43.31557766851885
expAE04,VUB_AISMPALEO,/Volumes/CrucialX8/computing/data/antarctica/ismip6_hackathon/ComputedScalarsHelene/expAE04/shelfmelt/computed_shelfmelt_AIS_VUB_AISMPALEO_expAE04.nc,-100.0,3.9505179971456528,-97.36430644989014,-61.64182424545288,21.604281663894653,0.5918779410421848,0.0,-100.0,8.822616934776306,-100.0,14.286714792251587,0.0,-100.0,0.0,-2.460610866546631,3.9246663451194763,-3.9436668157577515,-100.0,-3.884531930088997,4.0588874369859695,-11.584863066673279,-2.5138061493635178,18.9144955773,2.447498455304928,-61.64182223849535
expAE04,VUW_PISM1,/Volumes/CrucialX8/computing/data/antarctica/ismip6_hackathon/ComputedScalarsHelene/expAE04/shelfmelt/computed_shelfmelt_AIS_VUW_PISM1_expAE04.nc,-36.63395047187805,7.301388680934906,-5.702211335301399,-21.20937556028366,-50.21158456802368,-74.58055019378662,-0.029293063562363386,-41.267186403274536,-33.285969495773315,-28.94374430179596,-78.94236445426941,2.932056225836277,-44.44701969623566,-26.74604058265686,-72.59712219238281,-80.53902387619019,-71.57137393951416,-36.60823106765747,-42.54768490791321,-21.228864789009094,-58.888185024261475,-58.33883285522461,-61.547026618513776,-31.062183633648882,-21.209375135268647
expAE04,VUW_PISM1_s1,/Volumes/CrucialX8/computing/data/antarctica/ismip6_hackathon/ComputedScalarsHelene/expAE04/shelfmelt/computed_shelfmelt_AIS_VUW_PISM1_s1_expAE04.nc,-35.670387744903564,6.442413479089737,-6.175166741013527,-27.0087867975235,-48.98101985454559,-75.2612829208374,41.377824544906616,-40.928953886032104,-34.05166566371918,-24.86359030008316,-77.24208235740662,15.542614459991455,-42.911604046821594,26.610025763511658,-68.8785195350647,-82.103830575943,-72.72596955299377,-36.521169543266296,-40.52163362503052,-21.322326362133026,-54.69723343849182,-58.88766646385193,-60.14231087461145,-31.827945824446875,-27.008785692544034
expAE04,VUW_PISM1_s2,/Volumes/CrucialX8/computing/data/antarctica/ismip6_hackathon/ComputedScalarsHelene/expAE04/shelfmelt/computed_shelfmelt_AIS_VUW_PISM1_s2_expAE04.nc,-39.55988585948944,6.590426713228226,-8.292385935783386,-31.746000051498413,-51.35089159011841,-74.87943172454834,17.483656108379364,-47.29572236537933,-33.78470242023468,-24.135859310626984,-78.14298272132874,4.638685658574104,-46.08774185180664,-29.465147852897644,-73.67324829101562,-84.40179228782654,-73.45864176750183,-38.39743733406067,-43.08062493801117,-22.807367146015167,-58.384209871292114,-60.36328673362732,-61.94884960343454,-31.603930519495187,-31.74599975421659
expAE04,VUW_PISM1_s3,/Volumes/CrucialX8/computing/data/antarctica/ismip6_hackathon/ComputedScalarsHelene/expAE04/shelfmelt/computed_shelfmelt_AIS_VUW_PISM1_s3_expAE04.nc,-37.331780791282654,7.37777054309845,-9.564343839883804,-28.46064567565918,-51.89448595046997,-74.76357817649841,21.57067209482193,-43.72504949569702,-34.49923396110535,-32.95871615409851,-78.94260287284851,21.990297734737396,-35.82391440868378,15.31158983707428,-73.50475192070007,-84.38567519187927,-67.15693473815918,-35.10662913322449,-42.23567843437195,-22.545024752616882,-57.319170236587524,-56.891751289367676,-62.56605150420413,-31.107340466548305,-28.46064503357084
expAE04,VUW_PISM1_s4,/Volumes/CrucialX8/computing/data/antarctica/ismip6_hackathon/ComputedScalarsHelene/expAE04/shelfmelt/computed_shelfmelt_AIS_VUW_PISM1_s4_expAE04.nc,-39.37746584415436,6.607083976268768,-3.309296816587448,-16.61727875471115,-49.79279339313507,-74.9142050743103,4.816315323114395,-38.79893720149994,-34.36607122421265,-23.847731947898865,-78.5426378250122,9.824678301811218,-43.3962345123291,-26.760879158973694,-73.39208126068115,-86.46891713142395,-74.47149157524109,-36.95803880691528,-42.17219948768616,-21.08878493309021,-57.95251727104187,-60.76555252075195,-61.13575712439653,-31.5875175968321,-16.617278789784876
expAE04,VUW_PISM2,/Volumes/CrucialX8/computing/data/antarctica/ismip6_hackathon/ComputedScalarsHelene/expAE04/shelfmelt/computed_shelfmelt_AIS_VUW_PISM2_expAE04.nc,-24.800027906894684,12.161003053188324,2.950381673872471,-5.78637458384037,-49.1308867931366,-74.4678795337677,17.345640063285828,-27.491682767868042,-30.090805888175964,-25.18952488899231,-76.3957142829895,44.5514440536499,-12.999135255813599,12.43150308728218,-63.10043931007385,-76.13884210586548,-67.33883619308472,-34.62599515914917,-37.37609386444092,-16.92824214696884,-52.67857909202576,-55.13206720352173,-59.86748891638594,-28.49232893572637,-5.786374570509296
expAE04,VUW_PISM2_s1,/Volumes/CrucialX8/computing/data/antarctica/ismip6_hackathon/ComputedScalarsHelene/expAE04/shelfmelt/computed_shelfmelt_AIS_VUW_PISM2_s1_expAE04.nc,-17.461012303829193,11.572922021150589,7.323157042264938,-15.792262554168701,-45.39037346839905,-75.07495880126953,49.112603068351746,-26.464882493019104,-25.43485164642334,-22.547955811023712,-76.11478567123413,35.421815514564514,-11.109655350446701,37.79744505882263,-59.54248309135437,-77.24304795265198,-67.02327132225037,-33.31351280212402,-35.414111614227295,-15.344077348709106,-50.18983483314514,-54.565685987472534,-57.522666110536015,-29.011524524989003,-15.792262097467374
expAE04,VUW_PISM2_s2,/Volumes/CrucialX8/computing/data/antarctica/ismip6_hackathon/ComputedScalarsHelene/expAE04/shelfmelt/computed_shelfmelt_AIS_VUW_PISM2_s2_expAE04.nc,-22.89174199104309,11.52052953839302,3.3603299409151077,-19.272464513778687,-50.10035037994385,-74.94691610336304,18.791820108890533,-39.87020552158356,-29.61689829826355,-26.058784127235413,-77.32377648353577,42.41902232170105,-15.105977654457092,-11.546123772859573,-64.8203432559967,-77.05060839653015,-66.24478697776794,-33.793267607688904,-38.96076679229736,-18.07039976119995,-54.989492893218994,-54.410749673843384,-60.867425752586726,-29.044125111056346,-19.27246482619783
expAE04,VUW_PISM2_s3,/Volumes/CrucialX8/computing/data/antarctica/ismip6_hackathon/ComputedScalarsHelene/expAE04/shelfmelt/computed_shelfmelt_AIS_VUW_PISM2_s3_expAE04.nc,-19.392625987529755,12.670734524726868,3.667517378926277,-20.364587008953094,-50.4635214805603,-75.29512047767639,53.348904848098755,-29.797866940498352,-30.96441924571991,-24.966204166412354,-78.69771122932434,33.350104093551636,-1.799158938229084,-8.415360003709793,-61.85036301612854,-75.7395088672638,-76.07306241989136,-32.719093561172485,-38.268283009529114,-17.60915517807007,-53.606194257736206,-57.30265974998474,-61.60108885994988,-28.611178951283094,-20.364587487637362
expAE04,VUW_PISM2_s4,/Volumes/CrucialX8/computing/data/antarctica/ismip6_hackathon/ComputedScalarsHelene/expAE04/shelfmelt/computed_shelfmelt_AIS_VUW_PISM2_s4_expAE04.nc,-18.699975311756134,10.804757475852966,6.300989538431168,-11.853937059640884,-48.454806208610535,-74.93088245391846,37.425076961517334,-32.64424800872803,-29.29055094718933,-24.66561049222946,-77.22044587135315,37.29085922241211,-11.239583790302277,15.407359600067139,-60.39052605628967,-79.06661629676819,-67.15414524078369,-33.21610689163208,-37.30137348175049,-16.929233074188232,-52.55811810493469,-55.04019260406494,-59.80201586653552,-29.430524416800846,-11.853936894447418
expAE05,DC_ISSM,/Volumes/CrucialX8/computing/data/antarctica/ismip6_hackathon/ComputedScalarsHelene/expAE05/shelfmelt/computed_shelfmelt_AIS_DC_ISSM_expAE05.nc,7.506450265645981,13.361851871013641,-7.300367206335068,45.1744019985199,-0.07214206852950156,3.3473193645477295,41.87220633029938,66.11892580986023,9.72297117114067,13.250215351581573,3.670668601989746,60.498249530792236,34.28129255771637,1.4948495663702488,6.055515259504318,9.034580737352371,14.324401319026947,-15.760734677314758,7.287218421697617,7.016286253929138,8.433377742767334,1.059389766305685,1.3743082600176866,8.769339044752394,45.17440207803242
expAE05,IGE_ElmerIce,/Volumes/CrucialX8/computing/data/antarctica/ismip6_hackathon/ComputedScalarsHelene/expAE05/shelfmelt/computed_shelfmelt_AIS_IGE_ElmerIce_expAE05.nc,-77.3784875869751,8.555974066257477,-46.01283073425293,-31.816494464874268,0.78315120190382,-4.0175095200538635,15.912330150604248,27.447593212127686,-4.312865436077118,-9.886626154184341,1.17847491055727,-3.826475143432617,-6.901261955499649,-6.005795672535896,-12.500287592411041,-7.776287943124771,1.9389800727367401,-74.91666078567505,-5.540530756115913,-3.159855678677559,-4.056084156036377,-29.303139448165894,0.9341695714405616,2.823966879231527,-31.816494873931394
expAE05,ILTS_SICOPOLIS,/Volumes/CrucialX8/computing/data/antarctica/ismip6_hackathon/ComputedScalarsHelene/expAE05/shelfmelt/computed_shelfmelt_AIS_ILTS_SICOPOLIS_expAE05.nc,-52.30965614318848,9.09438207745552,-59.915995597839355,-33.48694443702698,0.6778290029615164,1.5210572630167007,1.8290050327777863,-3.7008635699748993,5.412963777780533,4.181516170501709,1.169104315340519,0.017620435392018408,-9.055592119693756,4.545684903860092,1.4806010760366917,1.315466407686472,-0.3049330320209265,-21.246783435344696,-1.126004010438919,-3.5886630415916443,1.8037434667348862,-7.231340557336807,0.8694620382201217,5.96406162792161,-33.48694532670568
expAE05,LSCE_GRISLI2,/Volumes/CrucialX8/computing/data/antarctica/ismip6_hackathon/ComputedScalarsHelene/expAE05/shelfmelt/computed_shelfmelt_AIS_LSCE_GRISLI2_expAE05.nc,-76.38204097747803,12.6004159450531,-78.3003032207489,-34.92124378681183,11.627325415611267,-0.18808931345120072,-9.780687838792801,-1.9999023526906967,-4.392138868570328,-14.552691578865051,7.251628488302231,-34.42623317241669,-32.57633447647095,-15.980452299118042,-16.805468499660492,-44.50225830078125,-27.80473530292511,-55.22621273994446,-4.903518781065941,0.21174608264118433,-3.5562336444854736,-43.00495386123657,9.846257476493697,6.552743860226941,-34.92124256822172
expAE05,LSCE_GRISLI,/Volumes/CrucialX8/computing/data/antarctica/ismip6_hackathon/ComputedScalarsHelene/expAE05/shelfmelt/computed_shelfmelt_AIS_LSCE_GRISLI_expAE05.nc,-83.96582007408142,47.97090291976929,-92.36873388290405,-46.08288109302521,14.659886062145233,2.3810455575585365,-27.519816160202026,-36.40531599521637,12.134117633104324,-8.554885536432266,8.884372562170029,-46.78269922733307,-19.675491750240326,-52.23919749259949,-20.242857933044434,-36.48631572723389,-29.07615602016449,-70.70881724357605,1.193823665380478,14.979547262191772,-3.617427870631218,-48.60594868659973,12.346809394074533,26.64915041368743,-46.08288031815827
expAE05,NCAR_CISM1,/Volumes/CrucialX8/computing/data/antarctica/ismip6_hackathon/ComputedScalarsHelene/expAE05/shelfmelt/computed_shelfmelt_AIS_NCAR_CISM1_expAE05.nc,-14.15298879146576,15.04303514957428,13.968652486801147,19.677934050559998,0.21757150534540415,1.7788149416446686,6.62711039185524,1.907128468155861,5.875520780682564,8.473823219537735,1.096384134143591,-1.3715426437556744,-0.7846876978874207,5.579444020986557,4.769303649663925,-0.07389123202301562,6.097343564033508,-3.3263854682445526,5.00681959092617,7.46639221906662,3.461800143122673,0.9643435478210449,0.5491476677292174,8.750768825852782,19.677934622607136
expAE05,NCAR_CISM2,/Volumes/CrucialX8/computing/data/antarctica/ismip6_hackathon/ComputedScalarsHelene/expAE05/shelfmelt/computed_shelfmelt_AIS_NCAR_CISM2_expAE05.nc,14.262668788433075,24.205325543880463,26.24983787536621,40.42542576789856,2.4453839287161827,3.348381444811821,18.687960505485535,-0.0518912507686764,5.862130597233772,6.829582899808884,2.427043579518795,2.9539482668042183,-7.511502504348755,9.749439358711243,6.797909736633301,1.9985459744930267,-2.012217789888382,-0.47048931010067463,8.76540020108223,15.27567207813263,4.6120937913656235,-0.41144476272165775,2.4382620214605923,14.720567868308102,40.42542459413304
expAE05,NORCE_CISM2-MAR364-ERA-t1,/Volumes/CrucialX8/computing/data/antarctica/ismip6_hackathon/ComputedScalarsHelene/expAE05/shelfmelt/computed_shelfmelt_AIS_NORCE_CISM2-MAR364-ERA-t1_expAE05.nc,-5.248462036252022,16.75943285226822,25.326812267303467,13.600791990756989,0.24059463758021593,0.989091582596302,9.679438918828964,-2.144957333803177,6.287125498056412,7.319518178701401,1.2416589073836803,-0.6840995978564024,0.33647892996668816,6.257136911153793,3.9836134761571884,1.485036313533783,2.1807316690683365,4.073509573936462,5.380941182374954,8.632362633943558,3.0754344537854195,2.736293338239193,0.5951427571862822,9.173592482704398,13.600791561016113
expAE05,NORCE_CISM3-MAR364-ERA-t1-local,/Volumes/CrucialX8/computing/data/antarctica/ismip6_hackathon/ComputedScalarsHelene/expAE05/shelfmelt/computed_shelfmelt_AIS_NORCE_CISM3-MAR364-ERA-t1-local_expAE05.nc,6.441017985343933,20.706304907798767,11.707666516304016,6.259997189044952,0.13239149702712893,-0.38553187623620033,-1.6444781795144081,-0.5475372076034546,3.3078093081712723,7.303255051374435,1.1858879588544369,-3.6875154823064804,-16.781561076641083,2.6996077969670296,1.4818108640611172,-0.06926936912350357,-3.02988700568676,-2.03513465821743,4.386658221483231,9.557821601629257,1.1872867122292519,-1.9338104873895645,0.5108955201202457,10.53513815961556,6.259996864174242
expAE05,NORCE_CISM3-MAR364-ERA-t1-nonlocal,/Volumes/CrucialX8/computing/data/antarctica/ismip6_hackathon/ComputedScalarsHelene/expAE05/shelfmelt/computed_shelfmelt_AIS_NORCE_CISM3-MAR364-ERA-t1-nonlocal_expAE05.nc,-27.673187851905823,15.884990990161896,8.555366843938828,5.393978580832481,0.05013378686271608,-1.5772510319948196,-2.632916532456875,-0.5118388216942549,1.3023839332163334,5.5493757128715515,0.9500025771558285,-3.7621300667524338,-18.627868592739105,3.011861629784107,2.050851657986641,0.18177638994529843,0.5239062011241913,-0.9445808827877045,2.603660337626934,5.846276134252548,0.3932179883122444,-0.10121355298906565,0.373408226114949,7.460419360748016,5.3939784516150615
expAE05,NORCE_CISM3-MAR364-ERA-t1,/Volumes/CrucialX8/computing/data/antarctica/ismip6_hackathon/ComputedScalarsHelene/expAE05/shelfmelt/computed_shelfmelt_AIS_NORCE_CISM3-MAR364-ERA-t1_expAE05.nc,6.449947506189346,19.210185110569,16.549043357372284,18.095026910305023,0.2470832085236907,0.19026438239961863,6.410344690084457,0.033302439260296524,6.325405836105347,6.225455924868584,1.2367099523544312,-1.8586497753858566,-5.530983582139015,5.9837087988853455,2.478284202516079,2.077651396393776,-0.46400860883295536,3.006148152053356,5.3647927939891815,9.912100434303284,2.2925201803445816,1.4408914372324944,0.6027841945444032,10.03210534240914,18.095026630511416
expAE05,NORCE_CISM4-MAR364-ERA-t1-local,/Volumes/CrucialX8/computing/data/antarctica/ismip6_hackathon/ComputedScalarsHelene/expAE05/shelfmelt/computed_shelfmelt_AIS_NORCE_CISM4-MAR364-ERA-t1-local_expAE05.nc,-8.966242522001266,22.748398780822754,7.828982919454575,5.470158904790878,0.3047355217859149,1.2290659360587597,0.749432947486639,-1.9829807803034782,6.915388256311417,5.196794122457504,1.0748415254056454,-0.9450915269553661,-13.191787898540497,3.469417616724968,2.3259276524186134,1.1223604902625084,-6.019045040011406,-11.450642347335815,4.218503832817078,9.431030601263046,1.847972720861435,-6.1024826020002365,0.5882315898651652,12.414276752229176,5.470158820743335
expAE05,NORCE_CISM4-MAR364-ERA-t1-nonlocal,/Volumes/CrucialX8/computing/data/antarctica/ismip6_hackathon/ComputedScalarsHelene/expAE05/shelfmelt/computed_shelfmelt_AIS_NORCE_CISM4-MAR364-ERA-t1-nonlocal_expAE05.nc,-25.740283727645874,14.73928838968277,7.624967396259308,1.8940240144729614,0.23832565639168024,0.6405198946595192,1.5572643838822842,-1.351250521838665,0.1253872993402183,3.518098220229149,1.2319096364080906,-3.0406448990106583,-15.725758671760559,3.301689401268959,2.7335088700056076,1.6147250309586525,-1.5324893407523632,-13.135655224323273,2.125706896185875,5.232652276754379,0.88155847042799,-4.876784235239029,0.6076025485320201,7.970215023296026,1.8940239889212018
expAE05,NORCE_CISM4-MAR364-ERA-t1,/Volumes/CrucialX8/computing/data/antarctica/ismip6_hackathon/ComputedScalarsHelene/expAE05/shelfmelt/computed_shelfmelt_AIS_NORCE_CISM4-MAR364-ERA-t1_expAE05.nc,4.24780510365963,17.013069987297058,12.406925857067108,8.011450618505478,0.2723886398598552,-0.7528488058596849,0.7982674986124039,-0.6521709263324738,8.246508985757828,4.859047010540962,1.38706611469388,-2.3890668526291847,-1.837216317653656,5.305116251111031,1.8239768221974373,0.9757616557180882,-3.9389435201883316,2.327108196914196,4.328011721372604,8.430006355047226,1.8337022513151169,-0.5831896793097258,0.6759736219291123,8.622416830116729,8.011450503229463
expAE05,NORCE_CISM4-MAR364-JRA-t1,/Volumes/CrucialX8/computing/data/antarctica/ismip6_hackathon/ComputedScalarsHelene/expAE05/shelfmelt/computed_shelfmelt_AIS_NORCE_CISM4-MAR364-JRA-t1_expAE05.nc,2.294839359819889,7.360897213220596,12.66709715127945,7.793348282575607,0.2758431248366833,-1.00483950227499,0.7734686136245728,-0.47921459190547466,8.225914090871811,4.390453174710274,1.1117735877633095,-2.2186240181326866,-1.9483638927340508,3.92647422850132,1.7737362533807755,1.0104280896484852,-4.479260370135307,2.8852947056293488,2.596520446240902,4.540767520666122,1.5619712881743908,-0.5853304639458656,0.5822074243916148,3.420532036198455,7.793348218444589
expAE05,NORCE_CISM5-MAR364-ERA-t1-local,/Volumes/CrucialX8/computing/data/antarctica/ismip6_hackathon/ComputedScalarsHelene/expAE05/shelfmelt/computed_shelfmelt_AIS_NORCE_CISM5-MAR364-ERA-t1-local_expAE05.nc,-29.471221566200256,26.991218328475952,1.7545448616147041,-0.790762435644865,0.3251786110922694,0.7845801301300526,0.3349604085087776,-8.453160524368286,4.330310970544815,1.7060134559869766,1.0943194851279259,-2.3438042029738426,-6.638108938932419,-0.7551379967480898,1.5827266499400139,0.8678457699716091,-12.024066597223282,-15.98612666130066,2.1434450522065163,8.030255883932114,0.25705385487526655,-10.53100898861885,0.6009526390510309,14.117799082637186,-0.7907624284356936
expAE05,NORCE_CISM5-MAR364-ERA-t1-nonlocal,/Volumes/CrucialX8/computing/data/antarctica/ismip6_hackathon/ComputedScalarsHelene/expAE05/shelfmelt/computed_shelfmelt_AIS_NORCE_CISM5-MAR364-ERA-t1-nonlocal_expAE05.nc,-27.971091866493225,21.521063148975372,0.10658589890226722,-11.582879722118378,0.13903070939704776,0.6930577103048563,0.3096741624176502,-5.790158361196518,3.0093971639871597,4.154874756932259,1.1063738726079464,-1.6379043459892273,-11.504674702882767,0.5532650277018547,1.5854062512516975,1.997583545744419,-4.174681380391121,-29.877662658691406,1.0089130140841007,5.4394204169511795,0.3428841242566705,-12.162388116121292,0.4919506103654939,11.42986211746939,-11.582879868313325
expAE05,NORCE_CISM5-MAR364-ERA-t1,/Volumes/CrucialX8/computing/data/antarctica/ismip6_hackathon/ComputedScalarsHelene/expAE05/shelfmelt/computed_shelfmelt_AIS_NORCE_CISM5-MAR364-ERA-t1_expAE05.nc,-16.76924079656601,14.482171833515167,7.905317097902298,5.08882999420166,0.15833113575354218,-1.8037151545286179,0.2506512915715575,-0.3050252329558134,3.439287841320038,3.5018041729927063,0.7951201871037483,-2.2591810673475266,0.8969388902187347,2.6328613981604576,1.1721542105078697,1.1309700086712837,0.16246470622718334,-10.864488780498505,2.2020138800144196,5.529339611530304,0.722276559099555,-3.4971144050359726,0.3839089049857583,6.79208135012762,5.088830090438067
expAE05,PIK_PISM,/Volumes/CrucialX8/computing/data/antarctica/ismip6_hackathon/ComputedScalarsHelene/expAE05/shelfmelt/computed_shelfmelt_AIS_PIK_PISM_expAE05.nc,-16.520284116268158,-39.24528956413269,-56.29428029060364,-48.65560531616211,2.260429412126541,-52.576279640197754,30.762779712677002,20.268450677394867,-78.48165035247803,-69.04388070106506,1.7959270626306534,-4.529508203268051,-8.736900240182877,-23.157133162021637,-51.30876898765564,-17.464928328990936,-1.8818985670804977,-7.266367971897125,-29.478248953819275,-25.597655773162842,-36.33111119270325,-8.12891349196434,2.0647724017979474,-44.525726600932146,-48.655606225683776
expAE05,UCM_Yelmo,/Volumes/CrucialX8/computing/data/antarctica/ismip6_hackathon/ComputedScalarsHelene/expAE05/shelfmelt/computed_shelfmelt_AIS_UCM_Yelmo_expAE05.nc,-77.528977394104,-7.271326333284378,-65.03035426139832,-69.25211548805237,0.71752043440938,-3.7161391228437424,6.20030052959919,-24.00710880756378,-15.161141753196716,2.6788728311657906,1.038225181400776,25.218108296394348,-0.9657973423600197,-34.00392532348633,-0.03037618298549205,-5.914772301912308,-22.850602865219116,-14.291094243526459,-11.422186344861984,-17.188258469104767,-6.542012840509415,-14.697076380252838,0.839508615611116,-5.466011837067562,-69.25211364430992
expAE05,UCSD_ISSM,/Volumes/CrucialX8/computing/data/antarctica/ismip6_hackathon/ComputedScalarsHelene/expAE05/shelfmelt/computed_shelfmelt_AIS_UCSD_ISSM_expAE05.nc,-3.162240609526634,6.052359938621521,4.853666201233864,51.61522030830383,2.9523540288209915,1.4976093545556068,7.819982618093491,27.567458152770996,1.0708351619541645,8.471915870904922,4.6858493238687515,-6.4371176064014435,-21.57732844352722,1.4354422688484192,1.2157647870481014,-6.361481547355652,1.0809831321239471,-7.370936870574951,4.087873548269272,5.766546353697777,3.6616768687963486,-4.237712547183037,3.614108410169503,4.075581931210684,51.615219741327245
expAE05,ULB_fETISh-KoriBU1,/Volumes/CrucialX8/computing/data/antarctica/ismip6_hackathon/ComputedScalarsHelene/expAE05/shelfmelt/computed_shelfmelt_AIS_ULB_fETISh-KoriBU1_expAE05.nc,14.32853490114212,12.78163194656372,-18.3848038315773,8.023954182863235,3.133181855082512,0.5886941682547331,11.246593296527863,1.6523418948054314,11.108483374118805,-30.347394943237305,1.5700951218605042,-1.9039696082472801,-4.091602936387062,-5.403232574462891,-4.439292475581169,-46.743243932724,-24.785104393959045,2.853609062731266,-1.5326590277254581,5.739539489150047,-3.41448150575161,-20.345553755760193,2.5046592620847545,6.6724941651131395,8.023953947800806
expAE05,ULB_fETISh-KoriBU2,/Volumes/CrucialX8/computing/data/antarctica/ismip6_hackathon/ComputedScalarsHelene/expAE05/shelfmelt/computed_shelfmelt_AIS_ULB_fETISh-KoriBU2_expAE05.nc,4.817734286189079,12.72384375333786,-16.734082996845245,12.005798518657684,3.892063722014427,0.9492346085608006,-1.0031507350504398,1.819334365427494,3.4977924078702927,0.2669514622539282,4.459922015666962,-0.9575691074132919,-3.478618711233139,-5.1312606781721115,-2.4794289842247963,-0.959907379001379,0.7205341942608356,-2.6798920705914497,2.674831449985504,5.9609223157167435,0.8681051433086395,-0.7439895998686552,4.1225257275577025,6.781839598515732,12.0057984828162
expAE05,UNN_Ua,/Volumes/CrucialX8/computing/data/antarctica/ismip6_hackathon/ComputedScalarsHelene/expAE05/shelfmelt/computed_shelfmelt_AIS_UNN_Ua_expAE05.nc,-18.771429359912872,9.105254709720612,6.3468217849731445,36.02472543716431,-4.134608060121536,-1.582312025129795,-4.507162794470787,-18.984095752239227,1.6113445162773132,-13.796521723270416,-5.397334694862366,-31.868866086006165,-16.800668835639954,-7.3502711951732635,-8.483994007110596,-15.302589535713196,-2.9451243579387665,-32.21498727798462,-2.2207504138350487,2.9906876385211945,-5.752238258719444,-13.455712795257568,-4.612543618645453,4.229269244967564,36.02472409365908
expAE05,UTAS_ElmerIce,/Volumes/CrucialX8/computing/data/antarctica/ismip6_hackathon/ComputedScalarsHelene/expAE05/shelfmelt/computed_shelfmelt_AIS_UTAS_ElmerIce_expAE05.nc,-12.926219403743744,12.272703647613525,-13.088561594486237,-32.43866264820099,0.19206891302019358,0.701680313795805,20.814399421215057,4.496476799249649,2.9076091945171356,2.5047048926353455,1.377264130860567,2.9698852449655533,-1.6700051724910736,-22.827069461345673,2.0101433619856834,-4.794716089963913,0.26499691884964705,-10.995017737150192,1.0581622831523418,2.7919884771108627,0.5083051044493914,-5.2884940057992935,0.6470547907804546,6.984483456475764,-32.43866335587802
expAE05,VUB_AISMPALEO,/Volumes/CrucialX8/computing/data/antarctica/ismip6_hackathon/ComputedScalarsHelene/expAE05/shelfmelt/computed_shelfmelt_AIS_VUB_AISMPALEO_expAE05.nc,-100.0,7.567577064037323,-100.0,-29.54341471195221,1.1953129433095455,1.1807224713265896,1.804962381720543,-87.82610297203064,1.093300711363554,-0.0387921289075166,1.6822762787342072,0.0,-92.540842294693,0.0,0.0,0.0,-1.210062112659216,-100.0,-1.952759362757206,-3.3225979655981064,-0.5373909138143063,-3.1531061977148056,1.3743106060669166,4.7094061128925935,-29.543414966528065
expAE05,VUW_PISM1,/Volumes/CrucialX8/computing/data/antarctica/ismip6_hackathon/ComputedScalarsHelene/expAE05/shelfmelt/computed_shelfmelt_AIS_VUW_PISM1_expAE05.nc,-69.12547945976257,-64.27167654037476,-50.94585418701172,-40.18458425998688,8.129759132862091,-16.253939270973206,-31.034618616104126,-41.50346219539642,-42.44978427886963,-11.618462204933167,12.724198400974274,7.491187751293182,-5.0571683794260025,36.94923222064972,-27.683943510055542,11.124753952026367,-26.802867650985718,-45.96900939941406,-20.763981342315674,-31.92688524723053,-10.328993946313858,-27.222412824630737,9.942449019392772,-41.77426040298489,-40.1845851403207
expAE05,VUW_PISM1_s1,/Volumes/CrucialX8/computing/data/antarctica/ismip6_hackathon/ComputedScalarsHelene/expAE05/shelfmelt/computed_shelfmelt_AIS_VUW_PISM1_s1_expAE05.nc,-61.80275082588196,-62.81517148017883,-50.04579424858093,-36.343541741371155,7.632989436388016,-17.20733344554901,-6.987835466861725,-36.422255635261536,-40.292105078697205,-8.427571505308151,12.421992421150208,-15.203285217285156,-7.145240902900696,69.85713839530945,-25.18755793571472,8.853787183761597,-24.835219979286194,-47.803160548210144,-19.373729825019836,-30.92575967311859,-8.362528681755066,-27.92063057422638,9.524335967132611,-41.45226677463403,-36.3435407109836
expAE05,VUW_PISM1_s2,/Volumes/CrucialX8/computing/data/antarctica/ismip6_hackathon/ComputedScalarsHelene/expAE05/shelfmelt/computed_shelfmelt_AIS_VUW_PISM1_s2_expAE05.nc,-69.4549560546875,-64.18837904930115,-54.25702929496765,-41.046249866485596,7.346184551715851,-15.807025134563446,-40.66965579986572,-42.97250509262085,-46.199437975883484,-7.262372970581055,11.693225800991058,16.22958928346634,-4.781651496887207,-7.70769864320755,-24.62252378463745,21.527528762817383,-20.196613669395447,-43.90312433242798,-21.30669355392456,-32.50060975551605,-11.564674973487854,-22.008824348449707,9.065712682243996,-41.506434526693226,-41.04624849669023
expAE05,VUW_PISM1_s3,/Volumes/CrucialX8/computing/data/antarctica/ismip6_hackathon/ComputedScalarsHelene/expAE05/shelfmelt/computed_shelfmelt_AIS_VUW_PISM1_s3_expAE05.nc,-55.412882566452026,-64.6053671836853,-50.94873905181885,-39.711952209472656,10.3204146027565,-16.070696711540222,-11.051055043935776,-43.552976846694946,-43.895065784454346,-9.49733480811119,11.755746603012085,7.244345545768738,4.04614619910717,39.267197251319885,-21.355755627155304,6.9217488169670105,-31.999346613883972,-45.29445469379425,-19.712604582309723,-30.477601289749146,-9.17261391878128,-29.679450392723083,10.88671058114476,-41.86575625786034,-39.71195080171364
expAE05,VUW_PISM1_s4,/Volumes/CrucialX8/computing/data/antarctica/ismip6_hackathon/ComputedScalarsHelene/expAE05/shelfmelt/computed_shelfmelt_AIS_VUW_PISM1_s4_expAE05.nc,-63.17437291145325,-64.25107717514038,-53.931522369384766,-42.11309850215912,7.755433768033981,-15.76526015996933,-34.98291075229645,-41.28787815570831,-42.44486689567566,-8.161813020706177,12.360389530658722,-4.64911013841629,-2.6264116168022156,20.717668533325195,-29.242193698883057,14.831207692623138,-28.656893968582153,-48.30213189125061,-21.072089672088623,-32.100266218185425,-10.676359385251999,-28.132039308547974,9.572273014587939,-41.534354484311685,-42.1130998776793
expAE05,VUW_PISM2,/Volumes/CrucialX8/computing/data/antarctica/ismip6_hackathon/ComputedScalarsHelene/expAE05/shelfmelt/computed_shelfmelt_AIS_VUW_PISM2_expAE05.nc,-56.21114373207092,-58.46646428108215,-44.998568296432495,-36.656635999679565,8.35212618112564,-15.099236369132996,-35.574543476104736,-26.6796737909317,-43.425533175468445,-2.109779790043831,16.324731707572937,26.563626527786255,1.9865773618221283,26.101836562156677,-11.645886301994324,23.287585377693176,-18.845656514167786,-35.975417494773865,-16.210581362247467,-28.16471755504608,-5.794547498226166,-17.34222024679184,11.491654191552684,-38.11502340976307,-36.65663712571652
expAE05,VUW_PISM2_s1,/Volumes/CrucialX8/computing/data/antarctica/ismip6_hackathon/ComputedScalarsHelene/expAE05/shelfmelt/computed_shelfmelt_AIS_VUW_PISM2_s1_expAE05.nc,-45.30622363090515,-59.42395329475403,-38.78590166568756,-22.81402200460434,8.605116605758667,-15.14318734407425,-4.732934758067131,-20.760515332221985,-39.30011689662933,-1.559111848473549,15.960468351840973,14.63368684053421,4.398755729198456,93.25893521308899,-9.025272727012634,14.946523308753967,-34.47359800338745,-37.80253231525421,-14.299912750720978,-26.903796195983887,-2.0467305555939674,-25.534075498580933,11.509558786835159,-38.683569085242134,-22.814021906979885
expAE05,VUW_PISM2_s2,/Volumes/CrucialX8/computing/data/antarctica/ismip6_hackathon/ComputedScalarsHelene/expAE05/shelfmelt/computed_shelfmelt_AIS_VUW_PISM2_s2_expAE05.nc,-56.32784366607666,-58.6706817150116,-41.07453227043152,-25.53487718105316,9.376860409975052,-14.829820394515991,-18.191517889499664,-31.408658623695374,-43.04212033748627,2.883370965719223,15.886811912059784,38.013434410095215,0.5649918224662542,9.72389429807663,-14.080257713794708,17.325636744499207,-16.00658893585205,-36.64453625679016,-15.66486656665802,-27.054741978645325,-5.560209229588509,-18.0243119597435,11.951596621385592,-38.10352831576821,-25.534877543683194
expAE05,VUW_PISM2_s3,/Volumes/CrucialX8/computing/data/antarctica/ismip6_hackathon/ComputedScalarsHelene/expAE05/shelfmelt/computed_shelfmelt_AIS_VUW_PISM2_s3_expAE05.nc,-56.44235014915466,-59.17031764984131,-44.744181632995605,-33.60007703304291,12.28054016828537,-16.085757315158844,-14.795976877212524,-34.11015570163727,-42.09004044532776,-6.66433572769165,15.252012014389038,31.378385424613953,20.865295827388763,58.91885161399841,-9.680089354515076,27.764412760734558,-11.210645735263824,-37.5559538602829,-14.939050376415253,-26.67451798915863,-4.92309108376503,-14.3146812915802,13.452699574936009,-38.95096148856989,-33.600075611026284
expAE05,VUW_PISM2_s4,/Volumes/CrucialX8/computing/data/antarctica/ismip6_hackathon/ComputedScalarsHelene/expAE05/shelfmelt/computed_shelfmelt_AIS_VUW_PISM2_s4_expAE05.nc,-57.574260234832764,-59.40362215042114,-44.000813364982605,-34.329572319984436,7.992463558912277,-16.412314772605896,-30.669742822647095,-34.72069203853607,-42.351728677749634,-4.654377326369286,16.208714246749878,15.993452072143555,-0.730401324108243,9.213277697563171,-11.837658286094666,12.11669147014618,-14.12217766046524,-37.720271944999695,-17.453663051128387,-28.612664341926575,-7.6891981065273285,-18.740256130695343,11.233536333774845,-39.22802723396239,-34.329572982471
