,Experiment,Model,Path,AIS,Amundsen,Ross,FilchnerRonne,WestAntarctica,EastAntarctica,Peninsula
0,expAE02,DC_ISSM,/Volumes/CrucialX8/computing/data/antarctica/ismip6_hackathon/ComputedScalarsHelene/expAE02/shelfmelt/computed_shelfmelt_AIS_DC_ISSM_expAE02.nc,1.3644978255745626,0.7376074823817064,2.8931007247990155,3.59937689633177,1.6789671623670681,2.9263354299150146,2.89433438410067
1,expAE02,IGE_ElmerIce,/Volumes/CrucialX8/computing/data/antarctica/ismip6_hackathon/ComputedScalarsHelene/expAE02/shelfmelt/computed_shelfmelt_AIS_IGE_ElmerIce_expAE02.nc,0.7273083575598139,2.933997589550632,2.0169564159883464,1.4457328393240567,0.7912258662278759,1.8004948794182196,8.851900745931156
2,expAE02,ILTS_SICOPOLIS,/Volumes/CrucialX8/computing/data/antarctica/ismip6_hackathon/ComputedScalarsHelene/expAE02/shelfmelt/computed_shelfmelt_AIS_ILTS_SICOPOLIS_expAE02.nc,2.6281201700699497,1.6647904176538542,3.0113561644037166,3.1940405030126144,2.0521668248107665,2.22869595938704,3.2058899792839006
3,expAE02,LSCE_GRISLI2,/Volumes/CrucialX8/computing/data/antarctica/ismip6_hackathon/ComputedScalarsHelene/expAE02/shelfmelt/computed_shelfmelt_AIS_LSCE_GRISLI2_expAE02.nc,3.041398840689603,0.7676275224649565,3.200214469831976,1.6174615729217343,2.3982627366179794,2.806000213209355,4.71626284902276
4,expAE02,LSCE_GRISLI,/Volumes/CrucialX8/computing/data/antarctica/ismip6_hackathon/ComputedScalarsHelene/expAE02/shelfmelt/computed_shelfmelt_AIS_LSCE_GRISLI_expAE02.nc,3.188877740897536,1.328622137864664,2.9027523732805274,1.4481340065894244,2.6149012998578005,3.074456639293417,6.228892081608621
5,expAE02,NCAR_CISM1,/Volumes/CrucialX8/computing/data/antarctica/ismip6_hackathon/ComputedScalarsHelene/expAE02/shelfmelt/computed_shelfmelt_AIS_NCAR_CISM1_expAE02.nc,1.5548529267991513,1.643832986815072,3.2477004482753613,4.2730370201609,1.8308550753446542,4.140660760793627,1.4473744932384587
6,expAE02,NCAR_CISM2,/Volumes/CrucialX8/computing/data/antarctica/ismip6_hackathon/ComputedScalarsHelene/expAE02/shelfmelt/computed_shelfmelt_AIS_NCAR_CISM2_expAE02.nc,1.1551948515447517,2.3762055729464286,3.6547311159563183,3.533381963912504,1.5593757697518238,5.983661447444411,1.9954395328506636
7,expAE02,NORCE_CISM2-MAR364-ERA-t1,/Volumes/CrucialX8/computing/data/antarctica/ismip6_hackathon/ComputedScalarsHelene/expAE02/shelfmelt/computed_shelfmelt_AIS_NORCE_CISM2-MAR364-ERA-t1_expAE02.nc,9.986654807537294,4.826949800281227,2.4899120979318483,5.397376510437011,2.717969983992097,9.026035191759425,7.21227742590767
8,expAE02,NORCE_CISM3-MAR364-ERA-t1-local,/Volumes/CrucialX8/computing/data/antarctica/ismip6_hackathon/ComputedScalarsHelene/expAE02/shelfmelt/computed_shelfmelt_AIS_NORCE_CISM3-MAR364-ERA-t1-local_expAE02.nc,1.379207934465969,1.6930266931231581,3.303294041699869,3.9962263403849176,2.251927105156395,4.726087574442886,3.140228296860132
9,expAE02,NORCE_CISM3-MAR364-ERA-t1-nonlocal,/Volumes/CrucialX8/computing/data/antarctica/ismip6_hackathon/ComputedScalarsHelene/expAE02/shelfmelt/computed_shelfmelt_AIS_NORCE_CISM3-MAR364-ERA-t1-nonlocal_expAE02.nc,1.2560687907854688,2.1224650474503113,1.8592522804094451,3.1913372586444035,1.4843825518831362,3.4288323085385604,2.1117764497830125
10,expAE02,NORCE_CISM3-MAR364-ERA-t1,/Volumes/CrucialX8/computing/data/antarctica/ismip6_hackathon/ComputedScalarsHelene/expAE02/shelfmelt/computed_shelfmelt_AIS_NORCE_CISM3-MAR364-ERA-t1_expAE02.nc,7.647080002197638,4.062031540616464,2.4445091917860604,2.5924103612464844,2.819183081677824,7.8114341154477325,9.632102018376672
11,expAE02,NORCE_CISM4-MAR364-ERA-t1-local,/Volumes/CrucialX8/computing/data/antarctica/ismip6_hackathon/ComputedScalarsHelene/expAE02/shelfmelt/computed_shelfmelt_AIS_NORCE_CISM4-MAR364-ERA-t1-local_expAE02.nc,4.272783044508912,1.1182522113147455,2.535439271755866,4.284185685168535,1.9491512519486953,4.543579702134013,2.0923133752033616
12,expAE02,NORCE_CISM4-MAR364-ERA-t1-nonlocal,/Volumes/CrucialX8/computing/data/antarctica/ismip6_hackathon/ComputedScalarsHelene/expAE02/shelfmelt/computed_shelfmelt_AIS_NORCE_CISM4-MAR364-ERA-t1-nonlocal_expAE02.nc,0.8083780715295916,0.6881696822630392,1.5556283217428517,3.302762600473351,0.8931414830419722,3.292782006225626,1.9555039592323777
13,expAE02,NORCE_CISM4-MAR364-ERA-t1,/Volumes/CrucialX8/computing/data/antarctica/ismip6_hackathon/ComputedScalarsHelene/expAE02/shelfmelt/computed_shelfmelt_AIS_NORCE_CISM4-MAR364-ERA-t1_expAE02.nc,6.647657227055288,2.4072851366248305,2.0882310714748322,2.5055304192512846,2.6855878730387217,7.558267523182671,2.606626734986059
14,expAE02,NORCE_CISM4-MAR364-JRA-t1,/Volumes/CrucialX8/computing/data/antarctica/ismip6_hackathon/ComputedScalarsHelene/expAE02/shelfmelt/computed_shelfmelt_AIS_NORCE_CISM4-MAR364-JRA-t1_expAE02.nc,6.705002127050023,2.5108127478933753,1.7442995089048094,2.498750460403033,2.6007963305014563,7.561742581014587,2.682486583681063
15,expAE02,NORCE_CISM5-MAR364-ERA-t1-local,/Volumes/CrucialX8/computing/data/antarctica/ismip6_hackathon/ComputedScalarsHelene/expAE02/shelfmelt/computed_shelfmelt_AIS_NORCE_CISM5-MAR364-ERA-t1-local_expAE02.nc,1.2959931403694094,2.259273518025946,2.8372688850671373,3.9476363203421183,1.9441688958966987,4.390388290621323,3.3615493536769563
16,expAE02,NORCE_CISM5-MAR364-ERA-t1-nonlocal,/Volumes/CrucialX8/computing/data/antarctica/ismip6_hackathon/ComputedScalarsHelene/expAE02/shelfmelt/computed_shelfmelt_AIS_NORCE_CISM5-MAR364-ERA-t1-nonlocal_expAE02.nc,1.088908154488085,1.6516693739702966,1.732939160624302,3.530028338981149,0.7811787114431828,3.3422381413389983,2.3759433279267648
17,expAE02,NORCE_CISM5-MAR364-ERA-t1,/Volumes/CrucialX8/computing/data/antarctica/ismip6_hackathon/ComputedScalarsHelene/expAE02/shelfmelt/computed_shelfmelt_AIS_NORCE_CISM5-MAR364-ERA-t1_expAE02.nc,1.4771535435685634,1.5263463058258218,1.5084505509290964,1.9882836459143058,1.9722754615704923,4.457972196404742,3.349675645758593
18,expAE02,PIK_PISM,/Volumes/CrucialX8/computing/data/antarctica/ismip6_hackathon/ComputedScalarsHelene/expAE02/shelfmelt/computed_shelfmelt_AIS_PIK_PISM_expAE02.nc,2.0462372055976825,1.8260381225460438,3.8841524374360046,2.503418630389416,2.449376574433704,1.7744874311873327,14.651272241360136
19,expAE02,UCM_Yelmo,/Volumes/CrucialX8/computing/data/antarctica/ismip6_hackathon/ComputedScalarsHelene/expAE02/shelfmelt/computed_shelfmelt_AIS_UCM_Yelmo_expAE02.nc,4.82766201482995,6.7983472472018915,4.845800211715777,2.2572473662818884,5.20151717725058,3.467652330454666,4.902539816831336
20,expAE02,UCSD_ISSM,/Volumes/CrucialX8/computing/data/antarctica/ismip6_hackathon/ComputedScalarsHelene/expAE02/shelfmelt/computed_shelfmelt_AIS_UCSD_ISSM_expAE02.nc,0.9882356257767594,4.67677817800628,3.3139959563196792,5.066124280964854,1.0879164309384828,0.5372956776923045,1.2111344256056031
21,expAE02,ULB_fETISh-KoriBU1,/Volumes/CrucialX8/computing/data/antarctica/ismip6_hackathon/ComputedScalarsHelene/expAE02/shelfmelt/computed_shelfmelt_AIS_ULB_fETISh-KoriBU1_expAE02.nc,4.3777809388230775,4.884357189816157,2.7782448879901054,6.95695136809057,2.1229346386516648,5.077545738144774,25.962233375502297
22,expAE02,ULB_fETISh-KoriBU2,/Volumes/CrucialX8/computing/data/antarctica/ismip6_hackathon/ComputedScalarsHelene/expAE02/shelfmelt/computed_shelfmelt_AIS_ULB_fETISh-KoriBU2_expAE02.nc,1.284749015290578,1.3638759926996997,3.5086891107058906,2.7943715056866876,2.0428330731375053,1.016424070693811,4.121956285035295
23,expAE02,UNN_Ua,/Volumes/CrucialX8/computing/data/antarctica/ismip6_hackathon/ComputedScalarsHelene/expAE02/shelfmelt/computed_shelfmelt_AIS_UNN_Ua_expAE02.nc,1.4608091445628149,2.9489815676178877,3.820505025537656,3.6666997134287027,1.964747427426467,4.91620587145951,2.8382893733554417
24,expAE02,UTAS_ElmerIce,/Volumes/CrucialX8/computing/data/antarctica/ismip6_hackathon/ComputedScalarsHelene/expAE02/shelfmelt/computed_shelfmelt_AIS_UTAS_ElmerIce_expAE02.nc,3.248523311331619,1.2701604869484209,3.1173678296300578,2.3765619551022,2.9581405420759066,3.567307986030024,4.083098724819305
25,expAE02,VUB_AISMPALEO,/Volumes/CrucialX8/computing/data/antarctica/ismip6_hackathon/ComputedScalarsHelene/expAE02/shelfmelt/computed_shelfmelt_AIS_VUB_AISMPALEO_expAE02.nc,2.6476937289176243,17.55957426300803,3.234222135882361,1.6259088554735845,2.532955197377537,3.052575668474277,3.9398293256997627
26,expAE02,VUW_PISM1,/Volumes/CrucialX8/computing/data/antarctica/ismip6_hackathon/ComputedScalarsHelene/expAE02/shelfmelt/computed_shelfmelt_AIS_VUW_PISM1_expAE02.nc,8.369785373756473,1.2201637432324663,3.5935365220846873,2.178713260203265,6.198981276246462,9.664042974318177,30.690061416065056
27,expAE02,VUW_PISM1_s1,/Volumes/CrucialX8/computing/data/antarctica/ismip6_hackathon/ComputedScalarsHelene/expAE02/shelfmelt/computed_shelfmelt_AIS_VUW_PISM1_s1_expAE02.nc,22.651001362603463,40.29563419328277,27.771246991740718,65.39487008215586,18.61106070231805,17.074877767143555,17.76029844681566
28,expAE02,VUW_PISM1_s2,/Volumes/CrucialX8/computing/data/antarctica/ismip6_hackathon/ComputedScalarsHelene/expAE02/shelfmelt/computed_shelfmelt_AIS_VUW_PISM1_s2_expAE02.nc,8.497983566981123,1.0241032681765312,3.9035615309744864,2.224000467294681,6.342859350585971,9.848817842005692,29.19931197226727
29,expAE02,VUW_PISM1_s3,/Volumes/CrucialX8/computing/data/antarctica/ismip6_hackathon/ComputedScalarsHelene/expAE02/shelfmelt/computed_shelfmelt_AIS_VUW_PISM1_s3_expAE02.nc,8.546498638547387,1.2369676467368338,4.17973571648217,2.2079274342348745,6.286074459685655,9.6614778041773,29.774324328927822
30,expAE02,VUW_PISM1_s4,/Volumes/CrucialX8/computing/data/antarctica/ismip6_hackathon/ComputedScalarsHelene/expAE02/shelfmelt/computed_shelfmelt_AIS_VUW_PISM1_s4_expAE02.nc,8.258267795429838,1.0652927425198548,3.543623188333848,2.2126231031239176,6.257406234590704,9.336417983343951,29.070310786310245
31,expAE02,VUW_PISM2,/Volumes/CrucialX8/computing/data/antarctica/ismip6_hackathon/ComputedScalarsHelene/expAE02/shelfmelt/computed_shelfmelt_AIS_VUW_PISM2_expAE02.nc,7.739400638586437,0.7529195547715745,2.9231584060231017,3.5462742358982746,5.481556467834779,9.11286765399113,28.253270710899375
32,expAE02,VUW_PISM2_s1,/Volumes/CrucialX8/computing/data/antarctica/ismip6_hackathon/ComputedScalarsHelene/expAE02/shelfmelt/computed_shelfmelt_AIS_VUW_PISM2_s1_expAE02.nc,7.522488927899045,0.7240872605936529,2.5970446001775347,3.3723890638040164,5.307083152162817,8.805163458763221,27.693948875819498
33,expAE02,VUW_PISM2_s2,/Volumes/CrucialX8/computing/data/antarctica/ismip6_hackathon/ComputedScalarsHelene/expAE02/shelfmelt/computed_shelfmelt_AIS_VUW_PISM2_s2_expAE02.nc,8.236032164190144,0.9350860447402657,3.254580535491917,3.605666950922346,5.89019833468469,9.51192229199919,30.599479313974935
34,expAE02,VUW_PISM2_s3,/Volumes/CrucialX8/computing/data/antarctica/ismip6_hackathon/ComputedScalarsHelene/expAE02/shelfmelt/computed_shelfmelt_AIS_VUW_PISM2_s3_expAE02.nc,8.092788511619506,1.3965456134296477,3.5348088843233443,3.6656043598913923,5.9148253582501,9.262640252972364,29.016514372826556
35,expAE02,VUW_PISM2_s4,/Volumes/CrucialX8/computing/data/antarctica/ismip6_hackathon/ComputedScalarsHelene/expAE02/shelfmelt/computed_shelfmelt_AIS_VUW_PISM2_s4_expAE02.nc,7.393276330391621,0.8876442949926979,2.9238924589113395,3.5659875832574683,1.7324857262324638,8.996826487738323,28.783798090147723
36,expAE03,DC_ISSM,/Volumes/CrucialX8/computing/data/antarctica/ismip6_hackathon/ComputedScalarsHelene/expAE03/shelfmelt/computed_shelfmelt_AIS_DC_ISSM_expAE03.nc,1.8963262154199714,1.6285362819613982,3.0811851622540827,2.198144274633999,1.9813698475024277,1.9775330713773163,2.7505474416302604
37,expAE03,IGE_ElmerIce,/Volumes/CrucialX8/computing/data/antarctica/ismip6_hackathon/ComputedScalarsHelene/expAE03/shelfmelt/computed_shelfmelt_AIS_IGE_ElmerIce_expAE03.nc,1.2017612669435351,3.04454596515227,9.64400863388941,2.45994802893249,0.7966551818128661,2.7472611159989246,3.1707017892378833
38,expAE03,ILTS_SICOPOLIS,/Volumes/CrucialX8/computing/data/antarctica/ismip6_hackathon/ComputedScalarsHelene/expAE03/shelfmelt/computed_shelfmelt_AIS_ILTS_SICOPOLIS_expAE03.nc,2.895069123269024,2.720439077595434,3.2892515825825703,2.1821054097416486,3.1214865795066498,2.664787930694088,1.4690410483884218
39,expAE03,LSCE_GRISLI2,/Volumes/CrucialX8/computing/data/antarctica/ismip6_hackathon/ComputedScalarsHelene/expAE03/shelfmelt/computed_shelfmelt_AIS_LSCE_GRISLI2_expAE03.nc,3.4620964539349512,2.473322924039077,3.383830161724933,2.5646352134150097,2.753607394726858,3.5992696131352786,12.52614529372043
40,expAE03,LSCE_GRISLI,/Volumes/CrucialX8/computing/data/antarctica/ismip6_hackathon/ComputedScalarsHelene/expAE03/shelfmelt/computed_shelfmelt_AIS_LSCE_GRISLI_expAE03.nc,3.525356814144647,1.9900380340062491,3.3100799708150053,2.5059510370104756,2.9700141198561365,4.040150066212365,11.462185665084357
41,expAE03,NCAR_CISM1,/Volumes/CrucialX8/computing/data/antarctica/ismip6_hackathon/ComputedScalarsHelene/expAE03/shelfmelt/computed_shelfmelt_AIS_NCAR_CISM1_expAE03.nc,2.122177333615618,2.1784024144489855,3.3118077508124726,2.656969035067649,2.0070003845987703,2.669085045351671,2.8787848676161216
42,expAE03,NCAR_CISM2,/Volumes/CrucialX8/computing/data/antarctica/ismip6_hackathon/ComputedScalarsHelene/expAE03/shelfmelt/computed_shelfmelt_AIS_NCAR_CISM2_expAE03.nc,1.9834217632395772,2.8716678876133037,3.0475569032886374,2.9231668307359895,2.6327692560393805,1.9648960321577729,2.111153444317346
43,expAE03,NORCE_CISM2-MAR364-ERA-t1,/Volumes/CrucialX8/computing/data/antarctica/ismip6_hackathon/ComputedScalarsHelene/expAE03/shelfmelt/computed_shelfmelt_AIS_NORCE_CISM2-MAR364-ERA-t1_expAE03.nc,3.035670052499142,3.3570595323730266,2.3180274846328026,5.549424317432507,2.1541660036002344,4.111536403764142,11.365785530441554
44,expAE03,NORCE_CISM3-MAR364-ERA-t1-local,/Volumes/CrucialX8/computing/data/antarctica/ismip6_hackathon/ComputedScalarsHelene/expAE03/shelfmelt/computed_shelfmelt_AIS_NORCE_CISM3-MAR364-ERA-t1-local_expAE03.nc,2.2600598170423254,1.4872012355578441,2.5126906955262704,2.656184880910979,2.2653925633466647,2.418128452298924,5.592023200545718
45,expAE03,NORCE_CISM3-MAR364-ERA-t1-nonlocal,/Volumes/CrucialX8/computing/data/antarctica/ismip6_hackathon/ComputedScalarsHelene/expAE03/shelfmelt/computed_shelfmelt_AIS_NORCE_CISM3-MAR364-ERA-t1-nonlocal_expAE03.nc,1.6866946523025876,1.8891509853614152,2.134192391966445,2.55092684016371,1.634036092808835,2.005741305403317,7.571845385677895
46,expAE03,NORCE_CISM3-MAR364-ERA-t1,/Volumes/CrucialX8/computing/data/antarctica/ismip6_hackathon/ComputedScalarsHelene/expAE03/shelfmelt/computed_shelfmelt_AIS_NORCE_CISM3-MAR364-ERA-t1_expAE03.nc,3.110825204279933,2.9287646136958103,2.5587518905316524,3.859393916387656,2.4268719813618733,2.767865222657696,8.9103010488156
47,expAE03,NORCE_CISM4-MAR364-ERA-t1-local,/Volumes/CrucialX8/computing/data/antarctica/ismip6_hackathon/ComputedScalarsHelene/expAE03/shelfmelt/computed_shelfmelt_AIS_NORCE_CISM4-MAR364-ERA-t1-local_expAE03.nc,2.0107116123923867,1.5588727701876688,2.569868787713008,2.8490741855378294,1.9434467510013431,2.2373372850243434,2.162668654144716
48,expAE03,NORCE_CISM4-MAR364-ERA-t1-nonlocal,/Volumes/CrucialX8/computing/data/antarctica/ismip6_hackathon/ComputedScalarsHelene/expAE03/shelfmelt/computed_shelfmelt_AIS_NORCE_CISM4-MAR364-ERA-t1-nonlocal_expAE03.nc,1.4928597607866156,1.2364063933536842,1.982315118814575,2.4954067697086537,1.3838618100357196,1.940752000592651,3.982142027478673
49,expAE03,NORCE_CISM4-MAR364-ERA-t1,/Volumes/CrucialX8/computing/data/antarctica/ismip6_hackathon/ComputedScalarsHelene/expAE03/shelfmelt/computed_shelfmelt_AIS_NORCE_CISM4-MAR364-ERA-t1_expAE03.nc,2.806859498234796,3.08970415393629,2.2569712544151432,2.775472765504793,1.7446574086119566,3.279144879098868,4.408717087420171
50,expAE03,NORCE_CISM4-MAR364-JRA-t1,/Volumes/CrucialX8/computing/data/antarctica/ismip6_hackathon/ComputedScalarsHelene/expAE03/shelfmelt/computed_shelfmelt_AIS_NORCE_CISM4-MAR364-JRA-t1_expAE03.nc,2.6535114395308264,2.5849371247780217,1.961359878844258,2.7535626135209497,1.60100507269847,3.458006332752888,4.3650377033976815
51,expAE03,NORCE_CISM5-MAR364-ERA-t1-local,/Volumes/CrucialX8/computing/data/antarctica/ismip6_hackathon/ComputedScalarsHelene/expAE03/shelfmelt/computed_shelfmelt_AIS_NORCE_CISM5-MAR364-ERA-t1-local_expAE03.nc,2.19557206732628,2.858727362465534,2.5102566351703914,2.5517996301483783,1.7881707597397496,2.6270677443513493,4.4394374737860955
52,expAE03,NORCE_CISM5-MAR364-ERA-t1-nonlocal,/Volumes/CrucialX8/computing/data/antarctica/ismip6_hackathon/ComputedScalarsHelene/expAE03/shelfmelt/computed_shelfmelt_AIS_NORCE_CISM5-MAR364-ERA-t1-nonlocal_expAE03.nc,1.7149778879596844,1.7622004698355453,2.2032397071145913,2.1801208962931895,1.360829683268649,2.126913805181908,4.32226708604862
53,expAE03,NORCE_CISM5-MAR364-ERA-t1,/Volumes/CrucialX8/computing/data/antarctica/ismip6_hackathon/ComputedScalarsHelene/expAE03/shelfmelt/computed_shelfmelt_AIS_NORCE_CISM5-MAR364-ERA-t1_expAE03.nc,1.842212286172298,1.4894868245385313,1.8800573477887261,1.624517516216519,1.2074999787201204,2.199768574932847,4.810946381696176
54,expAE03,PIK_PISM,/Volumes/CrucialX8/computing/data/antarctica/ismip6_hackathon/ComputedScalarsHelene/expAE03/shelfmelt/computed_shelfmelt_AIS_PIK_PISM_expAE03.nc,1.4863241264281863,8.64365641808569,4.219350452261085,2.633935323343251,1.989371625458243,1.540964978556159,4.088350767517186
55,expAE03,UCM_Yelmo,/Volumes/CrucialX8/computing/data/antarctica/ismip6_hackathon/ComputedScalarsHelene/expAE03/shelfmelt/computed_shelfmelt_AIS_UCM_Yelmo_expAE03.nc,4.7640137068432775,5.014503296471492,3.584070801347581,2.0238546611181234,2.2385100455556373,2.45693776490064,4.7104111460464555
56,expAE03,UCSD_ISSM,/Volumes/CrucialX8/computing/data/antarctica/ismip6_hackathon/ComputedScalarsHelene/expAE03/shelfmelt/computed_shelfmelt_AIS_UCSD_ISSM_expAE03.nc,1.9297908943172188,1.977091397908098,4.686860959483045,5.733082882940282,2.792414592275512,1.8467268034823976,1.7342501981142282
57,expAE03,ULB_fETISh-KoriBU1,/Volumes/CrucialX8/computing/data/antarctica/ismip6_hackathon/ComputedScalarsHelene/expAE03/shelfmelt/computed_shelfmelt_AIS_ULB_fETISh-KoriBU1_expAE03.nc,6.48099356091705,2.7660421764035186,6.289775020320958,20.537691361336147,4.0571927085835355,8.529864291310796,6.228022023774145
58,expAE03,ULB_fETISh-KoriBU2,/Volumes/CrucialX8/computing/data/antarctica/ismip6_hackathon/ComputedScalarsHelene/expAE03/shelfmelt/computed_shelfmelt_AIS_ULB_fETISh-KoriBU2_expAE03.nc,1.6545397647407818,2.3135269413199646,2.7868790381328576,2.315231365024382,1.5550102978214817,2.535023136917623,5.343761954139854
59,expAE03,UNN_Ua,/Volumes/CrucialX8/computing/data/antarctica/ismip6_hackathon/ComputedScalarsHelene/expAE03/shelfmelt/computed_shelfmelt_AIS_UNN_Ua_expAE03.nc,1.4326910785153102,2.4905278813456757,3.374686944774294,2.30882530675111,1.4384289528731726,3.675197946210093,1.8323035437455706
60,expAE03,UTAS_ElmerIce,/Volumes/CrucialX8/computing/data/antarctica/ismip6_hackathon/ComputedScalarsHelene/expAE03/shelfmelt/computed_shelfmelt_AIS_UTAS_ElmerIce_expAE03.nc,2.0058213790431036,1.8449871794078274,2.743300092577548,2.104941358900877,1.5960561617205815,2.4023405088886363,1.8593397232758446
61,expAE03,VUB_AISMPALEO,/Volumes/CrucialX8/computing/data/antarctica/ismip6_hackathon/ComputedScalarsHelene/expAE03/shelfmelt/computed_shelfmelt_AIS_VUB_AISMPALEO_expAE03.nc,2.0927130831801968,20.25475008574665,2.370703898148267,2.1174193312782985,1.9290257989246256,2.743622306264367,7.043105879713071
62,expAE03,VUW_PISM1,/Volumes/CrucialX8/computing/data/antarctica/ismip6_hackathon/ComputedScalarsHelene/expAE03/shelfmelt/computed_shelfmelt_AIS_VUW_PISM1_expAE03.nc,18.021145675455212,2.4312860273985515,12.100184440243028,5.1467915354386,7.8122404878225415,27.783368389602014,7.829640369325825
63,expAE03,VUW_PISM1_s1,/Volumes/CrucialX8/computing/data/antarctica/ismip6_hackathon/ComputedScalarsHelene/expAE03/shelfmelt/computed_shelfmelt_AIS_VUW_PISM1_s1_expAE03.nc,18.280467568524102,2.26410658901355,12.003188997513615,5.279111588411406,7.599279831520819,29.19530848837832,7.174653868491214
64,expAE03,VUW_PISM1_s2,/Volumes/CrucialX8/computing/data/antarctica/ismip6_hackathon/ComputedScalarsHelene/expAE03/shelfmelt/computed_shelfmelt_AIS_VUW_PISM1_s2_expAE03.nc,18.14117061489997,2.657640922120832,12.478040423920302,5.484341112948473,8.360438102905093,26.60816975480298,7.822148652403518
65,expAE03,VUW_PISM1_s3,/Volumes/CrucialX8/computing/data/antarctica/ismip6_hackathon/ComputedScalarsHelene/expAE03/shelfmelt/computed_shelfmelt_AIS_VUW_PISM1_s3_expAE03.nc,18.196706277855203,3.0410647488645894,12.664559423621208,5.491714522758043,7.815699442168403,28.98196152664539,6.762523970842984
66,expAE03,VUW_PISM1_s4,/Volumes/CrucialX8/computing/data/antarctica/ismip6_hackathon/ComputedScalarsHelene/expAE03/shelfmelt/computed_shelfmelt_AIS_VUW_PISM1_s4_expAE03.nc,18.356143965931633,2.2064364346706564,12.124624594381835,5.563855537218303,7.884884205357769,28.609249508454386,8.048890869880607
67,expAE03,VUW_PISM2,/Volumes/CrucialX8/computing/data/antarctica/ismip6_hackathon/ComputedScalarsHelene/expAE03/shelfmelt/computed_shelfmelt_AIS_VUW_PISM2_expAE03.nc,2.4621539009841693,0.7432244636451086,11.336514358043495,5.619557048459649,1.7075299230928234,24.69419401886464,3.539012416635994
68,expAE03,VUW_PISM2_s1,/Volumes/CrucialX8/computing/data/antarctica/ismip6_hackathon/ComputedScalarsHelene/expAE03/shelfmelt/computed_shelfmelt_AIS_VUW_PISM2_s1_expAE03.nc,2.498984221001474,0.7351834960373428,10.969864551655139,5.298275041305633,1.5341054428153664,26.228973639634123,2.9877871872798702
69,expAE03,VUW_PISM2_s2,/Volumes/CrucialX8/computing/data/antarctica/ismip6_hackathon/ComputedScalarsHelene/expAE03/shelfmelt/computed_shelfmelt_AIS_VUW_PISM2_s2_expAE03.nc,14.930350299483761,0.7489952159258575,11.573717592417891,5.341359269676434,1.8530736840492488,25.441155858191816,4.483932935824358
70,expAE03,VUW_PISM2_s3,/Volumes/CrucialX8/computing/data/antarctica/ismip6_hackathon/ComputedScalarsHelene/expAE03/shelfmelt/computed_shelfmelt_AIS_VUW_PISM2_s3_expAE03.nc,16.118013032898045,1.4727215916114471,11.919131961463798,5.521870917699359,6.941564526497721,26.177940833711844,3.45326145071257
71,expAE03,VUW_PISM2_s4,/Volumes/CrucialX8/computing/data/antarctica/ismip6_hackathon/ComputedScalarsHelene/expAE03/shelfmelt/computed_shelfmelt_AIS_VUW_PISM2_s4_expAE03.nc,2.6230911926793152,0.6202141739125556,11.203668919831628,5.58820647222557,1.726494896259146,25.47096937218052,3.5368891843523222
72,expAE04,DC_ISSM,/Volumes/CrucialX8/computing/data/antarctica/ismip6_hackathon/ComputedScalarsHelene/expAE04/shelfmelt/computed_shelfmelt_AIS_DC_ISSM_expAE04.nc,1.4913792455394335,1.2004600065919317,2.092343707037343,2.3263936483048955,1.4531787335764015,1.743382200584131,3.036303644069826
73,expAE04,IGE_ElmerIce,/Volumes/CrucialX8/computing/data/antarctica/ismip6_hackathon/ComputedScalarsHelene/expAE04/shelfmelt/computed_shelfmelt_AIS_IGE_ElmerIce_expAE04.nc,2.6550962123562374,2.934054654049375,4.197635795130349,1.3259374721597688,1.702418597783252,3.530542245320403,1.8907852003938241
74,expAE04,ILTS_SICOPOLIS,/Volumes/CrucialX8/computing/data/antarctica/ismip6_hackathon/ComputedScalarsHelene/expAE04/shelfmelt/computed_shelfmelt_AIS_ILTS_SICOPOLIS_expAE04.nc,2.769655789426383,2.53919419908412,3.137102931882846,2.6242473022896027,2.873034935146697,2.912117989312225,5.275425546845048
75,expAE04,LSCE_GRISLI2,/Volumes/CrucialX8/computing/data/antarctica/ismip6_hackathon/ComputedScalarsHelene/expAE04/shelfmelt/computed_shelfmelt_AIS_LSCE_GRISLI2_expAE04.nc,3.6760485054416647,1.4674592998330955,3.601279504573898,2.953784119154185,2.726262556355474,3.3940246969800336,7.756218302854581
76,expAE04,LSCE_GRISLI,/Volumes/CrucialX8/computing/data/antarctica/ismip6_hackathon/ComputedScalarsHelene/expAE04/shelfmelt/computed_shelfmelt_AIS_LSCE_GRISLI_expAE04.nc,3.2842884761220943,1.6491003461988416,3.1490665090224987,2.84409652871807,2.90441136605405,3.3055168146079428,9.629960839541427
77,expAE04,NCAR_CISM1,/Volumes/CrucialX8/computing/data/antarctica/ismip6_hackathon/ComputedScalarsHelene/expAE04/shelfmelt/computed_shelfmelt_AIS_NCAR_CISM1_expAE04.nc,1.815526830670889,1.9925983951260315,2.73715591895131,3.381692877449309,2.0372815025050666,1.8932520197516722,1.5425458703709891
78,expAE04,NCAR_CISM2,/Volumes/CrucialX8/computing/data/antarctica/ismip6_hackathon/ComputedScalarsHelene/expAE04/shelfmelt/computed_shelfmelt_AIS_NCAR_CISM2_expAE04.nc,2.0330893439997424,2.5938214362926235,2.8695406891465556,4.477933898116002,2.4833283218682443,3.103319628633133,0.891909025712982
79,expAE04,NORCE_CISM2-MAR364-ERA-t1,/Volumes/CrucialX8/computing/data/antarctica/ismip6_hackathon/ComputedScalarsHelene/expAE04/shelfmelt/computed_shelfmelt_AIS_NORCE_CISM2-MAR364-ERA-t1_expAE04.nc,2.2057700270488905,2.4014716564139675,3.9909939745550105,12.397311278798135,2.7504565678589517,3.203876654449827,3.115530305545776
80,expAE04,NORCE_CISM3-MAR364-ERA-t1-local,/Volumes/CrucialX8/computing/data/antarctica/ismip6_hackathon/ComputedScalarsHelene/expAE04/shelfmelt/computed_shelfmelt_AIS_NORCE_CISM3-MAR364-ERA-t1-local_expAE04.nc,1.9942162413755158,1.6722872529871906,1.9513794594333562,3.9112345454366206,2.1886171177206193,1.8565406792921413,2.1423245221298464
81,expAE04,NORCE_CISM3-MAR364-ERA-t1-nonlocal,/Volumes/CrucialX8/computing/data/antarctica/ismip6_hackathon/ComputedScalarsHelene/expAE04/shelfmelt/computed_shelfmelt_AIS_NORCE_CISM3-MAR364-ERA-t1-nonlocal_expAE04.nc,1.3476342807971857,1.7830070392978765,2.1736124781282515,2.784946458126223,1.5071497568923886,1.2726522382268861,1.195906108174345
82,expAE04,NORCE_CISM3-MAR364-ERA-t1,/Volumes/CrucialX8/computing/data/antarctica/ismip6_hackathon/ComputedScalarsHelene/expAE04/shelfmelt/computed_shelfmelt_AIS_NORCE_CISM3-MAR364-ERA-t1_expAE04.nc,2.591035133415021,1.882386708832843,3.840337280670521,7.244235701987336,3.7096194673896625,5.3532799350102795,2.432563388456256
83,expAE04,NORCE_CISM4-MAR364-ERA-t1-local,/Volumes/CrucialX8/computing/data/antarctica/ismip6_hackathon/ComputedScalarsHelene/expAE04/shelfmelt/computed_shelfmelt_AIS_NORCE_CISM4-MAR364-ERA-t1-local_expAE04.nc,1.5160816768328513,1.7505382912515712,1.8002626313219896,4.132694355721539,1.7930264184665323,1.7807434430888787,2.067704977758696
84,expAE04,NORCE_CISM4-MAR364-ERA-t1-nonlocal,/Volumes/CrucialX8/computing/data/antarctica/ismip6_hackathon/ComputedScalarsHelene/expAE04/shelfmelt/computed_shelfmelt_AIS_NORCE_CISM4-MAR364-ERA-t1-nonlocal_expAE04.nc,0.8746091444491016,1.3786809334388037,2.031823916435287,3.053590810095024,1.177937440798546,1.0853930935699698,2.1821024367669546
85,expAE04,NORCE_CISM4-MAR364-ERA-t1,/Volumes/CrucialX8/computing/data/antarctica/ismip6_hackathon/ComputedScalarsHelene/expAE04/shelfmelt/computed_shelfmelt_AIS_NORCE_CISM4-MAR364-ERA-t1_expAE04.nc,3.081392225306309,3.602223976143774,3.798419298032267,4.749004116336897,3.1428687074607518,4.712563266345244,2.2120906350939245
86,expAE04,NORCE_CISM4-MAR364-JRA-t1,/Volumes/CrucialX8/computing/data/antarctica/ismip6_hackathon/ComputedScalarsHelene/expAE04/shelfmelt/computed_shelfmelt_AIS_NORCE_CISM4-MAR364-JRA-t1_expAE04.nc,3.0024987635640144,3.585512283917238,3.890108425516593,4.965892851913818,3.2182925577357384,4.712330179468929,2.324765602530804
87,expAE04,NORCE_CISM5-MAR364-ERA-t1-local,/Volumes/CrucialX8/computing/data/antarctica/ismip6_hackathon/ComputedScalarsHelene/expAE04/shelfmelt/computed_shelfmelt_AIS_NORCE_CISM5-MAR364-ERA-t1-local_expAE04.nc,0.9641661154254754,3.174343790575625,1.8691252808582182,4.034672653514733,0.9938342046408764,1.8912148957362918,5.76317972456336
88,expAE04,NORCE_CISM5-MAR364-ERA-t1-nonlocal,/Volumes/CrucialX8/computing/data/antarctica/ismip6_hackathon/ComputedScalarsHelene/expAE04/shelfmelt/computed_shelfmelt_AIS_NORCE_CISM5-MAR364-ERA-t1-nonlocal_expAE04.nc,0.8320107017266882,2.419565505666305,2.1235309349511566,2.536781018761437,1.2466589794871548,1.3637601604686773,3.985522783448161
89,expAE04,NORCE_CISM5-MAR364-ERA-t1,/Volumes/CrucialX8/computing/data/antarctica/ismip6_hackathon/ComputedScalarsHelene/expAE04/shelfmelt/computed_shelfmelt_AIS_NORCE_CISM5-MAR364-ERA-t1_expAE04.nc,1.9474841627019555,2.619531985378849,3.6347012857290584,3.1506768106542715,2.7864914914766885,1.9081480248875153,4.184114155855954
90,expAE04,PIK_PISM,/Volumes/CrucialX8/computing/data/antarctica/ismip6_hackathon/ComputedScalarsHelene/expAE04/shelfmelt/computed_shelfmelt_AIS_PIK_PISM_expAE04.nc,2.2236780271830776,1.9750095090470068,3.5152315573272244,2.510283938232438,2.8817606035676078,1.762563244295073,7.128795786468646
91,expAE04,UCM_Yelmo,/Volumes/CrucialX8/computing/data/antarctica/ismip6_hackathon/ComputedScalarsHelene/expAE04/shelfmelt/computed_shelfmelt_AIS_UCM_Yelmo_expAE04.nc,5.051216512832469,9.058278388810493,3.387724402371981,2.398764507760042,4.608342361972829,3.4804404639561937,5.2473009267095
92,expAE04,UCSD_ISSM,/Volumes/CrucialX8/computing/data/antarctica/ismip6_hackathon/ComputedScalarsHelene/expAE04/shelfmelt/computed_shelfmelt_AIS_UCSD_ISSM_expAE04.nc,2.28809442473462,3.6598131527320867,4.6926968059273175,5.015464775998415,2.2634840164862218,2.075849850324122,1.818144564505798
93,expAE04,ULB_fETISh-KoriBU1,/Volumes/CrucialX8/computing/data/antarctica/ismip6_hackathon/ComputedScalarsHelene/expAE04/shelfmelt/computed_shelfmelt_AIS_ULB_fETISh-KoriBU1_expAE04.nc,7.626580755005759,2.5198658020896185,6.038697559407128,11.202905587233271,6.8206847283764445,9.100530127796718,5.704378071399933
94,expAE04,ULB_fETISh-KoriBU2,/Volumes/CrucialX8/computing/data/antarctica/ismip6_hackathon/ComputedScalarsHelene/expAE04/shelfmelt/computed_shelfmelt_AIS_ULB_fETISh-KoriBU2_expAE04.nc,3.005947366182207,1.064170808685541,2.1599124099387437,2.940102939891777,1.1418416344812765,6.1996426211817095,1.426427497657892
95,expAE04,UNN_Ua,/Volumes/CrucialX8/computing/data/antarctica/ismip6_hackathon/ComputedScalarsHelene/expAE04/shelfmelt/computed_shelfmelt_AIS_UNN_Ua_expAE04.nc,2.8217309362387413,4.1328426162150205,2.4493091258195645,5.8403341677312,3.2800877366974337,2.6658968395600104,2.8102870351929656
96,expAE04,UTAS_ElmerIce,/Volumes/CrucialX8/computing/data/antarctica/ismip6_hackathon/ComputedScalarsHelene/expAE04/shelfmelt/computed_shelfmelt_AIS_UTAS_ElmerIce_expAE04.nc,2.3276735064280207,2.057669209294335,2.401662977163071,2.279655183713224,2.06849060419954,2.2308739365961996,4.283882161245833
97,expAE04,VUB_AISMPALEO,/Volumes/CrucialX8/computing/data/antarctica/ismip6_hackathon/ComputedScalarsHelene/expAE04/shelfmelt/computed_shelfmelt_AIS_VUB_AISMPALEO_expAE04.nc,2.1461704518790548,9.600710454770955,2.482820449048631,1.9398971332469521,2.337315142594653,1.8691250293435526,2.7195953451641794
98,expAE04,VUW_PISM1,/Volumes/CrucialX8/computing/data/antarctica/ismip6_hackathon/ComputedScalarsHelene/expAE04/shelfmelt/computed_shelfmelt_AIS_VUW_PISM1_expAE04.nc,16.633669288095952,1.0414869913789186,8.540506594264977,2.6757678665086266,1.9678616536494609,16.24615143549468,11.93537001409546
99,expAE04,VUW_PISM1_s1,/Volumes/CrucialX8/computing/data/antarctica/ismip6_hackathon/ComputedScalarsHelene/expAE04/shelfmelt/computed_shelfmelt_AIS_VUW_PISM1_s1_expAE04.nc,16.33692515646588,1.2825823112012782,8.292017413512017,2.66637877642685,1.9186024985667658,15.082507733232916,10.510902670114932
100,expAE04,VUW_PISM1_s2,/Volumes/CrucialX8/computing/data/antarctica/ismip6_hackathon/ComputedScalarsHelene/expAE04/shelfmelt/computed_shelfmelt_AIS_VUW_PISM1_s2_expAE04.nc,17.069328776618217,0.9025382486296791,8.716147810636638,2.6273311868241587,1.9020194549720628,16.885878446014946,10.487066368528192
101,expAE04,VUW_PISM1_s3,/Volumes/CrucialX8/computing/data/antarctica/ismip6_hackathon/ComputedScalarsHelene/expAE04/shelfmelt/computed_shelfmelt_AIS_VUW_PISM1_s3_expAE04.nc,16.521513928598182,0.7034783596638488,8.702329066280198,2.6007717321794943,1.9480777415104948,15.90417214055438,12.747912953847004
102,expAE04,VUW_PISM1_s4,/Volumes/CrucialX8/computing/data/antarctica/ismip6_hackathon/ComputedScalarsHelene/expAE04/shelfmelt/computed_shelfmelt_AIS_VUW_PISM1_s4_expAE04.nc,16.183773338210543,1.7985329077233083,8.510072977445274,2.666189281928883,1.8713271426665505,15.759613551253263,11.807649107649114
103,expAE04,VUW_PISM2,/Volumes/CrucialX8/computing/data/antarctica/ismip6_hackathon/ComputedScalarsHelene/expAE04/shelfmelt/computed_shelfmelt_AIS_VUW_PISM2_expAE04.nc,15.046007750771025,1.4459885409522104,7.597605763624641,2.4807637448807704,1.6467593451036429,15.801660431299148,10.863332320345839
104,expAE04,VUW_PISM2_s1,/Volumes/CrucialX8/computing/data/antarctica/ismip6_hackathon/ComputedScalarsHelene/expAE04/shelfmelt/computed_shelfmelt_AIS_VUW_PISM2_s1_expAE04.nc,15.786888724789142,2.1438481222547217,7.014604598745006,2.4459980592706803,2.0318472362839795,15.401876487276775,6.919849535329008
105,expAE04,VUW_PISM2_s2,/Volumes/CrucialX8/computing/data/antarctica/ismip6_hackathon/ComputedScalarsHelene/expAE04/shelfmelt/computed_shelfmelt_AIS_VUW_PISM2_s2_expAE04.nc,15.596694714692235,1.9501713993828433,8.094074973190391,2.5065559887859243,1.5620006026674582,16.254147238099232,11.55629262854939
106,expAE04,VUW_PISM2_s3,/Volumes/CrucialX8/computing/data/antarctica/ismip6_hackathon/ComputedScalarsHelene/expAE04/shelfmelt/computed_shelfmelt_AIS_VUW_PISM2_s3_expAE04.nc,16.54373551295175,1.0788437666695994,8.076061429841909,2.4547587206866663,2.235988344584536,16.975889897390395,12.719525587521256
107,expAE04,VUW_PISM2_s4,/Volumes/CrucialX8/computing/data/antarctica/ismip6_hackathon/ComputedScalarsHelene/expAE04/shelfmelt/computed_shelfmelt_AIS_VUW_PISM2_s4_expAE04.nc,15.100452417164078,1.5044237512750924,7.2671954466830915,2.466655910477823,1.5177330887950613,15.8326687097816,6.983835192895203
108,expAE05,DC_ISSM,/Volumes/CrucialX8/computing/data/antarctica/ismip6_hackathon/ComputedScalarsHelene/expAE05/shelfmelt/computed_shelfmelt_AIS_DC_ISSM_expAE05.nc,1.5355996536498213,0.7319924334900263,2.5015377432114496,1.9726009301163063,1.8098590899217935,1.5196011051076466,2.9248510842114195
109,expAE05,IGE_ElmerIce,/Volumes/CrucialX8/computing/data/antarctica/ismip6_hackathon/ComputedScalarsHelene/expAE05/shelfmelt/computed_shelfmelt_AIS_IGE_ElmerIce_expAE05.nc,3.0733584004025554,7.403390853016132,3.9299922333215784,4.881057838791832,1.0624903181084508,5.574277630655811,2.0018781513846786
110,expAE05,ILTS_SICOPOLIS,/Volumes/CrucialX8/computing/data/antarctica/ismip6_hackathon/ComputedScalarsHelene/expAE05/shelfmelt/computed_shelfmelt_AIS_ILTS_SICOPOLIS_expAE05.nc,2.774920466563219,2.51002877928009,3.5378886100168407,2.2880198577079516,3.055957305560782,2.7192410671162746,1.972213027388345
111,expAE05,LSCE_GRISLI2,/Volumes/CrucialX8/computing/data/antarctica/ismip6_hackathon/ComputedScalarsHelene/expAE05/shelfmelt/computed_shelfmelt_AIS_LSCE_GRISLI2_expAE05.nc,2.4733704922199626,1.0371378141799024,3.7830443001849035,1.7277209818434545,2.319755284921581,2.5478820058866476,4.4113001242613405
112,expAE05,LSCE_GRISLI,/Volumes/CrucialX8/computing/data/antarctica/ismip6_hackathon/ComputedScalarsHelene/expAE05/shelfmelt/computed_shelfmelt_AIS_LSCE_GRISLI_expAE05.nc,2.971092057784903,1.6624375684016954,3.525019647192578,1.6317591272292356,2.687661312818369,2.8284558623288882,5.707411778293306
113,expAE05,NCAR_CISM1,/Volumes/CrucialX8/computing/data/antarctica/ismip6_hackathon/ComputedScalarsHelene/expAE05/shelfmelt/computed_shelfmelt_AIS_NCAR_CISM1_expAE05.nc,1.6893820606461576,1.6981137564615933,2.817689046170182,1.6890800402702582,1.9314767352133018,1.784576727361518,1.4553762579431384
114,expAE05,NCAR_CISM2,/Volumes/CrucialX8/computing/data/antarctica/ismip6_hackathon/ComputedScalarsHelene/expAE05/shelfmelt/computed_shelfmelt_AIS_NCAR_CISM2_expAE05.nc,1.7077778814436975,2.518111902170943,3.03447656143128,2.9311866766043826,1.920395716064792,1.5868604115355376,2.9386367837387035
115,expAE05,NORCE_CISM2-MAR364-ERA-t1,/Volumes/CrucialX8/computing/data/antarctica/ismip6_hackathon/ComputedScalarsHelene/expAE05/shelfmelt/computed_shelfmelt_AIS_NORCE_CISM2-MAR364-ERA-t1_expAE05.nc,1.6387902431220565,2.6205829311697006,3.953978368806517,2.16433794467782,2.942184933735698,1.7627727162114457,1.6961212752796908
116,expAE05,NORCE_CISM3-MAR364-ERA-t1-local,/Volumes/CrucialX8/computing/data/antarctica/ismip6_hackathon/ComputedScalarsHelene/expAE05/shelfmelt/computed_shelfmelt_AIS_NORCE_CISM3-MAR364-ERA-t1-local_expAE05.nc,1.7560167718208168,1.2530670364227632,2.4888439052281512,1.8102938746629498,1.686000768787554,1.7468710861815142,2.1194226226869244
117,expAE05,NORCE_CISM3-MAR364-ERA-t1-nonlocal,/Volumes/CrucialX8/computing/data/antarctica/ismip6_hackathon/ComputedScalarsHelene/expAE05/shelfmelt/computed_shelfmelt_AIS_NORCE_CISM3-MAR364-ERA-t1-nonlocal_expAE05.nc,1.5621538448125372,1.565856856813384,2.4998050864242503,1.5963819272283988,1.8570447572160413,1.4100109779892942,3.196655045492383
118,expAE05,NORCE_CISM3-MAR364-ERA-t1,/Volumes/CrucialX8/computing/data/antarctica/ismip6_hackathon/ComputedScalarsHelene/expAE05/shelfmelt/computed_shelfmelt_AIS_NORCE_CISM3-MAR364-ERA-t1_expAE05.nc,1.6109587373901053,2.294697238793067,4.142448323446342,1.6244492803985253,2.984307380965757,1.1986543520351278,1.680691042376597
119,expAE05,NORCE_CISM4-MAR364-ERA-t1-local,/Volumes/CrucialX8/computing/data/antarctica/ismip6_hackathon/ComputedScalarsHelene/expAE05/shelfmelt/computed_shelfmelt_AIS_NORCE_CISM4-MAR364-ERA-t1-local_expAE05.nc,1.5376133677210668,1.9972756056674936,2.4342831805992655,2.09436115947882,1.4781405050713694,2.085761615739664,2.5449081328601193
120,expAE05,NORCE_CISM4-MAR364-ERA-t1-nonlocal,/Volumes/CrucialX8/computing/data/antarctica/ismip6_hackathon/ComputedScalarsHelene/expAE05/shelfmelt/computed_shelfmelt_AIS_NORCE_CISM4-MAR364-ERA-t1-nonlocal_expAE05.nc,1.212430994172491,1.4514744226865295,2.4370443923588057,1.4692921937989614,1.7523646533282515,2.0127737245252044,3.237698414308674
121,expAE05,NORCE_CISM4-MAR364-ERA-t1,/Volumes/CrucialX8/computing/data/antarctica/ismip6_hackathon/ComputedScalarsHelene/expAE05/shelfmelt/computed_shelfmelt_AIS_NORCE_CISM4-MAR364-ERA-t1_expAE05.nc,1.3314660924375183,2.205824080788736,4.146683554817637,1.6366533855981222,2.9298590927325288,0.994172452164486,1.7050097463010851
122,expAE05,NORCE_CISM4-MAR364-JRA-t1,/Volumes/CrucialX8/computing/data/antarctica/ismip6_hackathon/ComputedScalarsHelene/expAE05/shelfmelt/computed_shelfmelt_AIS_NORCE_CISM4-MAR364-JRA-t1_expAE05.nc,1.4620913535512363,2.216276954584058,4.151213499457375,1.6162141349394223,2.705107319494221,1.119999111426289,1.7466664721748553
123,expAE05,NORCE_CISM5-MAR364-ERA-t1-local,/Volumes/CrucialX8/computing/data/antarctica/ismip6_hackathon/ComputedScalarsHelene/expAE05/shelfmelt/computed_shelfmelt_AIS_NORCE_CISM5-MAR364-ERA-t1-local_expAE05.nc,1.4915508985114412,3.72282951766349,2.3667113402207343,1.8591199381234387,1.3852167948111098,2.8052867585086445,2.8117723245354593
124,expAE05,NORCE_CISM5-MAR364-ERA-t1-nonlocal,/Volumes/CrucialX8/computing/data/antarctica/ismip6_hackathon/ComputedScalarsHelene/expAE05/shelfmelt/computed_shelfmelt_AIS_NORCE_CISM5-MAR364-ERA-t1-nonlocal_expAE05.nc,1.0935020720239101,2.6437195946100243,2.2643966460324494,1.3621692168379234,1.664701318878291,2.7578888505478716,4.485696014039588
125,expAE05,NORCE_CISM5-MAR364-ERA-t1,/Volumes/CrucialX8/computing/data/antarctica/ismip6_hackathon/ComputedScalarsHelene/expAE05/shelfmelt/computed_shelfmelt_AIS_NORCE_CISM5-MAR364-ERA-t1_expAE05.nc,1.0273470939753977,2.529639458544417,3.9389840126000433,1.4624929026976203,3.1123670908332293,1.0071454237661317,2.267432010796788
126,expAE05,PIK_PISM,/Volumes/CrucialX8/computing/data/antarctica/ismip6_hackathon/ComputedScalarsHelene/expAE05/shelfmelt/computed_shelfmelt_AIS_PIK_PISM_expAE05.nc,1.3918386570972818,8.834709451877089,2.793251047780447,3.4355344554281144,2.619014793369888,1.7530735214814348,4.2422801413823095
127,expAE05,UCM_Yelmo,/Volumes/CrucialX8/computing/data/antarctica/ismip6_hackathon/ComputedScalarsHelene/expAE05/shelfmelt/computed_shelfmelt_AIS_UCM_Yelmo_expAE05.nc,2.7607191335546055,4.375748067133879,2.685532154600138,2.3691101595704533,3.4153412965613312,1.8419676160177658,7.417817164065204
128,expAE05,UCSD_ISSM,/Volumes/CrucialX8/computing/data/antarctica/ismip6_hackathon/ComputedScalarsHelene/expAE05/shelfmelt/computed_shelfmelt_AIS_UCSD_ISSM_expAE05.nc,2.3497780801012107,5.037488046757723,4.721342414021165,5.85007228183022,2.350006600583297,2.2841371229681333,1.7249936324532353
129,expAE05,ULB_fETISh-KoriBU1,/Volumes/CrucialX8/computing/data/antarctica/ismip6_hackathon/ComputedScalarsHelene/expAE05/shelfmelt/computed_shelfmelt_AIS_ULB_fETISh-KoriBU1_expAE05.nc,4.902347307892825,3.8286617797131237,5.3006337970119795,4.523672812495126,2.0074543247677705,6.81502315975933,24.527999464164303
130,expAE05,ULB_fETISh-KoriBU2,/Volumes/CrucialX8/computing/data/antarctica/ismip6_hackathon/ComputedScalarsHelene/expAE05/shelfmelt/computed_shelfmelt_AIS_ULB_fETISh-KoriBU2_expAE05.nc,1.3173790184218266,1.3335399769397074,2.33036064094976,1.9322186554666272,2.074568711097592,2.7012152808897634,5.798519690934328
131,expAE05,UNN_Ua,/Volumes/CrucialX8/computing/data/antarctica/ismip6_hackathon/ComputedScalarsHelene/expAE05/shelfmelt/computed_shelfmelt_AIS_UNN_Ua_expAE05.nc,1.314467434172598,4.389629118237756,2.431042460956319,1.8934922343177814,1.4956474828912811,2.2676945960228756,2.306502868595548
132,expAE05,UTAS_ElmerIce,/Volumes/CrucialX8/computing/data/antarctica/ismip6_hackathon/ComputedScalarsHelene/expAE05/shelfmelt/computed_shelfmelt_AIS_UTAS_ElmerIce_expAE05.nc,1.8583013107438584,3.208420934027988,2.3725024066538642,2.0165889639624517,1.7675753694460283,1.9240943118828946,1.779891538545584
133,expAE05,VUB_AISMPALEO,/Volumes/CrucialX8/computing/data/antarctica/ismip6_hackathon/ComputedScalarsHelene/expAE05/shelfmelt/computed_shelfmelt_AIS_VUB_AISMPALEO_expAE05.nc,2.0278981976100545,9.596288821236243,4.534082807553348,2.666555355984769,2.20851198436022,1.8003002831063435,7.88712189214715
134,expAE05,VUW_PISM1,/Volumes/CrucialX8/computing/data/antarctica/ismip6_hackathon/ComputedScalarsHelene/expAE05/shelfmelt/computed_shelfmelt_AIS_VUW_PISM1_expAE05.nc,12.40031357701001,6.970526715983867,11.424266268149724,7.864557075264058,8.871047910176141,18.67435370725445,16.867034982819636
135,expAE05,VUW_PISM1_s1,/Volumes/CrucialX8/computing/data/antarctica/ismip6_hackathon/ComputedScalarsHelene/expAE05/shelfmelt/computed_shelfmelt_AIS_VUW_PISM1_s1_expAE05.nc,11.653802899207404,4.898322845689234,11.25677071502155,7.64970603754488,8.304489161634741,17.733778249199585,17.49854329858731
136,expAE05,VUW_PISM1_s2,/Volumes/CrucialX8/computing/data/antarctica/ismip6_hackathon/ComputedScalarsHelene/expAE05/shelfmelt/computed_shelfmelt_AIS_VUW_PISM1_s2_expAE05.nc,12.449642177215962,5.730719854502933,11.472899013776482,7.995338272595507,9.133772093645838,18.684794710504924,18.05064173205098
137,expAE05,VUW_PISM1_s3,/Volumes/CrucialX8/computing/data/antarctica/ismip6_hackathon/ComputedScalarsHelene/expAE05/shelfmelt/computed_shelfmelt_AIS_VUW_PISM1_s3_expAE05.nc,12.35958232547346,5.98964127692557,11.036514830840273,7.817958561879275,9.097636473510423,17.9272271219629,18.98401005549295
138,expAE05,VUW_PISM1_s4,/Volumes/CrucialX8/computing/data/antarctica/ismip6_hackathon/ComputedScalarsHelene/expAE05/shelfmelt/computed_shelfmelt_AIS_VUW_PISM1_s4_expAE05.nc,12.581285609548395,5.999239550219295,11.673011265511562,8.671676179188822,9.22111081380739,18.742064207229568,16.570029104235
139,expAE05,VUW_PISM2,/Volumes/CrucialX8/computing/data/antarctica/ismip6_hackathon/ComputedScalarsHelene/expAE05/shelfmelt/computed_shelfmelt_AIS_VUW_PISM2_expAE05.nc,9.757457736718399,1.341946951872737,10.794161880216576,8.041037062596306,6.02923599973288,17.284853628028674,16.26928871617884
140,expAE05,VUW_PISM2_s1,/Volumes/CrucialX8/computing/data/antarctica/ismip6_hackathon/ComputedScalarsHelene/expAE05/shelfmelt/computed_shelfmelt_AIS_VUW_PISM2_s1_expAE05.nc,9.465010365357667,2.263577060028885,10.344595670211485,7.674496942372405,6.033003110008983,15.956985218604391,15.455235874118344
141,expAE05,VUW_PISM2_s2,/Volumes/CrucialX8/computing/data/antarctica/ismip6_hackathon/ComputedScalarsHelene/expAE05/shelfmelt/computed_shelfmelt_AIS_VUW_PISM2_s2_expAE05.nc,9.525424876032764,1.5171395689166838,10.944510597952682,8.315920921166121,5.821231357413437,17.05078759195603,16.958181651938474
142,expAE05,VUW_PISM2_s3,/Volumes/CrucialX8/computing/data/antarctica/ismip6_hackathon/ComputedScalarsHelene/expAE05/shelfmelt/computed_shelfmelt_AIS_VUW_PISM2_s3_expAE05.nc,10.736484856049705,5.433768639208733,10.83444150101398,7.583364172187953,7.171936865192826,16.991786350898206,17.025317914798947
143,expAE05,VUW_PISM2_s4,/Volumes/CrucialX8/computing/data/antarctica/ismip6_hackathon/ComputedScalarsHelene/expAE05/shelfmelt/computed_shelfmelt_AIS_VUW_PISM2_s4_expAE05.nc,9.007409670021776,1.2451418507555667,11.110344927696683,8.177579418513128,6.20708750463068,16.5767849703682,16.45430497750783
