,Experiment,Model,Path,AIS,Amundsen,Ross,Filchner_Ronne,WestAntarctica,EastAntarctica,Peninsula
0,expAE02,DC_ISSM,/Volumes/CrucialX8/computing/data/antarctica/ismip6_hackathon/ComputedScalarsHelene/expAE02/shelfmelt/computed_shelfmelt_AIS_DC_ISSM_expAE02.nc,1.799986463392816,1.077899332054477,1.9117841463454868,2.694468006607851,1.4262395257549836,1.6872230773246832,4.6979466792551765
1,expAE02,IGE_ElmerIce,/Volumes/CrucialX8/computing/data/antarctica/ismip6_hackathon/ComputedScalarsHelene/expAE02/shelfmelt/computed_shelfmelt_AIS_IGE_ElmerIce_expAE02.nc,1.084875308102644,4.152626097499947,2.3658535191670778,1.334794666844156,1.2183176194785534,2.186739462714356,27.56577614711329
2,expAE02,ILTS_SICOPOLIS,/Volumes/CrucialX8/computing/data/antarctica/ismip6_hackathon/ComputedScalarsHelene/expAE02/shelfmelt/computed_shelfmelt_AIS_ILTS_SICOPOLIS_expAE02.nc,2.011661839907482,1.6072763691688081,2.8034109691315154,1.919804507825074,1.982011516980979,1.9767104856654227,5.076390073193425
3,expAE02,LSCE_GRISLI2,/Volumes/CrucialX8/computing/data/antarctica/ismip6_hackathon/ComputedScalarsHelene/expAE02/shelfmelt/computed_shelfmelt_AIS_LSCE_GRISLI2_expAE02.nc,2.5118230803633144,0.7679736891981319,2.9796939022380955,1.4977714349797953,1.9944642415388398,2.4179618655447688,6.114711905634663
4,expAE02,LSCE_GRISLI,/Volumes/CrucialX8/computing/data/antarctica/ismip6_hackathon/ComputedScalarsHelene/expAE02/shelfmelt/computed_shelfmelt_AIS_LSCE_GRISLI_expAE02.nc,3.7243605413067,1.1765084039694238,3.372821833142672,1.4844464960205586,2.443406019506534,2.826787502802959,4.9753370488837145
5,expAE02,NCAR_CISM1,/Volumes/CrucialX8/computing/data/antarctica/ismip6_hackathon/ComputedScalarsHelene/expAE02/shelfmelt/computed_shelfmelt_AIS_NCAR_CISM1_expAE02.nc,1.8239758526395324,1.8026175814054277,2.3338535651569936,1.8252279441646913,1.839924755944812,2.03173133522476,1.7144802003792468
6,expAE02,NCAR_CISM2,/Volumes/CrucialX8/computing/data/antarctica/ismip6_hackathon/ComputedScalarsHelene/expAE02/shelfmelt/computed_shelfmelt_AIS_NCAR_CISM2_expAE02.nc,1.9313730660579362,3.2512641950353673,1.1684258979390814,2.025364295137156,2.4150830601578,1.3382628636738356,2.4777360861851156
7,expAE02,NORCE_CISM2-MAR364-ERA-t1,/Volumes/CrucialX8/computing/data/antarctica/ismip6_hackathon/ComputedScalarsHelene/expAE02/shelfmelt/computed_shelfmelt_AIS_NORCE_CISM2-MAR364-ERA-t1_expAE02.nc,2.4931814132190295,4.425675968781153,4.225979078407934,4.169216051735685,4.0007666930986545,1.1529437230106272,8.224021835524743
8,expAE02,NORCE_CISM3-MAR364-ERA-t1-local,/Volumes/CrucialX8/computing/data/antarctica/ismip6_hackathon/ComputedScalarsHelene/expAE02/shelfmelt/computed_shelfmelt_AIS_NORCE_CISM3-MAR364-ERA-t1-local_expAE02.nc,2.033238947596046,2.242302010492781,2.3114975406503264,1.5376817141896186,1.4911651880583623,1.867677184432583,4.2511718015969056
9,expAE02,NORCE_CISM3-MAR364-ERA-t1-nonlocal,/Volumes/CrucialX8/computing/data/antarctica/ismip6_hackathon/ComputedScalarsHelene/expAE02/shelfmelt/computed_shelfmelt_AIS_NORCE_CISM3-MAR364-ERA-t1-nonlocal_expAE02.nc,0.9525266408629274,3.168941981943247,1.9921565920881668,1.8400317425054393,1.077398617060056,0.9509268411862741,3.2657239612776943
10,expAE02,NORCE_CISM3-MAR364-ERA-t1,/Volumes/CrucialX8/computing/data/antarctica/ismip6_hackathon/ComputedScalarsHelene/expAE02/shelfmelt/computed_shelfmelt_AIS_NORCE_CISM3-MAR364-ERA-t1_expAE02.nc,2.9046158602493017,3.56387668752179,3.4528334559949005,4.301806333854564,4.082779721341302,1.5839785047799901,5.358091723473413
11,expAE02,NORCE_CISM4-MAR364-ERA-t1-local,/Volumes/CrucialX8/computing/data/antarctica/ismip6_hackathon/ComputedScalarsHelene/expAE02/shelfmelt/computed_shelfmelt_AIS_NORCE_CISM4-MAR364-ERA-t1-local_expAE02.nc,0.5592191920623311,1.4622767776419776,1.8333497067289983,2.2110694283300125,1.1169228908184372,0.599706686735202,2.204111164130839
12,expAE02,NORCE_CISM4-MAR364-ERA-t1-nonlocal,/Volumes/CrucialX8/computing/data/antarctica/ismip6_hackathon/ComputedScalarsHelene/expAE02/shelfmelt/computed_shelfmelt_AIS_NORCE_CISM4-MAR364-ERA-t1-nonlocal_expAE02.nc,0.7455752361300727,3.2430721667972695,2.0791285556617494,2.047245963671259,1.4304474954708408,0.715309808247609,2.696393820614326
13,expAE02,NORCE_CISM4-MAR364-ERA-t1,/Volumes/CrucialX8/computing/data/antarctica/ismip6_hackathon/ComputedScalarsHelene/expAE02/shelfmelt/computed_shelfmelt_AIS_NORCE_CISM4-MAR364-ERA-t1_expAE02.nc,2.3158012411106874,2.209676512584983,1.6462180334291099,2.126353319940973,2.6415814575689605,1.0765083815667245,2.3104557606046945
14,expAE02,NORCE_CISM4-MAR364-JRA-t1,/Volumes/CrucialX8/computing/data/antarctica/ismip6_hackathon/ComputedScalarsHelene/expAE02/shelfmelt/computed_shelfmelt_AIS_NORCE_CISM4-MAR364-JRA-t1_expAE02.nc,2.1683352631385895,2.798801241130756,1.4689493926185433,2.2177112881794963,1.9668935805240368,0.8662881442987155,2.7175114030687078
15,expAE02,NORCE_CISM5-MAR364-ERA-t1-local,/Volumes/CrucialX8/computing/data/antarctica/ismip6_hackathon/ComputedScalarsHelene/expAE02/shelfmelt/computed_shelfmelt_AIS_NORCE_CISM5-MAR364-ERA-t1-local_expAE02.nc,1.3018898868117805,4.769727110734273,3.176077082773727,1.7754544390963294,1.491422374262457,1.38863513766775,3.921703716835624
16,expAE02,NORCE_CISM5-MAR364-ERA-t1-nonlocal,/Volumes/CrucialX8/computing/data/antarctica/ismip6_hackathon/ComputedScalarsHelene/expAE02/shelfmelt/computed_shelfmelt_AIS_NORCE_CISM5-MAR364-ERA-t1-nonlocal_expAE02.nc,1.7831856287034222,2.772643008285372,3.3103969050308284,2.1168302698288946,1.3455064944730368,1.1357840990276071,2.3763584279501093
17,expAE02,NORCE_CISM5-MAR364-ERA-t1,/Volumes/CrucialX8/computing/data/antarctica/ismip6_hackathon/ComputedScalarsHelene/expAE02/shelfmelt/computed_shelfmelt_AIS_NORCE_CISM5-MAR364-ERA-t1_expAE02.nc,1.499013595017633,6.64078315558263,4.108649167684159,2.253643275080675,1.1801117087344886,2.0373299305860706,2.759665703799852
18,expAE02,PIK_PISM,/Volumes/CrucialX8/computing/data/antarctica/ismip6_hackathon/ComputedScalarsHelene/expAE02/shelfmelt/computed_shelfmelt_AIS_PIK_PISM_expAE02.nc,1.477856360601394,3.869224117164248,1.4926258499337963,1.7658042520383277,1.4413349095365746,2.005714388236617,7.759225872792208
19,expAE02,UCM_Yelmo,/Volumes/CrucialX8/computing/data/antarctica/ismip6_hackathon/ComputedScalarsHelene/expAE02/shelfmelt/computed_shelfmelt_AIS_UCM_Yelmo_expAE02.nc,1.8503544764228164,2.7143205761928013,1.7796222201765723,1.4415365071385708,2.040069441563074,1.7063052400276293,2.1058400647787323
20,expAE02,UCSD_ISSM,/Volumes/CrucialX8/computing/data/antarctica/ismip6_hackathon/ComputedScalarsHelene/expAE02/shelfmelt/computed_shelfmelt_AIS_UCSD_ISSM_expAE02.nc,1.5025901565017017,3.7865659574207866,3.7547218206859125,5.500467634352611,2.345944987637639,1.3530100393407338,1.2162932991231195
21,expAE02,ULB_fETISh-KoriBU1,/Volumes/CrucialX8/computing/data/antarctica/ismip6_hackathon/ComputedScalarsHelene/expAE02/shelfmelt/computed_shelfmelt_AIS_ULB_fETISh-KoriBU1_expAE02.nc,1.8548461836219745,5.129625237761581,2.641674219441646,1.5806006472669654,1.6835752257864378,3.8557187142490097,5.957895360851536
22,expAE02,ULB_fETISh-KoriBU2,/Volumes/CrucialX8/computing/data/antarctica/ismip6_hackathon/ComputedScalarsHelene/expAE02/shelfmelt/computed_shelfmelt_AIS_ULB_fETISh-KoriBU2_expAE02.nc,0.9488367151287783,1.073909512955141,2.5960864930409966,2.307377207136613,1.6035029742670242,1.365378049816684,4.0171676784866035
23,expAE02,UNN_Ua,/Volumes/CrucialX8/computing/data/antarctica/ismip6_hackathon/ComputedScalarsHelene/expAE02/shelfmelt/computed_shelfmelt_AIS_UNN_Ua_expAE02.nc,1.706135023792657,3.4139045842093174,3.352309290370916,1.054980363154955,1.448219373362947,2.6248627159470637,6.425264403780304
24,expAE02,UTAS_ElmerIce,/Volumes/CrucialX8/computing/data/antarctica/ismip6_hackathon/ComputedScalarsHelene/expAE02/shelfmelt/computed_shelfmelt_AIS_UTAS_ElmerIce_expAE02.nc,2.2576890569007677,3.0899844522099063,2.759860381131609,1.3331158556113498,1.72297110361975,1.9071480664649458,4.371788087667225
25,expAE02,VUB_AISMPALEO,/Volumes/CrucialX8/computing/data/antarctica/ismip6_hackathon/ComputedScalarsHelene/expAE02/shelfmelt/computed_shelfmelt_AIS_VUB_AISMPALEO_expAE02.nc,1.865368286638456,19.523630722901895,2.9995740626861567,1.6945333829919214,1.7271511470446268,2.2104393921031877,5.176588315751377
26,expAE02,VUW_PISM1,/Volumes/CrucialX8/computing/data/antarctica/ismip6_hackathon/ComputedScalarsHelene/expAE02/shelfmelt/computed_shelfmelt_AIS_VUW_PISM1_expAE02.nc,5.468024281855302,1.7747570218587736,2.7837695493174452,2.3081415615657175,1.3536319078267032,8.540291136550843,13.372534306470085
27,expAE02,VUW_PISM1_s1,/Volumes/CrucialX8/computing/data/antarctica/ismip6_hackathon/ComputedScalarsHelene/expAE02/shelfmelt/computed_shelfmelt_AIS_VUW_PISM1_s1_expAE02.nc,2.006078512409468,1.8112531996862167,2.8603466495706837,2.1745451258114117,1.5803698223702214,8.567175163233463,5.007729734515469
28,expAE02,VUW_PISM1_s2,/Volumes/CrucialX8/computing/data/antarctica/ismip6_hackathon/ComputedScalarsHelene/expAE02/shelfmelt/computed_shelfmelt_AIS_VUW_PISM1_s2_expAE02.nc,5.716996248689235,1.6737227954887772,3.1090412851453286,1.5905788404569983,1.3030283970831475,8.955004615468216,13.17871509647672
29,expAE02,VUW_PISM1_s3,/Volumes/CrucialX8/computing/data/antarctica/ismip6_hackathon/ComputedScalarsHelene/expAE02/shelfmelt/computed_shelfmelt_AIS_VUW_PISM1_s3_expAE02.nc,5.773035184029994,1.988258965291447,3.4711606486359554,2.4398579012899213,1.8717433985568033,8.92554960294337,5.809409004561327
30,expAE02,VUW_PISM1_s4,/Volumes/CrucialX8/computing/data/antarctica/ismip6_hackathon/ComputedScalarsHelene/expAE02/shelfmelt/computed_shelfmelt_AIS_VUW_PISM1_s4_expAE02.nc,5.210310846160881,1.7494306696117272,2.565354933492335,2.342919505636985,1.3430728073760183,8.089740320137187,6.535204821602436
31,expAE02,VUW_PISM2,/Volumes/CrucialX8/computing/data/antarctica/ismip6_hackathon/ComputedScalarsHelene/expAE02/shelfmelt/computed_shelfmelt_AIS_VUW_PISM2_expAE02.nc,2.13976437311634,1.2227588835738274,1.7414189874944757,1.9956065854094953,1.4746846837262102,7.617325029260129,5.899575205411988
32,expAE02,VUW_PISM2_s1,/Volumes/CrucialX8/computing/data/antarctica/ismip6_hackathon/ComputedScalarsHelene/expAE02/shelfmelt/computed_shelfmelt_AIS_VUW_PISM2_s1_expAE02.nc,2.1470521862157597,1.2849256725451306,1.5612681941288906,1.9021083510019257,1.6592660293405628,7.16576720577292,5.074172541056042
33,expAE02,VUW_PISM2_s2,/Volumes/CrucialX8/computing/data/antarctica/ismip6_hackathon/ComputedScalarsHelene/expAE02/shelfmelt/computed_shelfmelt_AIS_VUW_PISM2_s2_expAE02.nc,4.856797520976194,1.4658604741137684,2.0281489838900315,1.9595764379673581,1.489483750734388,7.843539845530214,5.396312057794949
34,expAE02,VUW_PISM2_s3,/Volumes/CrucialX8/computing/data/antarctica/ismip6_hackathon/ComputedScalarsHelene/expAE02/shelfmelt/computed_shelfmelt_AIS_VUW_PISM2_s3_expAE02.nc,5.022619247896067,2.149447461425592,2.78207657365733,2.083492599306122,2.0999028891468874,8.073576483814392,5.471039052807957
35,expAE02,VUW_PISM2_s4,/Volumes/CrucialX8/computing/data/antarctica/ismip6_hackathon/ComputedScalarsHelene/expAE02/shelfmelt/computed_shelfmelt_AIS_VUW_PISM2_s4_expAE02.nc,1.915187458387917,0.8686113093816675,1.665691622887338,2.0743509832080287,1.3472713090242165,7.233136188643707,5.19059083919442
36,expAE03,DC_ISSM,/Volumes/CrucialX8/computing/data/antarctica/ismip6_hackathon/ComputedScalarsHelene/expAE03/shelfmelt/computed_shelfmelt_AIS_DC_ISSM_expAE03.nc,2.5174856154987233,3.4137959648691583,1.7297847526612409,1.2615171824977325,1.756528024189129,2.288360173613275,2.9047922140082734
37,expAE03,IGE_ElmerIce,/Volumes/CrucialX8/computing/data/antarctica/ismip6_hackathon/ComputedScalarsHelene/expAE03/shelfmelt/computed_shelfmelt_AIS_IGE_ElmerIce_expAE03.nc,3.3729760474512998,3.665487865802805,11.298476331656634,3.123205343102707,1.4044439327377387,4.556463235678537,17.86827446874396
38,expAE03,ILTS_SICOPOLIS,/Volumes/CrucialX8/computing/data/antarctica/ismip6_hackathon/ComputedScalarsHelene/expAE03/shelfmelt/computed_shelfmelt_AIS_ILTS_SICOPOLIS_expAE03.nc,2.7811372105984082,2.4451378289596715,3.4025116436192966,2.527208009922397,3.250357177149113,2.4256028083701158,3.1793356698061013
39,expAE03,LSCE_GRISLI2,/Volumes/CrucialX8/computing/data/antarctica/ismip6_hackathon/ComputedScalarsHelene/expAE03/shelfmelt/computed_shelfmelt_AIS_LSCE_GRISLI2_expAE03.nc,2.667476123856956,2.407087917887335,2.957532499572104,2.438198058705487,2.769894094398681,2.7545548594085854,13.322277096158563
40,expAE03,LSCE_GRISLI,/Volumes/CrucialX8/computing/data/antarctica/ismip6_hackathon/ComputedScalarsHelene/expAE03/shelfmelt/computed_shelfmelt_AIS_LSCE_GRISLI_expAE03.nc,3.228385611971516,1.974532936653353,3.2812455049405207,2.703477367913113,3.4347702588818017,3.3585993318969596,12.436134505506539
41,expAE03,NCAR_CISM1,/Volumes/CrucialX8/computing/data/antarctica/ismip6_hackathon/ComputedScalarsHelene/expAE03/shelfmelt/computed_shelfmelt_AIS_NCAR_CISM1_expAE03.nc,1.091113975737692,1.7069495722014698,1.89446200339262,1.6687642430734926,1.2940006039743932,1.8160463318364486,3.9557897600664798
42,expAE03,NCAR_CISM2,/Volumes/CrucialX8/computing/data/antarctica/ismip6_hackathon/ComputedScalarsHelene/expAE03/shelfmelt/computed_shelfmelt_AIS_NCAR_CISM2_expAE03.nc,1.1102050417852762,1.7735666957391119,1.3685545773575263,2.448231066077854,1.7401400515710583,2.21093298017125,2.751716923258567
43,expAE03,NORCE_CISM2-MAR364-ERA-t1,/Volumes/CrucialX8/computing/data/antarctica/ismip6_hackathon/ComputedScalarsHelene/expAE03/shelfmelt/computed_shelfmelt_AIS_NORCE_CISM2-MAR364-ERA-t1_expAE03.nc,3.762217352285613,1.9621248637105089,4.581786505729955,4.68986251916892,3.3370517120827574,4.398050429796941,8.313129704210354
44,expAE03,NORCE_CISM3-MAR364-ERA-t1-local,/Volumes/CrucialX8/computing/data/antarctica/ismip6_hackathon/ComputedScalarsHelene/expAE03/shelfmelt/computed_shelfmelt_AIS_NORCE_CISM3-MAR364-ERA-t1-local_expAE03.nc,0.8265022406262663,1.5608518725838794,1.6934344764018852,1.1207885088996363,1.0076046512154273,1.2674769143439255,6.017257685028279
45,expAE03,NORCE_CISM3-MAR364-ERA-t1-nonlocal,/Volumes/CrucialX8/computing/data/antarctica/ismip6_hackathon/ComputedScalarsHelene/expAE03/shelfmelt/computed_shelfmelt_AIS_NORCE_CISM3-MAR364-ERA-t1-nonlocal_expAE03.nc,1.1760601674892175,2.4493885327430474,1.6667699503901636,1.4823295971415316,1.044931902609923,1.0478808338745769,6.290885445704713
46,expAE03,NORCE_CISM3-MAR364-ERA-t1,/Volumes/CrucialX8/computing/data/antarctica/ismip6_hackathon/ComputedScalarsHelene/expAE03/shelfmelt/computed_shelfmelt_AIS_NORCE_CISM3-MAR364-ERA-t1_expAE03.nc,2.256324779907493,2.369019956804335,5.686206426432506,6.078532195596444,1.559353570619683,3.04349403192041,4.541704451209931
47,expAE03,NORCE_CISM4-MAR364-ERA-t1-local,/Volumes/CrucialX8/computing/data/antarctica/ismip6_hackathon/ComputedScalarsHelene/expAE03/shelfmelt/computed_shelfmelt_AIS_NORCE_CISM4-MAR364-ERA-t1-local_expAE03.nc,0.9780947883767485,2.5622415126664024,1.2072198156109708,1.6999886840885798,1.470884847005737,1.0550864122625192,7.785606825315481
48,expAE03,NORCE_CISM4-MAR364-ERA-t1-nonlocal,/Volumes/CrucialX8/computing/data/antarctica/ismip6_hackathon/ComputedScalarsHelene/expAE03/shelfmelt/computed_shelfmelt_AIS_NORCE_CISM4-MAR364-ERA-t1-nonlocal_expAE03.nc,1.153179627857582,2.1603047858158835,2.15394981771689,2.0504619958995547,1.3536447075228069,0.9023449698126561,4.273459826875832
49,expAE03,NORCE_CISM4-MAR364-ERA-t1,/Volumes/CrucialX8/computing/data/antarctica/ismip6_hackathon/ComputedScalarsHelene/expAE03/shelfmelt/computed_shelfmelt_AIS_NORCE_CISM4-MAR364-ERA-t1_expAE03.nc,1.0073105950533312,3.001189000402647,1.8463338489211805,1.5085305280934673,1.7724021301828752,1.4137557463020682,2.34812130528342
50,expAE03,NORCE_CISM4-MAR364-JRA-t1,/Volumes/CrucialX8/computing/data/antarctica/ismip6_hackathon/ComputedScalarsHelene/expAE03/shelfmelt/computed_shelfmelt_AIS_NORCE_CISM4-MAR364-JRA-t1_expAE03.nc,0.8808812324182016,3.0025119957954067,1.4607534041303554,1.4217643701273506,1.870006055627441,1.5595358170589755,2.3099607696446123
51,expAE03,NORCE_CISM5-MAR364-ERA-t1-local,/Volumes/CrucialX8/computing/data/antarctica/ismip6_hackathon/ComputedScalarsHelene/expAE03/shelfmelt/computed_shelfmelt_AIS_NORCE_CISM5-MAR364-ERA-t1-local_expAE03.nc,1.3044586481252534,5.508976166369349,7.4900118960329705,2.045734231274583,3.140140125541053,1.8875182369378198,6.0270837145445215
52,expAE03,NORCE_CISM5-MAR364-ERA-t1-nonlocal,/Volumes/CrucialX8/computing/data/antarctica/ismip6_hackathon/ComputedScalarsHelene/expAE03/shelfmelt/computed_shelfmelt_AIS_NORCE_CISM5-MAR364-ERA-t1-nonlocal_expAE03.nc,1.2835802962285505,4.403934116683682,6.048403748245022,2.1572871819383392,1.8327842648958221,1.005877423735006,4.797330745240917
53,expAE03,NORCE_CISM5-MAR364-ERA-t1,/Volumes/CrucialX8/computing/data/antarctica/ismip6_hackathon/ComputedScalarsHelene/expAE03/shelfmelt/computed_shelfmelt_AIS_NORCE_CISM5-MAR364-ERA-t1_expAE03.nc,1.6051373614027156,6.556606462689267,10.590015748579361,2.5140264707647373,1.9556722052705156,1.6187025346970103,6.022971697831605
54,expAE03,PIK_PISM,/Volumes/CrucialX8/computing/data/antarctica/ismip6_hackathon/ComputedScalarsHelene/expAE03/shelfmelt/computed_shelfmelt_AIS_PIK_PISM_expAE03.nc,3.117401437630674,6.143454552421498,5.6099397882058595,2.3339646977734962,3.784547682685767,1.9974374952480805,8.402748504249361
55,expAE03,UCM_Yelmo,/Volumes/CrucialX8/computing/data/antarctica/ismip6_hackathon/ComputedScalarsHelene/expAE03/shelfmelt/computed_shelfmelt_AIS_UCM_Yelmo_expAE03.nc,2.9564468864870155,2.1286889841322303,2.5569343751482365,2.0631066561357794,2.0193157025679946,1.3818726888241741,4.883644238283473
56,expAE03,UCSD_ISSM,/Volumes/CrucialX8/computing/data/antarctica/ismip6_hackathon/ComputedScalarsHelene/expAE03/shelfmelt/computed_shelfmelt_AIS_UCSD_ISSM_expAE03.nc,2.2661677394234436,1.560730129713595,4.946735531615373,5.905705831241132,2.3587650249286005,2.393595308586861,1.6651726612858162
57,expAE03,ULB_fETISh-KoriBU1,/Volumes/CrucialX8/computing/data/antarctica/ismip6_hackathon/ComputedScalarsHelene/expAE03/shelfmelt/computed_shelfmelt_AIS_ULB_fETISh-KoriBU1_expAE03.nc,4.428233749634813,2.036757656536575,4.57611966175813,6.392514552301652,1.6544648568156892,7.439597497176992,5.495098159495149
58,expAE03,ULB_fETISh-KoriBU2,/Volumes/CrucialX8/computing/data/antarctica/ismip6_hackathon/ComputedScalarsHelene/expAE03/shelfmelt/computed_shelfmelt_AIS_ULB_fETISh-KoriBU2_expAE03.nc,1.3867376112501864,2.3606606790844658,2.3726619019747144,2.2165056807008523,1.5428919648903119,3.1951235375960887,4.510211941150419
59,expAE03,UNN_Ua,/Volumes/CrucialX8/computing/data/antarctica/ismip6_hackathon/ComputedScalarsHelene/expAE03/shelfmelt/computed_shelfmelt_AIS_UNN_Ua_expAE03.nc,0.8687078407881681,2.691927922597008,1.7771042698264436,1.0598550989068614,1.1443530327082174,2.2912157456884508,5.626965273650003
60,expAE03,UTAS_ElmerIce,/Volumes/CrucialX8/computing/data/antarctica/ismip6_hackathon/ComputedScalarsHelene/expAE03/shelfmelt/computed_shelfmelt_AIS_UTAS_ElmerIce_expAE03.nc,2.308527868364626,1.390808588310778,1.9110165816778542,1.182241646297246,0.8755345967701312,2.4985408168114422,1.9037739724951228
61,expAE03,VUB_AISMPALEO,/Volumes/CrucialX8/computing/data/antarctica/ismip6_hackathon/ComputedScalarsHelene/expAE03/shelfmelt/computed_shelfmelt_AIS_VUB_AISMPALEO_expAE03.nc,1.691462002444622,18.983363610909976,1.982130533679249,2.428773092362315,2.730357908280801,1.6086957771655732,4.81589476504444
62,expAE03,VUW_PISM1,/Volumes/CrucialX8/computing/data/antarctica/ismip6_hackathon/ComputedScalarsHelene/expAE03/shelfmelt/computed_shelfmelt_AIS_VUW_PISM1_expAE03.nc,3.063090440440301,2.9292845903298637,13.401367028859234,3.218493960190864,1.8672270008970888,10.336522901011419,10.074851399237552
63,expAE03,VUW_PISM1_s1,/Volumes/CrucialX8/computing/data/antarctica/ismip6_hackathon/ComputedScalarsHelene/expAE03/shelfmelt/computed_shelfmelt_AIS_VUW_PISM1_s1_expAE03.nc,3.2500274789852797,2.647437653984944,12.288670781274385,3.2345382001454857,1.7002611198362514,10.954245634846655,2.210285371998528
64,expAE03,VUW_PISM1_s2,/Volumes/CrucialX8/computing/data/antarctica/ismip6_hackathon/ComputedScalarsHelene/expAE03/shelfmelt/computed_shelfmelt_AIS_VUW_PISM1_s2_expAE03.nc,2.941634640689526,3.2508183050729604,18.049165391034585,3.6974739517114164,2.1439793113054573,10.120021207714748,5.731397699716699
65,expAE03,VUW_PISM1_s3,/Volumes/CrucialX8/computing/data/antarctica/ismip6_hackathon/ComputedScalarsHelene/expAE03/shelfmelt/computed_shelfmelt_AIS_VUW_PISM1_s3_expAE03.nc,7.753016971938707,3.396520646802629,16.51930958764146,3.515460288648157,2.4107040819836345,11.634504878413853,10.420345088066226
66,expAE03,VUW_PISM1_s4,/Volumes/CrucialX8/computing/data/antarctica/ismip6_hackathon/ComputedScalarsHelene/expAE03/shelfmelt/computed_shelfmelt_AIS_VUW_PISM1_s4_expAE03.nc,3.027479529698229,2.5902850324446005,13.81900431638645,3.366986917295473,1.690585292419609,10.656115210935809,9.682060543059068
67,expAE03,VUW_PISM2,/Volumes/CrucialX8/computing/data/antarctica/ismip6_hackathon/ComputedScalarsHelene/expAE03/shelfmelt/computed_shelfmelt_AIS_VUW_PISM2_expAE03.nc,2.2066554547248,1.4619277090938747,10.745953500676745,3.673362027838297,1.6238522829973803,9.13436175202226,9.84195645133842
68,expAE03,VUW_PISM2_s1,/Volumes/CrucialX8/computing/data/antarctica/ismip6_hackathon/ComputedScalarsHelene/expAE03/shelfmelt/computed_shelfmelt_AIS_VUW_PISM2_s1_expAE03.nc,2.264783410187185,1.3527863456522908,9.654255996875715,3.3803033013175914,1.4066595526952335,2.8281687658595867,2.743564765931308
69,expAE03,VUW_PISM2_s2,/Volumes/CrucialX8/computing/data/antarctica/ismip6_hackathon/ComputedScalarsHelene/expAE03/shelfmelt/computed_shelfmelt_AIS_VUW_PISM2_s2_expAE03.nc,2.216423220153356,1.3062320236716431,11.373246293653128,3.74910737252165,1.4661779707224647,9.779743286419485,2.4455798713915295
70,expAE03,VUW_PISM2_s3,/Volumes/CrucialX8/computing/data/antarctica/ismip6_hackathon/ComputedScalarsHelene/expAE03/shelfmelt/computed_shelfmelt_AIS_VUW_PISM2_s3_expAE03.nc,2.711959620868432,2.0320860218588104,12.264871345772903,3.7171656901917065,1.8277776120377336,11.620284521956972,3.0588397961284994
71,expAE03,VUW_PISM2_s4,/Volumes/CrucialX8/computing/data/antarctica/ismip6_hackathon/ComputedScalarsHelene/expAE03/shelfmelt/computed_shelfmelt_AIS_VUW_PISM2_s4_expAE03.nc,2.271467146434596,1.0341250292887856,10.120583930480741,3.5404153964850362,1.6189124934594825,9.420579305869417,2.947567185632315
72,expAE04,DC_ISSM,/Volumes/CrucialX8/computing/data/antarctica/ismip6_hackathon/ComputedScalarsHelene/expAE04/shelfmelt/computed_shelfmelt_AIS_DC_ISSM_expAE04.nc,6.838704700206036,5.91800758788235,2.097405258279007,4.38834905219499,3.289069995589189,7.056672144098131,38.572655549207745
73,expAE04,IGE_ElmerIce,/Volumes/CrucialX8/computing/data/antarctica/ismip6_hackathon/ComputedScalarsHelene/expAE04/shelfmelt/computed_shelfmelt_AIS_IGE_ElmerIce_expAE04.nc,2.546489609274983,4.4287288588111675,3.436172714852803,1.1676408665603415,1.3133157050704114,3.7531751555448585,7.176136976875562
74,expAE04,ILTS_SICOPOLIS,/Volumes/CrucialX8/computing/data/antarctica/ismip6_hackathon/ComputedScalarsHelene/expAE04/shelfmelt/computed_shelfmelt_AIS_ILTS_SICOPOLIS_expAE04.nc,2.6536213676079043,1.8483958631137696,3.342796160358878,2.622994188105164,3.0180253708629183,2.4476473274746837,6.009246206069503
75,expAE04,LSCE_GRISLI2,/Volumes/CrucialX8/computing/data/antarctica/ismip6_hackathon/ComputedScalarsHelene/expAE04/shelfmelt/computed_shelfmelt_AIS_LSCE_GRISLI2_expAE04.nc,3.2912586917421716,1.4670741734899775,3.388372619581014,2.3416727069726857,2.3757657316504486,2.490147687801135,12.913558426913205
76,expAE04,LSCE_GRISLI,/Volumes/CrucialX8/computing/data/antarctica/ismip6_hackathon/ComputedScalarsHelene/expAE04/shelfmelt/computed_shelfmelt_AIS_LSCE_GRISLI_expAE04.nc,3.216303706130515,1.7539481807356478,3.4922994034742,2.6123317355518134,2.8659895075016046,2.78559799662231,10.481391330058855
77,expAE04,NCAR_CISM1,/Volumes/CrucialX8/computing/data/antarctica/ismip6_hackathon/ComputedScalarsHelene/expAE04/shelfmelt/computed_shelfmelt_AIS_NCAR_CISM1_expAE04.nc,1.166469458282568,1.824659505674477,2.5221694494855433,1.328699204648964,1.2476575666383272,2.136931667601563,2.0430726244781425
78,expAE04,NCAR_CISM2,/Volumes/CrucialX8/computing/data/antarctica/ismip6_hackathon/ComputedScalarsHelene/expAE04/shelfmelt/computed_shelfmelt_AIS_NCAR_CISM2_expAE04.nc,2.4336691788200424,2.7272077241812993,1.2102607364055824,3.779222960517515,2.887524757157393,2.788562724216909,5.484527079474579
79,expAE04,NORCE_CISM2-MAR364-ERA-t1,/Volumes/CrucialX8/computing/data/antarctica/ismip6_hackathon/ComputedScalarsHelene/expAE04/shelfmelt/computed_shelfmelt_AIS_NORCE_CISM2-MAR364-ERA-t1_expAE04.nc,2.3814205709708403,2.3091910732515526,3.2952356638360567,18.248943518743847,4.629431946006582,2.0713305043064616,4.745434704631028
80,expAE04,NORCE_CISM3-MAR364-ERA-t1-local,/Volumes/CrucialX8/computing/data/antarctica/ismip6_hackathon/ComputedScalarsHelene/expAE04/shelfmelt/computed_shelfmelt_AIS_NORCE_CISM3-MAR364-ERA-t1-local_expAE04.nc,1.2899748948028988,2.5179107613890928,1.5726125985841877,1.5160898992754797,1.6448630239329183,1.3308026669321722,3.790191442021572
81,expAE04,NORCE_CISM3-MAR364-ERA-t1-nonlocal,/Volumes/CrucialX8/computing/data/antarctica/ismip6_hackathon/ComputedScalarsHelene/expAE04/shelfmelt/computed_shelfmelt_AIS_NORCE_CISM3-MAR364-ERA-t1-nonlocal_expAE04.nc,0.9929710106444238,2.896090075432366,2.237111015639003,1.154602093852774,1.0542070829328563,0.8565524551649403,2.5779762037834915
82,expAE04,NORCE_CISM3-MAR364-ERA-t1,/Volumes/CrucialX8/computing/data/antarctica/ismip6_hackathon/ComputedScalarsHelene/expAE04/shelfmelt/computed_shelfmelt_AIS_NORCE_CISM3-MAR364-ERA-t1_expAE04.nc,2.4621983838380888,2.025085165102904,3.030740728102192,11.734972996767821,3.842997585312323,3.0214418882228795,4.051292994746088
83,expAE04,NORCE_CISM4-MAR364-ERA-t1-local,/Volumes/CrucialX8/computing/data/antarctica/ismip6_hackathon/ComputedScalarsHelene/expAE04/shelfmelt/computed_shelfmelt_AIS_NORCE_CISM4-MAR364-ERA-t1-local_expAE04.nc,1.1537889871652596,2.4495298531825465,1.8664593236665157,1.5416133266140941,1.3502788765363143,0.8509185091343544,2.8784218014676832
84,expAE04,NORCE_CISM4-MAR364-ERA-t1-nonlocal,/Volumes/CrucialX8/computing/data/antarctica/ismip6_hackathon/ComputedScalarsHelene/expAE04/shelfmelt/computed_shelfmelt_AIS_NORCE_CISM4-MAR364-ERA-t1-nonlocal_expAE04.nc,1.5508934544803417,1.9685686073579753,2.4230544382885704,2.115675620865715,2.199706600419985,0.8928486294806616,2.0518081014760785
85,expAE04,NORCE_CISM4-MAR364-ERA-t1,/Volumes/CrucialX8/computing/data/antarctica/ismip6_hackathon/ComputedScalarsHelene/expAE04/shelfmelt/computed_shelfmelt_AIS_NORCE_CISM4-MAR364-ERA-t1_expAE04.nc,0.9585972758901593,2.675389138130195,2.4723978824235484,1.9496281837229419,1.20121280117506,2.290637280066486,10.256132479002323
86,expAE04,NORCE_CISM4-MAR364-JRA-t1,/Volumes/CrucialX8/computing/data/antarctica/ismip6_hackathon/ComputedScalarsHelene/expAE04/shelfmelt/computed_shelfmelt_AIS_NORCE_CISM4-MAR364-JRA-t1_expAE04.nc,0.9994846744297965,2.4197657123202245,2.469316798503275,1.6754125882908744,1.2818664572034508,2.095262473736078,10.759328451818572
87,expAE04,NORCE_CISM5-MAR364-ERA-t1-local,/Volumes/CrucialX8/computing/data/antarctica/ismip6_hackathon/ComputedScalarsHelene/expAE04/shelfmelt/computed_shelfmelt_AIS_NORCE_CISM5-MAR364-ERA-t1-local_expAE04.nc,1.2338337726492283,2.1793458662690024,3.8060724809375905,1.6399912569782318,1.577671391185681,1.841227362522532,4.682845440477325
88,expAE04,NORCE_CISM5-MAR364-ERA-t1-nonlocal,/Volumes/CrucialX8/computing/data/antarctica/ismip6_hackathon/ComputedScalarsHelene/expAE04/shelfmelt/computed_shelfmelt_AIS_NORCE_CISM5-MAR364-ERA-t1-nonlocal_expAE04.nc,2.2972876397481583,2.952544105024867,4.867017828125357,1.7749662814596296,2.0899281969727577,1.5074701001000697,3.4435580108792343
89,expAE04,NORCE_CISM5-MAR364-ERA-t1,/Volumes/CrucialX8/computing/data/antarctica/ismip6_hackathon/ComputedScalarsHelene/expAE04/shelfmelt/computed_shelfmelt_AIS_NORCE_CISM5-MAR364-ERA-t1_expAE04.nc,1.8816109401406038,6.869580791551979,8.77898156364895,2.4103193174590074,1.9432288208049948,1.496729739482297,4.5782962713125155
90,expAE04,PIK_PISM,/Volumes/CrucialX8/computing/data/antarctica/ismip6_hackathon/ComputedScalarsHelene/expAE04/shelfmelt/computed_shelfmelt_AIS_PIK_PISM_expAE04.nc,2.91050430832743,8.540249435528963,5.698766669323336,1.8535650644014312,1.9607163001963528,4.534003484219495,3.9683538404356526
91,expAE04,UCM_Yelmo,/Volumes/CrucialX8/computing/data/antarctica/ismip6_hackathon/ComputedScalarsHelene/expAE04/shelfmelt/computed_shelfmelt_AIS_UCM_Yelmo_expAE04.nc,2.468760644407121,3.6955082518426274,4.0556626092838375,3.240072522323121,3.4800102824216146,2.051050663083332,3.168104410196467
92,expAE04,UCSD_ISSM,/Volumes/CrucialX8/computing/data/antarctica/ismip6_hackathon/ComputedScalarsHelene/expAE04/shelfmelt/computed_shelfmelt_AIS_UCSD_ISSM_expAE04.nc,2.731989007230864,2.7426376360810845,5.196480167690843,5.414776790401065,2.694220260397677,2.702894456111065,2.2732767182246847
93,expAE04,ULB_fETISh-KoriBU1,/Volumes/CrucialX8/computing/data/antarctica/ismip6_hackathon/ComputedScalarsHelene/expAE04/shelfmelt/computed_shelfmelt_AIS_ULB_fETISh-KoriBU1_expAE04.nc,5.947049826934438,2.5573668709217965,6.785873735830658,6.213889441549745,4.800885910980159,7.771456263933311,6.6223902161753365
94,expAE04,ULB_fETISh-KoriBU2,/Volumes/CrucialX8/computing/data/antarctica/ismip6_hackathon/ComputedScalarsHelene/expAE04/shelfmelt/computed_shelfmelt_AIS_ULB_fETISh-KoriBU2_expAE04.nc,4.343934877883672,1.1455675960201976,2.0364667027890855,2.9906260797901063,2.37665273241445,7.985160204078426,1.7400434205053301
95,expAE04,UNN_Ua,/Volumes/CrucialX8/computing/data/antarctica/ismip6_hackathon/ComputedScalarsHelene/expAE04/shelfmelt/computed_shelfmelt_AIS_UNN_Ua_expAE04.nc,1.7130589930768714,4.983761909568874,1.9896286411569726,2.150324807820376,1.4533364724116233,2.1921072404732884,5.498495967594732
96,expAE04,UTAS_ElmerIce,/Volumes/CrucialX8/computing/data/antarctica/ismip6_hackathon/ComputedScalarsHelene/expAE04/shelfmelt/computed_shelfmelt_AIS_UTAS_ElmerIce_expAE04.nc,1.6236629185527092,3.3254582999796756,2.5670165145029697,1.17790364354147,1.2885980528475167,1.5391462446828512,3.0822429586509252
97,expAE04,VUB_AISMPALEO,/Volumes/CrucialX8/computing/data/antarctica/ismip6_hackathon/ComputedScalarsHelene/expAE04/shelfmelt/computed_shelfmelt_AIS_VUB_AISMPALEO_expAE04.nc,2.3729934651678315,10.18867009938336,2.921975549228774,2.4655839593961346,2.7592442127240067,1.9592959140318116,4.796749110909553
98,expAE04,VUW_PISM1,/Volumes/CrucialX8/computing/data/antarctica/ismip6_hackathon/ComputedScalarsHelene/expAE04/shelfmelt/computed_shelfmelt_AIS_VUW_PISM1_expAE04.nc,1.6082278254872122,1.1817913689255797,7.631561542455083,1.6597117347556336,1.2366846353130971,9.990566249545248,1.9883961482066916
99,expAE04,VUW_PISM1_s1,/Volumes/CrucialX8/computing/data/antarctica/ismip6_hackathon/ComputedScalarsHelene/expAE04/shelfmelt/computed_shelfmelt_AIS_VUW_PISM1_s1_expAE04.nc,1.5451062594118323,1.1886187114705722,7.290919467172488,1.8288944418573032,1.4167261434956981,8.345682931858605,1.787724141235723
100,expAE04,VUW_PISM1_s2,/Volumes/CrucialX8/computing/data/antarctica/ismip6_hackathon/ComputedScalarsHelene/expAE04/shelfmelt/computed_shelfmelt_AIS_VUW_PISM1_s2_expAE04.nc,1.5104086997876944,1.2959800289234344,8.617444933049272,1.695928225841051,0.9669250631752048,10.38789788125236,2.0957655941786975
101,expAE04,VUW_PISM1_s3,/Volumes/CrucialX8/computing/data/antarctica/ismip6_hackathon/ComputedScalarsHelene/expAE04/shelfmelt/computed_shelfmelt_AIS_VUW_PISM1_s3_expAE04.nc,1.767516859952116,1.5540461178806835,9.50746180580797,1.4864850091952944,1.934571103256692,10.071306445434471,2.092184680942678
102,expAE04,VUW_PISM1_s4,/Volumes/CrucialX8/computing/data/antarctica/ismip6_hackathon/ComputedScalarsHelene/expAE04/shelfmelt/computed_shelfmelt_AIS_VUW_PISM1_s4_expAE04.nc,1.4018947609755033,1.4670217438492708,7.893264695123579,1.7981667381546897,1.145921096701102,9.516528860049151,2.047081302186417
103,expAE04,VUW_PISM2,/Volumes/CrucialX8/computing/data/antarctica/ismip6_hackathon/ComputedScalarsHelene/expAE04/shelfmelt/computed_shelfmelt_AIS_VUW_PISM2_expAE04.nc,1.8011291408904302,1.156693840094664,6.506935769984014,1.960171397381772,1.41714906633142,7.173752429979439,1.5148230798875966
104,expAE04,VUW_PISM2_s1,/Volumes/CrucialX8/computing/data/antarctica/ismip6_hackathon/ComputedScalarsHelene/expAE04/shelfmelt/computed_shelfmelt_AIS_VUW_PISM2_s1_expAE04.nc,2.037874811051686,1.365128495760279,5.286956241737152,2.1132641291705982,1.6486943225614143,6.582307482604986,2.277039211302765
105,expAE04,VUW_PISM2_s2,/Volumes/CrucialX8/computing/data/antarctica/ismip6_hackathon/ComputedScalarsHelene/expAE04/shelfmelt/computed_shelfmelt_AIS_VUW_PISM2_s2_expAE04.nc,1.6868813022207843,1.2186966470437532,7.487636006903372,1.8754394560376677,1.3824945168444704,7.865888864359337,1.6015605739768055
106,expAE04,VUW_PISM2_s3,/Volumes/CrucialX8/computing/data/antarctica/ismip6_hackathon/ComputedScalarsHelene/expAE04/shelfmelt/computed_shelfmelt_AIS_VUW_PISM2_s3_expAE04.nc,2.4460764608873586,0.9218627106356064,7.914413977604603,1.9381734264615993,2.3616000581625483,7.8251044660239994,1.5062400437899914
107,expAE04,VUW_PISM2_s4,/Volumes/CrucialX8/computing/data/antarctica/ismip6_hackathon/ComputedScalarsHelene/expAE04/shelfmelt/computed_shelfmelt_AIS_VUW_PISM2_s4_expAE04.nc,1.5791405058503436,1.2234220358744219,5.798165419073078,2.0935930836223187,1.2523840760055935,1.8739833419543483,2.057468708366419
108,expAE05,DC_ISSM,/Volumes/CrucialX8/computing/data/antarctica/ismip6_hackathon/ComputedScalarsHelene/expAE05/shelfmelt/computed_shelfmelt_AIS_DC_ISSM_expAE05.nc,1.4658144192291291,4.524873483859784,1.3944105839243122,2.221517379429039,0.7631647220766035,1.618552586291164,2.826205510271575
109,expAE05,IGE_ElmerIce,/Volumes/CrucialX8/computing/data/antarctica/ismip6_hackathon/ComputedScalarsHelene/expAE05/shelfmelt/computed_shelfmelt_AIS_IGE_ElmerIce_expAE05.nc,3.696318310369836,7.10521529950649,6.1670864005166015,5.42098270344717,1.6402076195856201,5.305531611789498,9.887881297596138
110,expAE05,ILTS_SICOPOLIS,/Volumes/CrucialX8/computing/data/antarctica/ismip6_hackathon/ComputedScalarsHelene/expAE05/shelfmelt/computed_shelfmelt_AIS_ILTS_SICOPOLIS_expAE05.nc,3.106581453544205,2.29047228474553,4.347433637837555,3.8405729921626572,3.5808613520322474,2.8762843356721652,2.328906143245103
111,expAE05,LSCE_GRISLI2,/Volumes/CrucialX8/computing/data/antarctica/ismip6_hackathon/ComputedScalarsHelene/expAE05/shelfmelt/computed_shelfmelt_AIS_LSCE_GRISLI2_expAE05.nc,2.4551793749935156,1.038016726020929,4.64511820760094,2.831574845550445,3.2532336798910344,2.1858752321352495,5.503161010241266
112,expAE05,LSCE_GRISLI,/Volumes/CrucialX8/computing/data/antarctica/ismip6_hackathon/ComputedScalarsHelene/expAE05/shelfmelt/computed_shelfmelt_AIS_LSCE_GRISLI_expAE05.nc,2.9969898529374452,1.6015362878711703,4.583850100674984,2.918520834962821,3.6664222997941116,2.5881095532806473,6.7088584221008
113,expAE05,NCAR_CISM1,/Volumes/CrucialX8/computing/data/antarctica/ismip6_hackathon/ComputedScalarsHelene/expAE05/shelfmelt/computed_shelfmelt_AIS_NCAR_CISM1_expAE05.nc,1.0722275674947113,1.2362384339204116,3.4001743594910607,3.128941765666286,1.9440571316277182,1.0216064793203972,2.176314119405088
114,expAE05,NCAR_CISM2,/Volumes/CrucialX8/computing/data/antarctica/ismip6_hackathon/ComputedScalarsHelene/expAE05/shelfmelt/computed_shelfmelt_AIS_NCAR_CISM2_expAE05.nc,1.4007674468201703,1.9956489976738818,2.0435150411413243,1.8566872577996079,1.3967636067135198,2.101115392042308,3.570059958958327
115,expAE05,NORCE_CISM2-MAR364-ERA-t1,/Volumes/CrucialX8/computing/data/antarctica/ismip6_hackathon/ComputedScalarsHelene/expAE05/shelfmelt/computed_shelfmelt_AIS_NORCE_CISM2-MAR364-ERA-t1_expAE05.nc,1.2741581168861422,2.603913389957429,4.11477202240836,2.399130522437786,2.7308170164412395,3.208058502360601,1.446880978030026
116,expAE05,NORCE_CISM3-MAR364-ERA-t1-local,/Volumes/CrucialX8/computing/data/antarctica/ismip6_hackathon/ComputedScalarsHelene/expAE05/shelfmelt/computed_shelfmelt_AIS_NORCE_CISM3-MAR364-ERA-t1-local_expAE05.nc,0.7578314681515397,2.2348938750303238,1.5317015196022399,1.8311002135322278,0.9926658681084565,0.9816673500999797,2.671666397083832
117,expAE05,NORCE_CISM3-MAR364-ERA-t1-nonlocal,/Volumes/CrucialX8/computing/data/antarctica/ismip6_hackathon/ComputedScalarsHelene/expAE05/shelfmelt/computed_shelfmelt_AIS_NORCE_CISM3-MAR364-ERA-t1-nonlocal_expAE05.nc,1.79610805351415,2.514261221787376,3.483772508053183,2.8968135961282964,1.8233047230722825,1.6041309602160665,3.5214458151498667
118,expAE05,NORCE_CISM3-MAR364-ERA-t1,/Volumes/CrucialX8/computing/data/antarctica/ismip6_hackathon/ComputedScalarsHelene/expAE05/shelfmelt/computed_shelfmelt_AIS_NORCE_CISM3-MAR364-ERA-t1_expAE05.nc,1.481398979470185,2.143606434574526,4.095532553658298,2.519096591709874,2.8973718835718456,1.6300133531259235,4.360854382553478
119,expAE05,NORCE_CISM4-MAR364-ERA-t1-local,/Volumes/CrucialX8/computing/data/antarctica/ismip6_hackathon/ComputedScalarsHelene/expAE05/shelfmelt/computed_shelfmelt_AIS_NORCE_CISM4-MAR364-ERA-t1-local_expAE05.nc,0.7052402944294109,1.8095598200145564,2.4345541047107595,1.8773149518843382,1.9211355731849227,1.8808864739203353,4.059013278685244
120,expAE05,NORCE_CISM4-MAR364-ERA-t1-nonlocal,/Volumes/CrucialX8/computing/data/antarctica/ismip6_hackathon/ComputedScalarsHelene/expAE05/shelfmelt/computed_shelfmelt_AIS_NORCE_CISM4-MAR364-ERA-t1-nonlocal_expAE05.nc,1.200117596391365,1.338170259567678,3.8548474207168617,3.3412376816391385,2.3716868175415917,0.8607866193758908,4.784576999684006
121,expAE05,NORCE_CISM4-MAR364-ERA-t1,/Volumes/CrucialX8/computing/data/antarctica/ismip6_hackathon/ComputedScalarsHelene/expAE05/shelfmelt/computed_shelfmelt_AIS_NORCE_CISM4-MAR364-ERA-t1_expAE05.nc,1.2853708030590982,2.128947723761141,4.119613849462509,3.240798568202969,3.387624046277183,1.4592297200157727,6.696326511353111
122,expAE05,NORCE_CISM4-MAR364-JRA-t1,/Volumes/CrucialX8/computing/data/antarctica/ismip6_hackathon/ComputedScalarsHelene/expAE05/shelfmelt/computed_shelfmelt_AIS_NORCE_CISM4-MAR364-JRA-t1_expAE05.nc,1.396269879021984,2.3608847261300108,3.9288985373950327,3.3153810834436324,3.3351737583145282,1.5566642926222791,6.496251248337191
123,expAE05,NORCE_CISM5-MAR364-ERA-t1-local,/Volumes/CrucialX8/computing/data/antarctica/ismip6_hackathon/ComputedScalarsHelene/expAE05/shelfmelt/computed_shelfmelt_AIS_NORCE_CISM5-MAR364-ERA-t1-local_expAE05.nc,1.4836144274702328,7.283544437264649,2.7761205935964384,2.814380193767111,3.7675235354473644,4.944533248424403,3.052389330292781
124,expAE05,NORCE_CISM5-MAR364-ERA-t1-nonlocal,/Volumes/CrucialX8/computing/data/antarctica/ismip6_hackathon/ComputedScalarsHelene/expAE05/shelfmelt/computed_shelfmelt_AIS_NORCE_CISM5-MAR364-ERA-t1-nonlocal_expAE05.nc,1.0430822671126982,2.582371921322851,4.52661997682027,3.226885306991481,2.084337427164574,2.1492528824246606,11.268379004781389
125,expAE05,NORCE_CISM5-MAR364-ERA-t1,/Volumes/CrucialX8/computing/data/antarctica/ismip6_hackathon/ComputedScalarsHelene/expAE05/shelfmelt/computed_shelfmelt_AIS_NORCE_CISM5-MAR364-ERA-t1_expAE05.nc,1.1946793010941945,6.672698451807506,5.567600742748847,1.6357263508831894,2.8969999655759233,2.8485680842461223,10.476674707648595
126,expAE05,PIK_PISM,/Volumes/CrucialX8/computing/data/antarctica/ismip6_hackathon/ComputedScalarsHelene/expAE05/shelfmelt/computed_shelfmelt_AIS_PIK_PISM_expAE05.nc,5.407105344595182,8.718412855863896,8.45677319973074,4.454653879201528,2.685263032357555,4.072295826006143,4.150438446571417
127,expAE05,UCM_Yelmo,/Volumes/CrucialX8/computing/data/antarctica/ismip6_hackathon/ComputedScalarsHelene/expAE05/shelfmelt/computed_shelfmelt_AIS_UCM_Yelmo_expAE05.nc,1.7400700079169515,2.59713984082913,4.202201187384744,1.9541616949534986,3.340816184797399,1.568300993658148,3.734635785052297
128,expAE05,UCSD_ISSM,/Volumes/CrucialX8/computing/data/antarctica/ismip6_hackathon/ComputedScalarsHelene/expAE05/shelfmelt/computed_shelfmelt_AIS_UCSD_ISSM_expAE05.nc,2.348414857613435,5.116925393208419,5.639519777126348,5.987750190864249,1.4574078911193669,2.7685639679581806,0.817522450459147
129,expAE05,ULB_fETISh-KoriBU1,/Volumes/CrucialX8/computing/data/antarctica/ismip6_hackathon/ComputedScalarsHelene/expAE05/shelfmelt/computed_shelfmelt_AIS_ULB_fETISh-KoriBU1_expAE05.nc,2.2359779354651965,3.8731129048913715,2.1944258697338475,4.657676370785152,1.8059588847141599,5.002179293572615,18.305862160588816
130,expAE05,ULB_fETISh-KoriBU2,/Volumes/CrucialX8/computing/data/antarctica/ismip6_hackathon/ComputedScalarsHelene/expAE05/shelfmelt/computed_shelfmelt_AIS_ULB_fETISh-KoriBU2_expAE05.nc,1.5982133317214844,1.2091595144442329,3.2979620026824157,3.71114516679564,2.233425079107318,2.656279900871254,2.7728177609030533
131,expAE05,UNN_Ua,/Volumes/CrucialX8/computing/data/antarctica/ismip6_hackathon/ComputedScalarsHelene/expAE05/shelfmelt/computed_shelfmelt_AIS_UNN_Ua_expAE05.nc,0.8253047503356515,4.200303288338899,2.0634286621749998,1.4864380540472222,1.4013286374187157,2.3363272694445207,3.6222327925390907
132,expAE05,UTAS_ElmerIce,/Volumes/CrucialX8/computing/data/antarctica/ismip6_hackathon/ComputedScalarsHelene/expAE05/shelfmelt/computed_shelfmelt_AIS_UTAS_ElmerIce_expAE05.nc,1.4496202253567136,2.3033946261896294,1.9760930984931098,2.5248124291746894,1.8064559304279846,2.371345890877334,3.446192296859428
133,expAE05,VUB_AISMPALEO,/Volumes/CrucialX8/computing/data/antarctica/ismip6_hackathon/ComputedScalarsHelene/expAE05/shelfmelt/computed_shelfmelt_AIS_VUB_AISMPALEO_expAE05.nc,2.184344661172784,18.794078183003073,3.9418143468446942,3.7166242066132753,3.2293404159491357,1.8371388092827043,7.0942820598401655
134,expAE05,VUW_PISM1,/Volumes/CrucialX8/computing/data/antarctica/ismip6_hackathon/ComputedScalarsHelene/expAE05/shelfmelt/computed_shelfmelt_AIS_VUW_PISM1_expAE05.nc,8.394212843186123,8.164665948997357,16.252889418541205,4.991240196853852,3.1722440267418417,14.295626741320156,14.335465705416665
135,expAE05,VUW_PISM1_s1,/Volumes/CrucialX8/computing/data/antarctica/ismip6_hackathon/ComputedScalarsHelene/expAE05/shelfmelt/computed_shelfmelt_AIS_VUW_PISM1_s1_expAE05.nc,7.717495922396629,6.4768325355993,7.842525288824829,4.378048381519319,3.0406605798899875,13.527773037894326,14.682815003187095
136,expAE05,VUW_PISM1_s2,/Volumes/CrucialX8/computing/data/antarctica/ismip6_hackathon/ComputedScalarsHelene/expAE05/shelfmelt/computed_shelfmelt_AIS_VUW_PISM1_s2_expAE05.nc,8.897558297089542,7.105237326038035,17.154978864444026,4.937446969906994,3.3713569351844836,14.317786860255083,16.307953545571422
137,expAE05,VUW_PISM1_s3,/Volumes/CrucialX8/computing/data/antarctica/ismip6_hackathon/ComputedScalarsHelene/expAE05/shelfmelt/computed_shelfmelt_AIS_VUW_PISM1_s3_expAE05.nc,9.185068444926264,7.018043353323418,16.133731908126673,5.044844972447048,4.074229542052036,14.534396451574153,15.413043978066407
138,expAE05,VUW_PISM1_s4,/Volumes/CrucialX8/computing/data/antarctica/ismip6_hackathon/ComputedScalarsHelene/expAE05/shelfmelt/computed_shelfmelt_AIS_VUW_PISM1_s4_expAE05.nc,7.89023120976792,7.199024133665106,16.138106441007373,5.637194153982761,3.336211732397377,13.923505974508327,14.002875093440242
139,expAE05,VUW_PISM2,/Volumes/CrucialX8/computing/data/antarctica/ismip6_hackathon/ComputedScalarsHelene/expAE05/shelfmelt/computed_shelfmelt_AIS_VUW_PISM2_expAE05.nc,6.0260804422660055,2.9604223892435138,5.221461032383652,4.586525100265037,2.4621653920347777,11.269754353942679,13.65998711639308
140,expAE05,VUW_PISM2_s1,/Volumes/CrucialX8/computing/data/antarctica/ismip6_hackathon/ComputedScalarsHelene/expAE05/shelfmelt/computed_shelfmelt_AIS_VUW_PISM2_s1_expAE05.nc,5.878962038996842,3.603901095689933,4.074183729521859,4.369376307843022,2.6277950959754452,10.501721324936444,12.457273611872123
141,expAE05,VUW_PISM2_s2,/Volumes/CrucialX8/computing/data/antarctica/ismip6_hackathon/ComputedScalarsHelene/expAE05/shelfmelt/computed_shelfmelt_AIS_VUW_PISM2_s2_expAE05.nc,5.740551020821833,2.815970500813491,16.747963314778993,4.724051408431742,2.3976671488943526,11.314592142671168,15.30310244286969
142,expAE05,VUW_PISM2_s3,/Volumes/CrucialX8/computing/data/antarctica/ismip6_hackathon/ComputedScalarsHelene/expAE05/shelfmelt/computed_shelfmelt_AIS_VUW_PISM2_s3_expAE05.nc,7.61682457579312,6.226156818893639,15.479943600469287,4.409422882720769,3.517749650929236,11.935788996321955,14.994786262183196
143,expAE05,VUW_PISM2_s4,/Volumes/CrucialX8/computing/data/antarctica/ismip6_hackathon/ComputedScalarsHelene/expAE05/shelfmelt/computed_shelfmelt_AIS_VUW_PISM2_s4_expAE05.nc,5.352821410538818,2.8556750028867914,4.511985602758953,4.655132241185591,2.633785262002436,10.442035681371523,14.062145067804508
