Experiment,Model,Path,sector_1,sector_2,sector_3,sector_4,sector_5,sector_6,sector_7,sector_8,sector_9,sector_10,sector_11,sector_12,sector_13,sector_14,sector_15,sector_16,sector_17,sector_18,AIS,region_1,region_2,region_3
expAE02,DC_ISSM,/Volumes/CrucialX8/computing/data/antarctica/ismip6_hackathon/ComputedScalarsHelene/expAE02/shelfmelt/computed_shelfmelt_AIS_DC_ISSM_expAE02.nc,2106,2143,2056,2104,2077,2130,2126,2071,2081,2132,2080,2084,2093,2062,2106,2125,2075,2079,2091,2092,2092,2084
expAE02,IGE_ElmerIce,/Volumes/CrucialX8/computing/data/antarctica/ismip6_hackathon/ComputedScalarsHelene/expAE02/shelfmelt/computed_shelfmelt_AIS_IGE_ElmerIce_expAE02.nc,2197,2017,2283,2300,2300,2016,2020,2300,2300,2300,2300,2025,2033,2300,2300,2030,2110,2023,2015,2300,2300,2121
expAE02,ILTS_SICOPOLIS,/Volumes/CrucialX8/computing/data/antarctica/ismip6_hackathon/ComputedScalarsHelene/expAE02/shelfmelt/computed_shelfmelt_AIS_ILTS_SICOPOLIS_expAE02.nc,2073,2125,2072,2300,2079,2122,2126,2146,2080,2112,2077,2208,2123,2079,2083,2105,2084,2077,2097,2116,2090,2086
expAE02,LSCE_GRISLI2,/Volumes/CrucialX8/computing/data/antarctica/ismip6_hackathon/ComputedScalarsHelene/expAE02/shelfmelt/computed_shelfmelt_AIS_LSCE_GRISLI2_expAE02.nc,2017,2016,2020,2016,2300,2016,2300,2271,2300,2020,2300,2037,2040,2278,2020,2017,2018,2017,2015,2300,2300,2017
expAE02,LSCE_GRISLI,/Volumes/CrucialX8/computing/data/antarctica/ismip6_hackathon/ComputedScalarsHelene/expAE02/shelfmelt/computed_shelfmelt_AIS_LSCE_GRISLI_expAE02.nc,2017,2016,2016,2016,2300,2016,2300,2239,2300,2020,2300,2037,2136,2104,2020,2017,2017,2017,2015,2300,2300,2017
expAE02,NCAR_CISM1,/Volumes/CrucialX8/computing/data/antarctica/ismip6_hackathon/ComputedScalarsHelene/expAE02/shelfmelt/computed_shelfmelt_AIS_NCAR_CISM1_expAE02.nc,2021,2016,2018,2016,2300,2016,2300,2300,2300,2020,2300,2300,2300,2300,2300,2164,2017,2017,2015,2300,2300,2017
expAE02,NCAR_CISM2,/Volumes/CrucialX8/computing/data/antarctica/ismip6_hackathon/ComputedScalarsHelene/expAE02/shelfmelt/computed_shelfmelt_AIS_NCAR_CISM2_expAE02.nc,2017,2016,2019,2016,2300,2017,2300,2300,2300,2029,2300,2300,2020,2300,2300,2300,2017,2017,2015,2300,2300,2017
expAE02,NORCE_CISM2-MAR364-ERA-t1,/Volumes/CrucialX8/computing/data/antarctica/ismip6_hackathon/ComputedScalarsHelene/expAE02/shelfmelt/computed_shelfmelt_AIS_NORCE_CISM2-MAR364-ERA-t1_expAE02.nc,2019,2016,2020,2016,2300,2016,2300,2300,2300,2020,2300,2300,2300,2300,2300,2235,2018,2017,2015,2016,2300,2017
expAE02,NORCE_CISM3-MAR364-ERA-t1-local,/Volumes/CrucialX8/computing/data/antarctica/ismip6_hackathon/ComputedScalarsHelene/expAE02/shelfmelt/computed_shelfmelt_AIS_NORCE_CISM3-MAR364-ERA-t1-local_expAE02.nc,2019,2016,2020,2016,2300,2016,2300,2300,2300,2020,2300,2300,2235,2300,2300,2033,2017,2017,2015,2300,2300,2017
expAE02,NORCE_CISM3-MAR364-ERA-t1-nonlocal,/Volumes/CrucialX8/computing/data/antarctica/ismip6_hackathon/ComputedScalarsHelene/expAE02/shelfmelt/computed_shelfmelt_AIS_NORCE_CISM3-MAR364-ERA-t1-nonlocal_expAE02.nc,2019,2016,2020,2016,2300,2016,2300,2300,2300,2020,2300,2300,2199,2300,2300,2030,2017,2017,2015,2300,2300,2017
expAE02,NORCE_CISM3-MAR364-ERA-t1,/Volumes/CrucialX8/computing/data/antarctica/ismip6_hackathon/ComputedScalarsHelene/expAE02/shelfmelt/computed_shelfmelt_AIS_NORCE_CISM3-MAR364-ERA-t1_expAE02.nc,2019,2016,2020,2016,2300,2016,2300,2300,2300,2020,2300,2300,2300,2300,2300,2217,2017,2017,2015,2300,2300,2017
expAE02,NORCE_CISM4-MAR364-ERA-t1-local,/Volumes/CrucialX8/computing/data/antarctica/ismip6_hackathon/ComputedScalarsHelene/expAE02/shelfmelt/computed_shelfmelt_AIS_NORCE_CISM4-MAR364-ERA-t1-local_expAE02.nc,2263,2016,2019,2016,2300,2017,2300,2300,2300,2029,2300,2300,2173,2300,2300,2164,2217,2017,2015,2300,2300,2017
expAE02,NORCE_CISM4-MAR364-ERA-t1-nonlocal,/Volumes/CrucialX8/computing/data/antarctica/ismip6_hackathon/ComputedScalarsHelene/expAE02/shelfmelt/computed_shelfmelt_AIS_NORCE_CISM4-MAR364-ERA-t1-nonlocal_expAE02.nc,2259,2016,2016,2016,2300,2016,2300,2300,2300,2020,2300,2300,2160,2300,2300,2164,2017,2017,2015,2300,2300,2017
expAE02,NORCE_CISM4-MAR364-ERA-t1,/Volumes/CrucialX8/computing/data/antarctica/ismip6_hackathon/ComputedScalarsHelene/expAE02/shelfmelt/computed_shelfmelt_AIS_NORCE_CISM4-MAR364-ERA-t1_expAE02.nc,2021,2016,2300,2016,2300,2016,2300,2300,2300,2020,2300,2300,2235,2300,2300,2217,2017,2017,2015,2300,2300,2023
expAE02,NORCE_CISM4-MAR364-JRA-t1,/Volumes/CrucialX8/computing/data/antarctica/ismip6_hackathon/ComputedScalarsHelene/expAE02/shelfmelt/computed_shelfmelt_AIS_NORCE_CISM4-MAR364-JRA-t1_expAE02.nc,2021,2016,2300,2016,2300,2016,2300,2300,2300,2020,2300,2300,2235,2300,2300,2217,2031,2017,2015,2300,2300,2023
expAE02,NORCE_CISM5-MAR364-ERA-t1-local,/Volumes/CrucialX8/computing/data/antarctica/ismip6_hackathon/ComputedScalarsHelene/expAE02/shelfmelt/computed_shelfmelt_AIS_NORCE_CISM5-MAR364-ERA-t1-local_expAE02.nc,2232,2016,2020,2016,2300,2017,2300,2300,2300,2020,2300,2300,2192,2262,2300,2164,2164,2216,2015,2300,2300,2198
expAE02,NORCE_CISM5-MAR364-ERA-t1-nonlocal,/Volumes/CrucialX8/computing/data/antarctica/ismip6_hackathon/ComputedScalarsHelene/expAE02/shelfmelt/computed_shelfmelt_AIS_NORCE_CISM5-MAR364-ERA-t1-nonlocal_expAE02.nc,2220,2016,2016,2016,2300,2016,2235,2300,2300,2029,2300,2300,2185,2300,2300,2164,2017,2023,2015,2300,2300,2184
expAE02,NORCE_CISM5-MAR364-ERA-t1,/Volumes/CrucialX8/computing/data/antarctica/ismip6_hackathon/ComputedScalarsHelene/expAE02/shelfmelt/computed_shelfmelt_AIS_NORCE_CISM5-MAR364-ERA-t1_expAE02.nc,2235,2016,2300,2016,2300,2016,2235,2300,2300,2029,2300,2300,2300,2300,2300,2235,2204,2241,2015,2300,2300,2245
expAE02,PIK_PISM,/Volumes/CrucialX8/computing/data/antarctica/ismip6_hackathon/ComputedScalarsHelene/expAE02/shelfmelt/computed_shelfmelt_AIS_PIK_PISM_expAE02.nc,2051,2017,2300,2300,2300,2016,2020,2300,2300,2300,2300,2020,2019,2300,2300,2081,2143,2033,2015,2300,2300,2192
expAE02,UCM_Yelmo,/Volumes/CrucialX8/computing/data/antarctica/ismip6_hackathon/ComputedScalarsHelene/expAE02/shelfmelt/computed_shelfmelt_AIS_UCM_Yelmo_expAE02.nc,2016,2016,2016,2016,2300,2016,2193,2163,2300,2019,2300,2300,2020,2136,2020,2024,2016,2016,2015,2016,2300,2016
expAE02,UCSD_ISSM,/Volumes/CrucialX8/computing/data/antarctica/ismip6_hackathon/ComputedScalarsHelene/expAE02/shelfmelt/computed_shelfmelt_AIS_UCSD_ISSM_expAE02.nc,2300,2300,2300,2300,2300,2300,2300,2300,2300,2300,2300,2024,2033,2300,2300,2018,2018,2300,2015,2300,2300,2300
expAE02,ULB_fETISh-KoriBU1,/Volumes/CrucialX8/computing/data/antarctica/ismip6_hackathon/ComputedScalarsHelene/expAE02/shelfmelt/computed_shelfmelt_AIS_ULB_fETISh-KoriBU1_expAE02.nc,2062,2017,2300,2300,2300,2015,2021,2300,2015,2232,2300,2035,2034,2300,2027,2058,2071,2300,2015,2300,2300,2300
expAE02,ULB_fETISh-KoriBU2,/Volumes/CrucialX8/computing/data/antarctica/ismip6_hackathon/ComputedScalarsHelene/expAE02/shelfmelt/computed_shelfmelt_AIS_ULB_fETISh-KoriBU2_expAE02.nc,2091,2123,2071,2108,2082,2131,2143,2094,2090,2162,2078,2149,2100,2067,2091,2092,2085,2074,2094,2094,2092,2086
expAE02,UNN_Ua,/Volumes/CrucialX8/computing/data/antarctica/ismip6_hackathon/ComputedScalarsHelene/expAE02/shelfmelt/computed_shelfmelt_AIS_UNN_Ua_expAE02.nc,2235,2016,2300,2016,2300,2016,2300,2300,2016,2300,2024,2047,2020,2300,2300,2031,2025,2023,2015,2300,2300,2235
expAE02,UTAS_ElmerIce,/Volumes/CrucialX8/computing/data/antarctica/ismip6_hackathon/ComputedScalarsHelene/expAE02/shelfmelt/computed_shelfmelt_AIS_UTAS_ElmerIce_expAE02.nc,2017,2016,2019,2017,2300,2016,2300,2300,2016,2021,2300,2300,2016,2300,2300,2019,2019,2019,2015,2017,2300,2019
expAE02,VUB_AISMPALEO,/Volumes/CrucialX8/computing/data/antarctica/ismip6_hackathon/ComputedScalarsHelene/expAE02/shelfmelt/computed_shelfmelt_AIS_VUB_AISMPALEO_expAE02.nc,2016,2016,2016,2016,2281,2016,2015,2019,2300,2029,2295,2026,2021,2017,2300,2018,2017,2016,2015,2016,2016,2017
expAE02,VUW_PISM1,/Volumes/CrucialX8/computing/data/antarctica/ismip6_hackathon/ComputedScalarsHelene/expAE02/shelfmelt/computed_shelfmelt_AIS_VUW_PISM1_expAE02.nc,2083,2094,2083,2300,2059,2056,2065,2300,2051,2237,2057,2105,2219,2248,2300,2048,2048,2135,2065,2065,2063,2134
expAE02,VUW_PISM1_s1,/Volumes/CrucialX8/computing/data/antarctica/ismip6_hackathon/ComputedScalarsHelene/expAE02/shelfmelt/computed_shelfmelt_AIS_VUW_PISM1_s1_expAE02.nc,2091,2094,2077,2104,2059,2055,2300,2300,2050,2250,2056,2082,2097,2237,2300,2047,2048,2139,2065,2065,2061,2137
expAE02,VUW_PISM1_s2,/Volumes/CrucialX8/computing/data/antarctica/ismip6_hackathon/ComputedScalarsHelene/expAE02/shelfmelt/computed_shelfmelt_AIS_VUW_PISM1_s2_expAE02.nc,2083,2094,2098,2300,2060,2056,2072,2300,2051,2254,2057,2141,2097,2300,2068,2048,2049,2133,2066,2066,2063,2134
expAE02,VUW_PISM1_s3,/Volumes/CrucialX8/computing/data/antarctica/ismip6_hackathon/ComputedScalarsHelene/expAE02/shelfmelt/computed_shelfmelt_AIS_VUW_PISM1_s3_expAE02.nc,2090,2094,2075,2099,2061,2055,2300,2300,2049,2251,2056,2294,2096,2289,2300,2048,2049,2133,2066,2067,2062,2132
expAE02,VUW_PISM1_s4,/Volumes/CrucialX8/computing/data/antarctica/ismip6_hackathon/ComputedScalarsHelene/expAE02/shelfmelt/computed_shelfmelt_AIS_VUW_PISM1_s4_expAE02.nc,2082,2093,2081,2300,2059,2056,2071,2300,2050,2232,2057,2269,2095,2245,2072,2048,2048,2135,2066,2066,2063,2136
expAE02,VUW_PISM2,/Volumes/CrucialX8/computing/data/antarctica/ismip6_hackathon/ComputedScalarsHelene/expAE02/shelfmelt/computed_shelfmelt_AIS_VUW_PISM2_expAE02.nc,2101,2094,2068,2085,2064,2056,2300,2300,2056,2218,2057,2227,2172,2300,2300,2049,2047,2128,2067,2068,2064,2134
expAE02,VUW_PISM2_s1,/Volumes/CrucialX8/computing/data/antarctica/ismip6_hackathon/ComputedScalarsHelene/expAE02/shelfmelt/computed_shelfmelt_AIS_VUW_PISM2_s1_expAE02.nc,2099,2094,2056,2101,2064,2056,2300,2300,2045,2238,2057,2114,2200,2269,2300,2049,2047,2133,2066,2068,2062,2133
expAE02,VUW_PISM2_s2,/Volumes/CrucialX8/computing/data/antarctica/ismip6_hackathon/ComputedScalarsHelene/expAE02/shelfmelt/computed_shelfmelt_AIS_VUW_PISM2_s2_expAE02.nc,2092,2094,2073,2090,2064,2056,2300,2300,2058,2300,2057,2233,2190,2300,2300,2049,2047,2129,2067,2069,2063,2135
expAE02,VUW_PISM2_s3,/Volumes/CrucialX8/computing/data/antarctica/ismip6_hackathon/ComputedScalarsHelene/expAE02/shelfmelt/computed_shelfmelt_AIS_VUW_PISM2_s3_expAE02.nc,2093,2094,2064,2087,2065,2055,2300,2300,2048,2221,2057,2300,2195,2300,2300,2049,2048,2129,2067,2069,2062,2133
expAE02,VUW_PISM2_s4,/Volumes/CrucialX8/computing/data/antarctica/ismip6_hackathon/ComputedScalarsHelene/expAE02/shelfmelt/computed_shelfmelt_AIS_VUW_PISM2_s4_expAE02.nc,2096,2094,2067,2092,2064,2056,2300,2300,2053,2226,2057,2087,2180,2288,2300,2049,2047,2115,2067,2068,2063,2129
expAE03,DC_ISSM,/Volumes/CrucialX8/computing/data/antarctica/ismip6_hackathon/ComputedScalarsHelene/expAE03/shelfmelt/computed_shelfmelt_AIS_DC_ISSM_expAE03.nc,2050,2088,2041,2051,2109,2088,2105,2077,2087,2110,2102,2098,2116,2086,2127,2194,2119,2039,2094,2091,2098,2065
expAE03,IGE_ElmerIce,/Volumes/CrucialX8/computing/data/antarctica/ismip6_hackathon/ComputedScalarsHelene/expAE03/shelfmelt/computed_shelfmelt_AIS_IGE_ElmerIce_expAE03.nc,2020,2020,2027,2300,2018,2020,2037,2017,2300,2300,2018,2020,2017,2018,2300,2165,2164,2054,2015,2300,2300,2058
expAE03,ILTS_SICOPOLIS,/Volumes/CrucialX8/computing/data/antarctica/ismip6_hackathon/ComputedScalarsHelene/expAE03/shelfmelt/computed_shelfmelt_AIS_ILTS_SICOPOLIS_expAE03.nc,2039,2081,2042,2300,2126,2087,2115,2134,2096,2098,2098,2142,2126,2122,2109,2186,2150,2039,2100,2099,2099,2167
expAE03,LSCE_GRISLI2,/Volumes/CrucialX8/computing/data/antarctica/ismip6_hackathon/ComputedScalarsHelene/expAE03/shelfmelt/computed_shelfmelt_AIS_LSCE_GRISLI2_expAE03.nc,2021,2019,2019,2026,2017,2019,2036,2018,2300,2018,2017,2037,2023,2018,2286,2019,2083,2047,2015,2019,2300,2047
expAE03,LSCE_GRISLI,/Volumes/CrucialX8/computing/data/antarctica/ismip6_hackathon/ComputedScalarsHelene/expAE03/shelfmelt/computed_shelfmelt_AIS_LSCE_GRISLI_expAE03.nc,2021,2019,2019,2026,2017,2019,2037,2016,2214,2018,2017,2037,2018,2018,2229,2019,2061,2025,2015,2019,2300,2045
expAE03,NCAR_CISM1,/Volumes/CrucialX8/computing/data/antarctica/ismip6_hackathon/ComputedScalarsHelene/expAE03/shelfmelt/computed_shelfmelt_AIS_NCAR_CISM1_expAE03.nc,2027,2019,2019,2022,2017,2019,2037,2019,2300,2018,2017,2300,2300,2018,2300,2024,2083,2228,2015,2028,2300,2263
expAE03,NCAR_CISM2,/Volumes/CrucialX8/computing/data/antarctica/ismip6_hackathon/ComputedScalarsHelene/expAE03/shelfmelt/computed_shelfmelt_AIS_NCAR_CISM2_expAE03.nc,2022,2028,2027,2026,2018,2020,2300,2016,2300,2024,2300,2040,2300,2018,2300,2265,2300,2088,2015,2300,2300,2281
expAE03,NORCE_CISM2-MAR364-ERA-t1,/Volumes/CrucialX8/computing/data/antarctica/ismip6_hackathon/ComputedScalarsHelene/expAE03/shelfmelt/computed_shelfmelt_AIS_NORCE_CISM2-MAR364-ERA-t1_expAE03.nc,2026,2020,2026,2022,2017,2019,2027,2016,2300,2018,2017,2039,2300,2018,2300,2083,2083,2026,2015,2027,2300,2263
expAE03,NORCE_CISM3-MAR364-ERA-t1-local,/Volumes/CrucialX8/computing/data/antarctica/ismip6_hackathon/ComputedScalarsHelene/expAE03/shelfmelt/computed_shelfmelt_AIS_NORCE_CISM3-MAR364-ERA-t1-local_expAE03.nc,2027,2020,2019,2026,2018,2020,2300,2016,2300,2300,2017,2040,2300,2018,2300,2024,2021,2018,2015,2300,2300,2026
expAE03,NORCE_CISM3-MAR364-ERA-t1-nonlocal,/Volumes/CrucialX8/computing/data/antarctica/ismip6_hackathon/ComputedScalarsHelene/expAE03/shelfmelt/computed_shelfmelt_AIS_NORCE_CISM3-MAR364-ERA-t1-nonlocal_expAE03.nc,2028,2019,2019,2025,2018,2019,2300,2016,2300,2300,2017,2040,2282,2018,2300,2024,2021,2026,2015,2300,2300,2026
expAE03,NORCE_CISM3-MAR364-ERA-t1,/Volumes/CrucialX8/computing/data/antarctica/ismip6_hackathon/ComputedScalarsHelene/expAE03/shelfmelt/computed_shelfmelt_AIS_NORCE_CISM3-MAR364-ERA-t1_expAE03.nc,2240,2020,2026,2025,2017,2020,2037,2016,2300,2024,2017,2040,2300,2018,2300,2246,2047,2158,2015,2027,2300,2259
expAE03,NORCE_CISM4-MAR364-ERA-t1-local,/Volumes/CrucialX8/computing/data/antarctica/ismip6_hackathon/ComputedScalarsHelene/expAE03/shelfmelt/computed_shelfmelt_AIS_NORCE_CISM4-MAR364-ERA-t1-local_expAE03.nc,2028,2020,2019,2026,2017,2020,2300,2017,2300,2300,2017,2300,2024,2018,2300,2083,2019,2088,2015,2028,2300,2088
expAE03,NORCE_CISM4-MAR364-ERA-t1-nonlocal,/Volumes/CrucialX8/computing/data/antarctica/ismip6_hackathon/ComputedScalarsHelene/expAE03/shelfmelt/computed_shelfmelt_AIS_NORCE_CISM4-MAR364-ERA-t1-nonlocal_expAE03.nc,2157,2020,2019,2025,2017,2020,2300,2017,2300,2300,2017,2300,2140,2018,2300,2024,2019,2088,2015,2300,2300,2087
expAE03,NORCE_CISM4-MAR364-ERA-t1,/Volumes/CrucialX8/computing/data/antarctica/ismip6_hackathon/ComputedScalarsHelene/expAE03/shelfmelt/computed_shelfmelt_AIS_NORCE_CISM4-MAR364-ERA-t1_expAE03.nc,2165,2020,2026,2025,2018,2020,2300,2016,2300,2300,2017,2300,2240,2018,2300,2259,2019,2210,2015,2300,2300,2262
expAE03,NORCE_CISM4-MAR364-JRA-t1,/Volumes/CrucialX8/computing/data/antarctica/ismip6_hackathon/ComputedScalarsHelene/expAE03/shelfmelt/computed_shelfmelt_AIS_NORCE_CISM4-MAR364-JRA-t1_expAE03.nc,2258,2020,2026,2025,2018,2020,2300,2016,2300,2300,2017,2300,2239,2018,2300,2246,2021,2165,2015,2300,2300,2254
expAE03,NORCE_CISM5-MAR364-ERA-t1-local,/Volumes/CrucialX8/computing/data/antarctica/ismip6_hackathon/ComputedScalarsHelene/expAE03/shelfmelt/computed_shelfmelt_AIS_NORCE_CISM5-MAR364-ERA-t1-local_expAE03.nc,2058,2020,2019,2026,2017,2020,2278,2300,2300,2300,2017,2268,2024,2018,2300,2024,2017,2087,2015,2300,2300,2087
expAE03,NORCE_CISM5-MAR364-ERA-t1-nonlocal,/Volumes/CrucialX8/computing/data/antarctica/ismip6_hackathon/ComputedScalarsHelene/expAE03/shelfmelt/computed_shelfmelt_AIS_NORCE_CISM5-MAR364-ERA-t1-nonlocal_expAE03.nc,2203,2020,2019,2026,2017,2020,2272,2018,2300,2300,2017,2267,2024,2018,2300,2024,2017,2067,2015,2300,2300,2046
expAE03,NORCE_CISM5-MAR364-ERA-t1,/Volumes/CrucialX8/computing/data/antarctica/ismip6_hackathon/ComputedScalarsHelene/expAE03/shelfmelt/computed_shelfmelt_AIS_NORCE_CISM5-MAR364-ERA-t1_expAE03.nc,2300,2020,2026,2026,2018,2020,2278,2018,2300,2300,2018,2284,2227,2018,2300,2235,2017,2194,2015,2300,2300,2088
expAE03,PIK_PISM,/Volumes/CrucialX8/computing/data/antarctica/ismip6_hackathon/ComputedScalarsHelene/expAE03/shelfmelt/computed_shelfmelt_AIS_PIK_PISM_expAE03.nc,2022,2020,2023,2300,2018,2020,2028,2016,2300,2300,2018,2021,2017,2300,2216,2111,2166,2020,2015,2300,2300,2207
expAE03,UCM_Yelmo,/Volumes/CrucialX8/computing/data/antarctica/ismip6_hackathon/ComputedScalarsHelene/expAE03/shelfmelt/computed_shelfmelt_AIS_UCM_Yelmo_expAE03.nc,2016,2020,2027,2018,2017,2019,2037,2017,2020,2024,2017,2039,2023,2018,2278,2018,2017,2018,2015,2019,2300,2018
expAE03,UCSD_ISSM,/Volumes/CrucialX8/computing/data/antarctica/ismip6_hackathon/ComputedScalarsHelene/expAE03/shelfmelt/computed_shelfmelt_AIS_UCSD_ISSM_expAE03.nc,2300,2300,2300,2300,2300,2300,2300,2300,2300,2300,2300,2021,2300,2300,2300,2300,2300,2300,2015,2300,2300,2300
expAE03,ULB_fETISh-KoriBU1,/Volumes/CrucialX8/computing/data/antarctica/ismip6_hackathon/ComputedScalarsHelene/expAE03/shelfmelt/computed_shelfmelt_AIS_ULB_fETISh-KoriBU1_expAE03.nc,2083,2021,2023,2300,2017,2016,2300,2017,2021,2019,2018,2023,2019,2017,2017,2061,2081,2300,2015,2300,2300,2300
expAE03,ULB_fETISh-KoriBU2,/Volumes/CrucialX8/computing/data/antarctica/ismip6_hackathon/ComputedScalarsHelene/expAE03/shelfmelt/computed_shelfmelt_AIS_ULB_fETISh-KoriBU2_expAE03.nc,2044,2089,2042,2033,2114,2091,2114,2093,2099,2122,2098,2138,2113,2112,2125,2175,2162,2041,2102,2100,2102,2106
expAE03,UNN_Ua,/Volumes/CrucialX8/computing/data/antarctica/ismip6_hackathon/ComputedScalarsHelene/expAE03/shelfmelt/computed_shelfmelt_AIS_UNN_Ua_expAE03.nc,2299,2299,2192,2299,2299,2267,2026,2016,2299,2018,2299,2016,2018,2016,2019,2019,2018,2057,2015,2299,2299,2047
expAE03,UTAS_ElmerIce,/Volumes/CrucialX8/computing/data/antarctica/ismip6_hackathon/ComputedScalarsHelene/expAE03/shelfmelt/computed_shelfmelt_AIS_UTAS_ElmerIce_expAE03.nc,2022,2016,2028,2028,2300,2016,2300,2017,2300,2019,2300,2040,2300,2016,2016,2048,2016,2019,2015,2029,2300,2019
expAE03,VUB_AISMPALEO,/Volumes/CrucialX8/computing/data/antarctica/ismip6_hackathon/ComputedScalarsHelene/expAE03/shelfmelt/computed_shelfmelt_AIS_VUB_AISMPALEO_expAE03.nc,2018,2019,2027,2021,2018,2019,2015,2015,2283,2133,2016,2016,2019,2016,2300,2061,2015,2017,2015,2019,2019,2015
expAE03,VUW_PISM1,/Volumes/CrucialX8/computing/data/antarctica/ismip6_hackathon/ComputedScalarsHelene/expAE03/shelfmelt/computed_shelfmelt_AIS_VUW_PISM1_expAE03.nc,2032,2046,2044,2300,2061,2044,2200,2300,2050,2256,2056,2085,2209,2207,2060,2051,2053,2050,2074,2079,2064,2049
expAE03,VUW_PISM1_s1,/Volumes/CrucialX8/computing/data/antarctica/ismip6_hackathon/ComputedScalarsHelene/expAE03/shelfmelt/computed_shelfmelt_AIS_VUW_PISM1_s1_expAE03.nc,2033,2046,2042,2300,2061,2044,2225,2300,2049,2248,2055,2074,2194,2295,2300,2041,2051,2049,2074,2074,2062,2048
expAE03,VUW_PISM1_s2,/Volumes/CrucialX8/computing/data/antarctica/ismip6_hackathon/ComputedScalarsHelene/expAE03/shelfmelt/computed_shelfmelt_AIS_VUW_PISM1_s2_expAE03.nc,2033,2046,2044,2300,2061,2044,2181,2300,2048,2211,2056,2094,2202,2300,2300,2050,2053,2048,2187,2079,2064,2049
expAE03,VUW_PISM1_s3,/Volumes/CrucialX8/computing/data/antarctica/ismip6_hackathon/ComputedScalarsHelene/expAE03/shelfmelt/computed_shelfmelt_AIS_VUW_PISM1_s3_expAE03.nc,2032,2217,2045,2300,2062,2044,2221,2300,2044,2141,2056,2079,2212,2300,2300,2049,2053,2050,2162,2170,2063,2049
expAE03,VUW_PISM1_s4,/Volumes/CrucialX8/computing/data/antarctica/ismip6_hackathon/ComputedScalarsHelene/expAE03/shelfmelt/computed_shelfmelt_AIS_VUW_PISM1_s4_expAE03.nc,2032,2045,2044,2300,2061,2044,2167,2300,2049,2255,2056,2083,2201,2300,2059,2050,2053,2050,2074,2078,2063,2049
expAE03,VUW_PISM2,/Volumes/CrucialX8/computing/data/antarctica/ismip6_hackathon/ComputedScalarsHelene/expAE03/shelfmelt/computed_shelfmelt_AIS_VUW_PISM2_expAE03.nc,2033,2300,2042,2300,2064,2044,2300,2300,2050,2164,2057,2079,2184,2300,2300,2056,2050,2050,2245,2250,2064,2050
expAE03,VUW_PISM2_s1,/Volumes/CrucialX8/computing/data/antarctica/ismip6_hackathon/ComputedScalarsHelene/expAE03/shelfmelt/computed_shelfmelt_AIS_VUW_PISM2_s1_expAE03.nc,2033,2300,2042,2300,2064,2044,2300,2300,2046,2219,2057,2095,2180,2282,2300,2052,2050,2050,2238,2239,2062,2050
expAE03,VUW_PISM2_s2,/Volumes/CrucialX8/computing/data/antarctica/ismip6_hackathon/ComputedScalarsHelene/expAE03/shelfmelt/computed_shelfmelt_AIS_VUW_PISM2_s2_expAE03.nc,2033,2281,2043,2300,2064,2044,2300,2300,2049,2144,2057,2092,2187,2300,2300,2055,2050,2048,2265,2251,2064,2050
expAE03,VUW_PISM2_s3,/Volumes/CrucialX8/computing/data/antarctica/ismip6_hackathon/ComputedScalarsHelene/expAE03/shelfmelt/computed_shelfmelt_AIS_VUW_PISM2_s3_expAE03.nc,2035,2279,2042,2300,2064,2044,2300,2300,2046,2158,2057,2111,2187,2300,2300,2057,2050,2050,2164,2177,2063,2050
expAE03,VUW_PISM2_s4,/Volumes/CrucialX8/computing/data/antarctica/ismip6_hackathon/ComputedScalarsHelene/expAE03/shelfmelt/computed_shelfmelt_AIS_VUW_PISM2_s4_expAE03.nc,2033,2300,2041,2300,2064,2044,2300,2300,2048,2177,2057,2085,2186,2300,2300,2057,2049,2049,2244,2255,2063,2049
expAE04,DC_ISSM,/Volumes/CrucialX8/computing/data/antarctica/ismip6_hackathon/ComputedScalarsHelene/expAE04/shelfmelt/computed_shelfmelt_AIS_DC_ISSM_expAE04.nc,2084,2122,2058,2096,2066,2121,2123,2076,2071,2091,2065,2084,2074,2068,2094,2099,2058,2057,2083,2084,2084,2067
expAE04,IGE_ElmerIce,/Volumes/CrucialX8/computing/data/antarctica/ismip6_hackathon/ComputedScalarsHelene/expAE04/shelfmelt/computed_shelfmelt_AIS_IGE_ElmerIce_expAE04.nc,2165,2300,2222,2300,2016,2032,2021,2300,2019,2300,2016,2300,2017,2300,2300,2016,2090,2108,2015,2300,2300,2095
expAE04,ILTS_SICOPOLIS,/Volumes/CrucialX8/computing/data/antarctica/ismip6_hackathon/ComputedScalarsHelene/expAE04/shelfmelt/computed_shelfmelt_AIS_ILTS_SICOPOLIS_expAE04.nc,2056,2118,2073,2300,2070,2118,2121,2143,2071,2085,2063,2129,2107,2079,2086,2089,2071,2068,2096,2107,2083,2074
expAE04,LSCE_GRISLI2,/Volumes/CrucialX8/computing/data/antarctica/ismip6_hackathon/ComputedScalarsHelene/expAE04/shelfmelt/computed_shelfmelt_AIS_LSCE_GRISLI2_expAE04.nc,2138,2032,2145,2203,2016,2202,2027,2189,2019,2021,2017,2017,2017,2178,2028,2090,2080,2115,2015,2016,2244,2101
expAE04,LSCE_GRISLI,/Volumes/CrucialX8/computing/data/antarctica/ismip6_hackathon/ComputedScalarsHelene/expAE04/shelfmelt/computed_shelfmelt_AIS_LSCE_GRISLI_expAE04.nc,2018,2300,2099,2044,2016,2167,2027,2300,2019,2021,2017,2017,2017,2300,2028,2088,2023,2031,2015,2016,2300,2065
expAE04,NCAR_CISM1,/Volumes/CrucialX8/computing/data/antarctica/ismip6_hackathon/ComputedScalarsHelene/expAE04/shelfmelt/computed_shelfmelt_AIS_NCAR_CISM1_expAE04.nc,2178,2032,2300,2300,2016,2300,2021,2300,2019,2021,2017,2300,2020,2300,2028,2208,2023,2183,2015,2016,2300,2195
expAE04,NCAR_CISM2,/Volumes/CrucialX8/computing/data/antarctica/ismip6_hackathon/ComputedScalarsHelene/expAE04/shelfmelt/computed_shelfmelt_AIS_NCAR_CISM2_expAE04.nc,2018,2300,2300,2300,2017,2300,2027,2300,2019,2300,2300,2300,2020,2300,2300,2183,2018,2157,2015,2300,2300,2206
expAE04,NORCE_CISM2-MAR364-ERA-t1,/Volumes/CrucialX8/computing/data/antarctica/ismip6_hackathon/ComputedScalarsHelene/expAE04/shelfmelt/computed_shelfmelt_AIS_NORCE_CISM2-MAR364-ERA-t1_expAE04.nc,2154,2300,2300,2300,2017,2300,2019,2300,2019,2021,2017,2017,2300,2300,2028,2172,2135,2158,2015,2300,2300,2169
expAE04,NORCE_CISM3-MAR364-ERA-t1-local,/Volumes/CrucialX8/computing/data/antarctica/ismip6_hackathon/ComputedScalarsHelene/expAE04/shelfmelt/computed_shelfmelt_AIS_NORCE_CISM3-MAR364-ERA-t1-local_expAE04.nc,2174,2300,2300,2300,2016,2300,2027,2300,2019,2021,2017,2300,2106,2300,2300,2048,2139,2143,2015,2017,2300,2135
expAE04,NORCE_CISM3-MAR364-ERA-t1-nonlocal,/Volumes/CrucialX8/computing/data/antarctica/ismip6_hackathon/ComputedScalarsHelene/expAE04/shelfmelt/computed_shelfmelt_AIS_NORCE_CISM3-MAR364-ERA-t1-nonlocal_expAE04.nc,2170,2300,2300,2300,2016,2300,2027,2300,2019,2021,2017,2300,2103,2300,2300,2047,2133,2140,2015,2016,2300,2133
expAE04,NORCE_CISM3-MAR364-ERA-t1,/Volumes/CrucialX8/computing/data/antarctica/ismip6_hackathon/ComputedScalarsHelene/expAE04/shelfmelt/computed_shelfmelt_AIS_NORCE_CISM3-MAR364-ERA-t1_expAE04.nc,2175,2300,2300,2300,2016,2300,2027,2300,2019,2021,2017,2272,2114,2300,2300,2120,2133,2133,2015,2300,2300,2133
expAE04,NORCE_CISM4-MAR364-ERA-t1-local,/Volumes/CrucialX8/computing/data/antarctica/ismip6_hackathon/ComputedScalarsHelene/expAE04/shelfmelt/computed_shelfmelt_AIS_NORCE_CISM4-MAR364-ERA-t1-local_expAE04.nc,2115,2300,2199,2300,2016,2276,2300,2300,2019,2021,2017,2188,2075,2300,2300,2116,2125,2115,2015,2017,2300,2124
expAE04,NORCE_CISM4-MAR364-ERA-t1-nonlocal,/Volumes/CrucialX8/computing/data/antarctica/ismip6_hackathon/ComputedScalarsHelene/expAE04/shelfmelt/computed_shelfmelt_AIS_NORCE_CISM4-MAR364-ERA-t1-nonlocal_expAE04.nc,2148,2300,2180,2300,2016,2276,2300,2300,2019,2021,2017,2180,2090,2300,2300,2116,2122,2124,2015,2017,2300,2123
expAE04,NORCE_CISM4-MAR364-ERA-t1,/Volumes/CrucialX8/computing/data/antarctica/ismip6_hackathon/ComputedScalarsHelene/expAE04/shelfmelt/computed_shelfmelt_AIS_NORCE_CISM4-MAR364-ERA-t1_expAE04.nc,2154,2300,2181,2300,2016,2235,2300,2300,2019,2021,2017,2211,2115,2300,2300,2120,2122,2153,2015,2300,2300,2138
expAE04,NORCE_CISM4-MAR364-JRA-t1,/Volumes/CrucialX8/computing/data/antarctica/ismip6_hackathon/ComputedScalarsHelene/expAE04/shelfmelt/computed_shelfmelt_AIS_NORCE_CISM4-MAR364-JRA-t1_expAE04.nc,2154,2300,2181,2300,2016,2244,2300,2300,2019,2021,2017,2205,2117,2300,2300,2116,2133,2154,2015,2300,2300,2138
expAE04,NORCE_CISM5-MAR364-ERA-t1-local,/Volumes/CrucialX8/computing/data/antarctica/ismip6_hackathon/ComputedScalarsHelene/expAE04/shelfmelt/computed_shelfmelt_AIS_NORCE_CISM5-MAR364-ERA-t1-local_expAE04.nc,2115,2300,2209,2300,2016,2244,2180,2300,2019,2021,2017,2159,2094,2200,2300,2105,2052,2114,2015,2300,2300,2105
expAE04,NORCE_CISM5-MAR364-ERA-t1-nonlocal,/Volumes/CrucialX8/computing/data/antarctica/ismip6_hackathon/ComputedScalarsHelene/expAE04/shelfmelt/computed_shelfmelt_AIS_NORCE_CISM5-MAR364-ERA-t1-nonlocal_expAE04.nc,2143,2300,2235,2300,2016,2230,2174,2300,2019,2021,2016,2160,2091,2199,2300,2105,2095,2101,2015,2017,2300,2099
expAE04,NORCE_CISM5-MAR364-ERA-t1,/Volumes/CrucialX8/computing/data/antarctica/ismip6_hackathon/ComputedScalarsHelene/expAE04/shelfmelt/computed_shelfmelt_AIS_NORCE_CISM5-MAR364-ERA-t1_expAE04.nc,2146,2300,2213,2300,2016,2232,2167,2300,2019,2021,2017,2161,2123,2291,2300,2138,2090,2124,2015,2300,2300,2124
expAE04,PIK_PISM,/Volumes/CrucialX8/computing/data/antarctica/ismip6_hackathon/ComputedScalarsHelene/expAE04/shelfmelt/computed_shelfmelt_AIS_PIK_PISM_expAE04.nc,2149,2300,2269,2067,2016,2274,2017,2300,2019,2021,2017,2018,2017,2300,2300,2017,2106,2035,2015,2300,2300,2089
expAE04,UCM_Yelmo,/Volumes/CrucialX8/computing/data/antarctica/ismip6_hackathon/ComputedScalarsHelene/expAE04/shelfmelt/computed_shelfmelt_AIS_UCM_Yelmo_expAE04.nc,2018,2300,2148,2117,2016,2197,2021,2165,2019,2021,2016,2016,2017,2157,2028,2146,2052,2060,2015,2300,2235,2088
expAE04,UCSD_ISSM,/Volumes/CrucialX8/computing/data/antarctica/ismip6_hackathon/ComputedScalarsHelene/expAE04/shelfmelt/computed_shelfmelt_AIS_UCSD_ISSM_expAE04.nc,2300,2300,2300,2300,2300,2300,2300,2300,2300,2300,2300,2017,2017,2300,2300,2017,2300,2300,2015,2300,2300,2300
expAE04,ULB_fETISh-KoriBU1,/Volumes/CrucialX8/computing/data/antarctica/ismip6_hackathon/ComputedScalarsHelene/expAE04/shelfmelt/computed_shelfmelt_AIS_ULB_fETISh-KoriBU1_expAE04.nc,2272,2017,2300,2300,2300,2015,2028,2300,2020,2198,2300,2017,2021,2017,2029,2049,2047,2300,2015,2300,2300,2082
expAE04,ULB_fETISh-KoriBU2,/Volumes/CrucialX8/computing/data/antarctica/ismip6_hackathon/ComputedScalarsHelene/expAE04/shelfmelt/computed_shelfmelt_AIS_ULB_fETISh-KoriBU2_expAE04.nc,2080,2119,2072,2114,2072,2121,2132,2099,2082,2106,2063,2120,2074,2078,2095,2080,2075,2063,2086,2088,2086,2072
expAE04,UNN_Ua,/Volumes/CrucialX8/computing/data/antarctica/ismip6_hackathon/ComputedScalarsHelene/expAE04/shelfmelt/computed_shelfmelt_AIS_UNN_Ua_expAE04.nc,2203,2016,2213,2299,2299,2016,2027,2299,2299,2299,2299,2017,2020,2016,2028,2143,2138,2060,2015,2299,2299,2141
expAE04,UTAS_ElmerIce,/Volumes/CrucialX8/computing/data/antarctica/ismip6_hackathon/ComputedScalarsHelene/expAE04/shelfmelt/computed_shelfmelt_AIS_UTAS_ElmerIce_expAE04.nc,2300,2017,2278,2300,2018,2016,2028,2300,2020,2300,2300,2018,2022,2016,2300,2202,2140,2202,2015,2300,2300,2193
expAE04,VUB_AISMPALEO,/Volumes/CrucialX8/computing/data/antarctica/ismip6_hackathon/ComputedScalarsHelene/expAE04/shelfmelt/computed_shelfmelt_AIS_VUB_AISMPALEO_expAE04.nc,2018,2015,2018,2102,2016,2015,2017,2015,2019,2020,2017,2026,2017,2017,2187,2017,2017,2091,2015,2016,2260,2017
expAE04,VUW_PISM1,/Volumes/CrucialX8/computing/data/antarctica/ismip6_hackathon/ComputedScalarsHelene/expAE04/shelfmelt/computed_shelfmelt_AIS_VUW_PISM1_expAE04.nc,2073,2097,2080,2105,2030,2067,2065,2300,2054,2172,2028,2179,2167,2210,2064,2029,2032,2120,2041,2040,2042,2123
expAE04,VUW_PISM1_s1,/Volumes/CrucialX8/computing/data/antarctica/ismip6_hackathon/ComputedScalarsHelene/expAE04/shelfmelt/computed_shelfmelt_AIS_VUW_PISM1_s1_expAE04.nc,2072,2096,2081,2300,2030,2066,2077,2300,2053,2225,2028,2112,2166,2172,2064,2028,2031,2122,2041,2040,2041,2124
expAE04,VUW_PISM1_s2,/Volumes/CrucialX8/computing/data/antarctica/ismip6_hackathon/ComputedScalarsHelene/expAE04/shelfmelt/computed_shelfmelt_AIS_VUW_PISM1_s2_expAE04.nc,2074,2097,2094,2300,2030,2067,2064,2300,2057,2261,2028,2147,2171,2201,2064,2029,2032,2120,2041,2040,2042,2118
expAE04,VUW_PISM1_s3,/Volumes/CrucialX8/computing/data/antarctica/ismip6_hackathon/ComputedScalarsHelene/expAE04/shelfmelt/computed_shelfmelt_AIS_VUW_PISM1_s3_expAE04.nc,2072,2098,2073,2300,2031,2067,2075,2300,2054,2171,2028,2300,2183,2199,2070,2029,2032,2122,2042,2041,2042,2123
expAE04,VUW_PISM1_s4,/Volumes/CrucialX8/computing/data/antarctica/ismip6_hackathon/ComputedScalarsHelene/expAE04/shelfmelt/computed_shelfmelt_AIS_VUW_PISM1_s4_expAE04.nc,2074,2096,2075,2300,2030,2066,2065,2300,2055,2173,2028,2149,2163,2206,2064,2028,2032,2120,2041,2040,2042,2123
expAE04,VUW_PISM2,/Volumes/CrucialX8/computing/data/antarctica/ismip6_hackathon/ComputedScalarsHelene/expAE04/shelfmelt/computed_shelfmelt_AIS_VUW_PISM2_expAE04.nc,2091,2099,2062,2109,2034,2066,2081,2300,2055,2164,2029,2126,2155,2300,2300,2031,2031,2118,2043,2042,2042,2118
expAE04,VUW_PISM2_s1,/Volumes/CrucialX8/computing/data/antarctica/ismip6_hackathon/ComputedScalarsHelene/expAE04/shelfmelt/computed_shelfmelt_AIS_VUW_PISM2_s1_expAE04.nc,2087,2098,2064,2300,2034,2067,2082,2300,2056,2164,2029,2127,2064,2300,2300,2031,2030,2120,2043,2042,2042,2120
expAE04,VUW_PISM2_s2,/Volumes/CrucialX8/computing/data/antarctica/ismip6_hackathon/ComputedScalarsHelene/expAE04/shelfmelt/computed_shelfmelt_AIS_VUW_PISM2_s2_expAE04.nc,2082,2100,2071,2300,2034,2066,2067,2300,2058,2187,2029,2133,2064,2300,2300,2030,2031,2118,2043,2042,2042,2118
expAE04,VUW_PISM2_s3,/Volumes/CrucialX8/computing/data/antarctica/ismip6_hackathon/ComputedScalarsHelene/expAE04/shelfmelt/computed_shelfmelt_AIS_VUW_PISM2_s3_expAE04.nc,2081,2099,2072,2144,2034,2066,2087,2300,2053,2160,2029,2131,2146,2300,2300,2032,2031,2117,2043,2044,2041,2120
expAE04,VUW_PISM2_s4,/Volumes/CrucialX8/computing/data/antarctica/ismip6_hackathon/ComputedScalarsHelene/expAE04/shelfmelt/computed_shelfmelt_AIS_VUW_PISM2_s4_expAE04.nc,2084,2099,2067,2108,2034,2066,2083,2300,2053,2173,2029,2131,2146,2300,2064,2030,2031,2118,2043,2042,2042,2118
expAE05,DC_ISSM,/Volumes/CrucialX8/computing/data/antarctica/ismip6_hackathon/ComputedScalarsHelene/expAE05/shelfmelt/computed_shelfmelt_AIS_DC_ISSM_expAE05.nc,2074,2098,2039,2075,2134,2101,2121,2105,2101,2138,2125,2077,2112,2085,2133,2159,2107,2070,2111,2106,2115,2121
expAE05,IGE_ElmerIce,/Volumes/CrucialX8/computing/data/antarctica/ismip6_hackathon/ComputedScalarsHelene/expAE05/shelfmelt/computed_shelfmelt_AIS_IGE_ElmerIce_expAE05.nc,2182,2300,2278,2300,2061,2300,2019,2018,2036,2033,2300,2044,2016,2018,2018,2019,2019,2088,2015,2300,2020,2087
expAE05,ILTS_SICOPOLIS,/Volumes/CrucialX8/computing/data/antarctica/ismip6_hackathon/ComputedScalarsHelene/expAE05/shelfmelt/computed_shelfmelt_AIS_ILTS_SICOPOLIS_expAE05.nc,2062,2089,2043,2300,2147,2099,2123,2148,2108,2134,2122,2132,2160,2125,2124,2146,2153,2300,2114,2110,2116,2167
expAE05,LSCE_GRISLI2,/Volumes/CrucialX8/computing/data/antarctica/ismip6_hackathon/ComputedScalarsHelene/expAE05/shelfmelt/computed_shelfmelt_AIS_LSCE_GRISLI2_expAE05.nc,2121,2300,2104,2244,2059,2150,2019,2019,2020,2017,2038,2038,2017,2016,2018,2019,2038,2088,2015,2300,2020,2088
expAE05,LSCE_GRISLI,/Volumes/CrucialX8/computing/data/antarctica/ismip6_hackathon/ComputedScalarsHelene/expAE05/shelfmelt/computed_shelfmelt_AIS_LSCE_GRISLI_expAE05.nc,2120,2300,2058,2300,2038,2124,2019,2017,2018,2017,2038,2019,2017,2016,2018,2019,2035,2020,2015,2300,2019,2020
expAE05,NCAR_CISM1,/Volumes/CrucialX8/computing/data/antarctica/ismip6_hackathon/ComputedScalarsHelene/expAE05/shelfmelt/computed_shelfmelt_AIS_NCAR_CISM1_expAE05.nc,2190,2300,2300,2019,2038,2300,2020,2300,2300,2017,2038,2300,2017,2016,2018,2019,2019,2041,2015,2300,2300,2041
expAE05,NCAR_CISM2,/Volumes/CrucialX8/computing/data/antarctica/ismip6_hackathon/ComputedScalarsHelene/expAE05/shelfmelt/computed_shelfmelt_AIS_NCAR_CISM2_expAE05.nc,2300,2300,2279,2300,2059,2300,2300,2017,2300,2017,2059,2300,2016,2018,2018,2291,2020,2088,2015,2300,2300,2088
expAE05,NORCE_CISM2-MAR364-ERA-t1,/Volumes/CrucialX8/computing/data/antarctica/ismip6_hackathon/ComputedScalarsHelene/expAE05/shelfmelt/computed_shelfmelt_AIS_NORCE_CISM2-MAR364-ERA-t1_expAE05.nc,2156,2300,2300,2019,2059,2300,2020,2017,2020,2017,2059,2300,2017,2016,2018,2218,2019,2042,2015,2300,2020,2281
expAE05,NORCE_CISM3-MAR364-ERA-t1-local,/Volumes/CrucialX8/computing/data/antarctica/ismip6_hackathon/ComputedScalarsHelene/expAE05/shelfmelt/computed_shelfmelt_AIS_NORCE_CISM3-MAR364-ERA-t1-local_expAE05.nc,2300,2300,2300,2300,2059,2300,2020,2017,2020,2017,2059,2300,2023,2016,2018,2035,2122,2300,2015,2300,2300,2276
expAE05,NORCE_CISM3-MAR364-ERA-t1-nonlocal,/Volumes/CrucialX8/computing/data/antarctica/ismip6_hackathon/ComputedScalarsHelene/expAE05/shelfmelt/computed_shelfmelt_AIS_NORCE_CISM3-MAR364-ERA-t1-nonlocal_expAE05.nc,2197,2300,2300,2019,2059,2300,2020,2017,2018,2017,2059,2300,2023,2016,2018,2035,2020,2021,2015,2300,2300,2041
expAE05,NORCE_CISM3-MAR364-ERA-t1,/Volumes/CrucialX8/computing/data/antarctica/ismip6_hackathon/ComputedScalarsHelene/expAE05/shelfmelt/computed_shelfmelt_AIS_NORCE_CISM3-MAR364-ERA-t1_expAE05.nc,2172,2300,2300,2019,2059,2300,2020,2017,2300,2017,2059,2300,2023,2016,2018,2205,2205,2042,2015,2300,2300,2259
expAE05,NORCE_CISM4-MAR364-ERA-t1-local,/Volumes/CrucialX8/computing/data/antarctica/ismip6_hackathon/ComputedScalarsHelene/expAE05/shelfmelt/computed_shelfmelt_AIS_NORCE_CISM4-MAR364-ERA-t1-local_expAE05.nc,2131,2300,2264,2300,2059,2276,2300,2019,2300,2017,2045,2289,2023,2021,2018,2038,2102,2042,2015,2300,2300,2213
expAE05,NORCE_CISM4-MAR364-ERA-t1-nonlocal,/Volumes/CrucialX8/computing/data/antarctica/ismip6_hackathon/ComputedScalarsHelene/expAE05/shelfmelt/computed_shelfmelt_AIS_NORCE_CISM4-MAR364-ERA-t1-nonlocal_expAE05.nc,2131,2300,2232,2300,2059,2198,2300,2019,2267,2017,2038,2236,2023,2018,2018,2038,2019,2142,2015,2300,2300,2217
expAE05,NORCE_CISM4-MAR364-ERA-t1,/Volumes/CrucialX8/computing/data/antarctica/ismip6_hackathon/ComputedScalarsHelene/expAE05/shelfmelt/computed_shelfmelt_AIS_NORCE_CISM4-MAR364-ERA-t1_expAE05.nc,2145,2300,2246,2300,2059,2218,2300,2017,2300,2017,2059,2286,2042,2018,2018,2197,2106,2042,2015,2300,2300,2215
expAE05,NORCE_CISM4-MAR364-JRA-t1,/Volumes/CrucialX8/computing/data/antarctica/ismip6_hackathon/ComputedScalarsHelene/expAE05/shelfmelt/computed_shelfmelt_AIS_NORCE_CISM4-MAR364-JRA-t1_expAE05.nc,2142,2300,2245,2300,2059,2300,2300,2017,2300,2017,2059,2286,2042,2018,2018,2197,2122,2236,2015,2300,2300,2217
expAE05,NORCE_CISM5-MAR364-ERA-t1-local,/Volumes/CrucialX8/computing/data/antarctica/ismip6_hackathon/ComputedScalarsHelene/expAE05/shelfmelt/computed_shelfmelt_AIS_NORCE_CISM5-MAR364-ERA-t1-local_expAE05.nc,2300,2099,2054,2089,2132,2107,2300,2186,2092,2133,2123,2142,2148,2155,2110,2156,2104,2300,2116,2111,2117,2155
expAE05,NORCE_CISM5-MAR364-ERA-t1-nonlocal,/Volumes/CrucialX8/computing/data/antarctica/ismip6_hackathon/ComputedScalarsHelene/expAE05/shelfmelt/computed_shelfmelt_AIS_NORCE_CISM5-MAR364-ERA-t1-nonlocal_expAE05.nc,2121,2300,2218,2300,2059,2185,2161,2300,2039,2017,2059,2175,2017,2018,2018,2038,2022,2122,2015,2300,2300,2186
expAE05,NORCE_CISM5-MAR364-ERA-t1,/Volumes/CrucialX8/computing/data/antarctica/ismip6_hackathon/ComputedScalarsHelene/expAE05/shelfmelt/computed_shelfmelt_AIS_NORCE_CISM5-MAR364-ERA-t1_expAE05.nc,2127,2300,2300,2300,2059,2300,2164,2019,2267,2017,2059,2180,2087,2300,2018,2176,2192,2174,2015,2300,2300,2194
expAE05,PIK_PISM,/Volumes/CrucialX8/computing/data/antarctica/ismip6_hackathon/ComputedScalarsHelene/expAE05/shelfmelt/computed_shelfmelt_AIS_PIK_PISM_expAE05.nc,2143,2300,2295,2300,2016,2220,2020,2027,2017,2017,2037,2020,2016,2018,2017,2018,2019,2092,2015,2300,2018,2036
expAE05,UCM_Yelmo,/Volumes/CrucialX8/computing/data/antarctica/ismip6_hackathon/ComputedScalarsHelene/expAE05/shelfmelt/computed_shelfmelt_AIS_UCM_Yelmo_expAE05.nc,2103,2300,2124,2131,2059,2152,2018,2018,2018,2017,2059,2300,2016,2016,2018,2018,2022,2021,2015,2300,2018,2042
expAE05,UCSD_ISSM,/Volumes/CrucialX8/computing/data/antarctica/ismip6_hackathon/ComputedScalarsHelene/expAE05/shelfmelt/computed_shelfmelt_AIS_UCSD_ISSM_expAE05.nc,2300,2300,2300,2300,2300,2300,2300,2300,2300,2033,2300,2018,2017,2300,2300,2070,2300,2300,2015,2300,2300,2300
expAE05,ULB_fETISh-KoriBU1,/Volumes/CrucialX8/computing/data/antarctica/ismip6_hackathon/ComputedScalarsHelene/expAE05/shelfmelt/computed_shelfmelt_AIS_ULB_fETISh-KoriBU1_expAE05.nc,2277,2016,2286,2300,2039,2015,2022,2018,2021,2018,2060,2031,2017,2017,2018,2071,2088,2300,2015,2300,2021,2267
expAE05,ULB_fETISh-KoriBU2,/Volumes/CrucialX8/computing/data/antarctica/ismip6_hackathon/ComputedScalarsHelene/expAE05/shelfmelt/computed_shelfmelt_AIS_ULB_fETISh-KoriBU2_expAE05.nc,2067,2102,2041,2093,2139,2104,2119,2133,2109,2143,2124,2124,2055,2116,2141,2144,2149,2088,2121,2116,2121,2161
expAE05,UNN_Ua,/Volumes/CrucialX8/computing/data/antarctica/ismip6_hackathon/ComputedScalarsHelene/expAE05/shelfmelt/computed_shelfmelt_AIS_UNN_Ua_expAE05.nc,2021,2300,2274,2019,2017,2197,2300,2016,2300,2034,2017,2043,2020,2020,2018,2018,2018,2021,2015,2300,2020,2018
expAE05,UTAS_ElmerIce,/Volumes/CrucialX8/computing/data/antarctica/ismip6_hackathon/ComputedScalarsHelene/expAE05/shelfmelt/computed_shelfmelt_AIS_UTAS_ElmerIce_expAE05.nc,2300,2300,2230,2300,2037,2300,2300,2019,2300,2035,2028,2044,2017,2300,2025,2016,2016,2089,2015,2300,2300,2089
expAE05,VUB_AISMPALEO,/Volumes/CrucialX8/computing/data/antarctica/ismip6_hackathon/ComputedScalarsHelene/expAE05/shelfmelt/computed_shelfmelt_AIS_VUB_AISMPALEO_expAE05.nc,2015,2168,2020,2015,2038,2166,2016,2016,2262,2017,2038,2027,2016,2016,2219,2020,2015,2021,2015,2246,2257,2015
expAE05,VUW_PISM1,/Volumes/CrucialX8/computing/data/antarctica/ismip6_hackathon/ComputedScalarsHelene/expAE05/shelfmelt/computed_shelfmelt_AIS_VUW_PISM1_expAE05.nc,2057,2289,2049,2300,2105,2097,2057,2129,2063,2224,2102,2127,2231,2101,2300,2115,2110,2108,2112,2112,2112,2109
expAE05,VUW_PISM1_s1,/Volumes/CrucialX8/computing/data/antarctica/ismip6_hackathon/ComputedScalarsHelene/expAE05/shelfmelt/computed_shelfmelt_AIS_VUW_PISM1_s1_expAE05.nc,2064,2261,2049,2300,2104,2097,2151,2300,2064,2259,2102,2124,2213,2105,2300,2109,2116,2108,2112,2112,2112,2110
expAE05,VUW_PISM1_s2,/Volumes/CrucialX8/computing/data/antarctica/ismip6_hackathon/ComputedScalarsHelene/expAE05/shelfmelt/computed_shelfmelt_AIS_VUW_PISM1_s2_expAE05.nc,2060,2278,2049,2300,2105,2097,2153,2300,2062,2204,2102,2127,2215,2265,2300,2115,2097,2106,2112,2112,2113,2109
expAE05,VUW_PISM1_s3,/Volumes/CrucialX8/computing/data/antarctica/ismip6_hackathon/ComputedScalarsHelene/expAE05/shelfmelt/computed_shelfmelt_AIS_VUW_PISM1_s3_expAE05.nc,2062,2204,2050,2300,2105,2097,2059,2130,2064,2254,2102,2300,2225,2104,2300,2109,2102,2108,2113,2113,2112,2103
expAE05,VUW_PISM1_s4,/Volumes/CrucialX8/computing/data/antarctica/ismip6_hackathon/ComputedScalarsHelene/expAE05/shelfmelt/computed_shelfmelt_AIS_VUW_PISM1_s4_expAE05.nc,2061,2282,2076,2300,2105,2097,2057,2132,2063,2221,2102,2128,2223,2185,2098,2115,2109,2109,2112,2112,2113,2109
expAE05,VUW_PISM2,/Volumes/CrucialX8/computing/data/antarctica/ismip6_hackathon/ComputedScalarsHelene/expAE05/shelfmelt/computed_shelfmelt_AIS_VUW_PISM2_expAE05.nc,2068,2264,2044,2300,2106,2098,2300,2300,2062,2224,2102,2120,2208,2300,2300,2116,2113,2100,2114,2188,2113,2110
expAE05,VUW_PISM2_s1,/Volumes/CrucialX8/computing/data/antarctica/ismip6_hackathon/ComputedScalarsHelene/expAE05/shelfmelt/computed_shelfmelt_AIS_VUW_PISM2_s1_expAE05.nc,2059,2300,2045,2114,2107,2098,2300,2300,2063,2216,2102,2125,2204,2147,2300,2116,2115,2105,2113,2184,2112,2111
expAE05,VUW_PISM2_s2,/Volumes/CrucialX8/computing/data/antarctica/ismip6_hackathon/ComputedScalarsHelene/expAE05/shelfmelt/computed_shelfmelt_AIS_VUW_PISM2_s2_expAE05.nc,2065,2274,2045,2300,2106,2098,2300,2300,2062,2204,2102,2143,2217,2281,2300,2117,2115,2099,2113,2189,2113,2111
expAE05,VUW_PISM2_s3,/Volumes/CrucialX8/computing/data/antarctica/ismip6_hackathon/ComputedScalarsHelene/expAE05/shelfmelt/computed_shelfmelt_AIS_VUW_PISM2_s3_expAE05.nc,2069,2258,2044,2300,2107,2098,2061,2300,2063,2214,2102,2300,2209,2300,2300,2116,2115,2102,2114,2184,2113,2110
expAE05,VUW_PISM2_s4,/Volumes/CrucialX8/computing/data/antarctica/ismip6_hackathon/ComputedScalarsHelene/expAE05/shelfmelt/computed_shelfmelt_AIS_VUW_PISM2_s4_expAE05.nc,2068,2267,2044,2300,2106,2098,2300,2300,2064,2213,2102,2124,2204,2290,2300,2116,2113,2102,2114,2186,2113,2109
